gene,annotation_status,go_terms,pathways,annotation_url,go_synaptic,go_rna_processing,go_neuroinflammation,go_neuronal,go_count,pathway_count,prior_go_terms,prior_pathways,manual_ad_evidence_level,manual_human_ad_evidence,manual_mechanistic_evidence,manual_synaptic_evidence,manual_tau_evidence,manual_amyloid_evidence,manual_neuroinflammation_evidence,manual_pmid,manual_literature_note,manual_ad_evidence_level_encoded,manual_human_ad_evidence_encoded,manual_mechanistic_evidence_encoded,manual_synaptic_evidence_encoded,manual_tau_evidence_encoded,manual_amyloid_evidence_encoded,manual_neuroinflammation_evidence_encoded,manual_review_status,automated_pubmed_total_hits,automated_papers_reviewed_auto,automated_auto_evidence_level,automated_human_hits,automated_mechanistic_hits,automated_synaptic_hits,automated_tau_hits,automated_amyloid_hits,automated_neuroinflammation_hits,automated_pmids_auto
VGF,queried,Golgi apparatus; cytoplasmic vesicle; endoplasmic reticulum lumen; extracellular region; neuropeptide hormone activity; regulation of neuronal synaptic plasticity; response to cAMP; signal transduction; synapse; synaptic signaling via neuropeptide; transport vesicle,reactome: Metabolism of proteins; reactome: NGF-stimulated transcription; reactome: Nuclear Events (kinase and transcription factor activation); reactome: Post-translational protein modification; reactome: Post-translational protein phosphorylation; reactome: Regulation of Insulin-like Growth Factor (IGF) transport and uptake by Insulin-like Growth Factor Binding Proteins (IGFBPs); reactome: Signal Transduction; reactome: Signaling by NTRK1 (TRKA); reactome: Signaling by NTRKs; reactome: Signaling by Receptor Tyrosine Kinases,https://mygene.info/v3/query?q=ensembl.gene%3AENSG00000128564&species=human&fields=symbol%2Ctaxid%2Censembl.gene%2Cgo%2Cpathway&size=10,1,0,0,1,11,10,Golgi apparatus; cytoplasmic vesicle; endoplasmic reticulum lumen; extracellular region; neuropeptide hormone activity; regulation of neuronal synaptic plasticity; response to cAMP; signal transduction; synapse; synaptic signaling via neuropeptide; transport vesicle,reactome: Metabolism of proteins; reactome: NGF-stimulated transcription; reactome: Nuclear Events (kinase and transcription factor activation); reactome: Post-translational protein modification; reactome: Post-translational protein phosphorylation; reactome: Regulation of Insulin-like Growth Factor (IGF) transport and uptake by Insulin-like Growth Factor Binding Proteins (IGFBPs); reactome: Signal Transduction; reactome: Signaling by NTRK1 (TRKA); reactome: Signaling by NTRKs; reactome: Signaling by Receptor Tyrosine Kinases,strong,yes,yes,yes,unclear,yes,unclear,40095667,Human CSF VGF levels are associated with Alzheimer disease onset and progression; VGF is also implicated in AD-related molecular networks.,3.0,1.0,1.0,1.0,,1.0,,reviewed,81.0,10.0,strong_candidate,10.0,7.0,5.0,4.0,5.0,1.0,41186756;40660303;40823340;40334744;40945027;40082954;36912488;41279079;37177846;30349450
RPH3A,queried,"calcium ion binding; calcium-dependent activation of synaptic vesicle fusion; calcium-dependent phospholipid binding; dendritic spine; extrinsic component of membrane; extrinsic component of synaptic vesicle membrane; inositol 1,4,5 trisphosphate binding; intracellular protein transport; membrane; neuron projection; phosphate ion binding; phosphatidylinositol phosphate binding; phosphatidylinositol-4,5-bisphosphate binding; positive regulation of calcium ion-dependent exocytosis; postsynaptic membrane; protein binding; protein-containing complex; protein-containing complex binding; secretory granule; selenium binding; small GTPase binding; synapse; synaptic vesicle; synaptic vesicle membrane; synaptic vesicle priming; zinc ion binding",wikipathways: Deregulation of Rab and Rab Effector Genes in Bladder Cancer; wikipathways: Disruption of postsynaptic signaling by CNV,https://mygene.info/v3/query?q=ensembl.gene%3AENSG00000089169&species=human&fields=symbol%2Ctaxid%2Censembl.gene%2Cgo%2Cpathway&size=10,1,0,0,1,26,2,"calcium ion binding; calcium-dependent activation of synaptic vesicle fusion; calcium-dependent phospholipid binding; dendritic spine; extrinsic component of membrane; extrinsic component of synaptic vesicle membrane; inositol 1,4,5 trisphosphate binding; intracellular protein transport; membrane; neuron projection; phosphate ion binding; phosphatidylinositol phosphate binding; phosphatidylinositol-4,5-bisphosphate binding; positive regulation of calcium ion-dependent exocytosis; postsynaptic membrane; protein binding; protein-containing complex; protein-containing complex binding; secretory granule; selenium binding; small GTPase binding; synapse; synaptic vesicle; synaptic vesicle membrane; synaptic vesicle priming; zinc ion binding",wikipathways: Deregulation of Rab and Rab Effector Genes in Bladder Cancer; wikipathways: Disruption of postsynaptic signaling by CNV,strong,yes,yes,yes,limited,yes,unclear,24200817,RPH3A is reduced in postmortem AD neocortex and correlates with dementia severity and amyloid burden; Aβ exposure also reduces RPH3A in cultured neurons.,3.0,1.0,1.0,1.0,1.0,1.0,,reviewed,7.0,7.0,moderate_candidate,5.0,5.0,4.0,1.0,2.0,2.0,41509242;39134564;39872979;38394722;32609320;24200817;42753521
NEUROD6,queried,"DNA-binding transcription activator activity, RNA polymerase II-specific; DNA-binding transcription factor activity, RNA polymerase II-specific; E-box binding; RNA polymerase II cis-regulatory region sequence-specific DNA binding; axon development; chromatin; nervous system development; nucleus; positive regulation of transcription by RNA polymerase II; protein dimerization activity; regulation of DNA-templated transcription; sensory organ development",,https://mygene.info/v3/query?q=ensembl.gene%3AENSG00000164600&species=human&fields=symbol%2Ctaxid%2Censembl.gene%2Cgo%2Cpathway&size=10,0,0,0,1,12,0,"DNA-binding transcription activator activity, RNA polymerase II-specific; DNA-binding transcription factor activity, RNA polymerase II-specific; E-box binding; RNA polymerase II cis-regulatory region sequence-specific DNA binding; axon development; chromatin; nervous system development; nucleus; positive regulation of transcription by RNA polymerase II; protein dimerization activity; regulation of DNA-templated transcription; sensory organ development",,strong,yes,limited,yes,unclear,unclear,unclear,25548427,NEUROD6 was consistently downregulated in Alzheimer brain RNA-seq datasets from independent cohorts.,3.0,1.0,1.0,1.0,,,,reviewed,6.0,6.0,moderate_candidate,3.0,2.0,2.0,0.0,0.0,1.0,39215110;26202100;26433351;26395074;25548427;20517466
FKBP5,queried,FK506 binding; cytoplasm; cytosol; extracellular exosome; heat shock protein binding; membrane; negative regulation of phosphatidylinositol 3-kinase/protein kinase B signal transduction; nucleus; peptidyl-prolyl cis-trans isomerase activity; protein binding; protein folding; protein-macromolecule adaptor activity,kegg: Estrogen signaling pathway - Homo sapiens (human); netpath: TNFalpha; pid: Glucocorticoid receptor regulatory network; reactome: Cellular responses to stimuli; reactome: Cellular responses to stress; reactome: Cytokine Signaling in Immune system; reactome: ESR-mediated signaling; reactome: Gene expression (Transcription); reactome: Generic Transcription Pathway; reactome: HSP90 chaperone cycle for steroid hormone receptors (SHR) in the presence of ligand; reactome: Immune System; reactome: Interferon Signaling; reactome: MECP2 regulates neuronal receptors and channels; reactome: Modulation of host responses by IFN-stimulated genes; reactome: RNA Polymerase II Transcription; reactome: Signal Transduction; reactome: Signaling by Nuclear Receptors; reactome: Transcriptional Regulation by MECP2; wikipathways: Farnesoid X receptor pathway; wikipathways: MECP2 and Associated Rett Syndrome; wikipathways: Nuclear Receptors Meta-Pathway,https://mygene.info/v3/query?q=ensembl.gene%3AENSG00000096060&species=human&fields=symbol%2Ctaxid%2Censembl.gene%2Cgo%2Cpathway&size=10,0,0,0,0,12,21,FK506 binding; cytoplasm; cytosol; extracellular exosome; heat shock protein binding; membrane; negative regulation of phosphatidylinositol 3-kinase/protein kinase B signal transduction; nucleus; peptidyl-prolyl cis-trans isomerase activity; protein binding; protein folding; protein-macromolecule adaptor activity,kegg: Estrogen signaling pathway - Homo sapiens (human); netpath: TNFalpha; pid: Glucocorticoid receptor regulatory network; reactome: Cellular responses to stimuli; reactome: Cellular responses to stress; reactome: Cytokine Signaling in Immune system; reactome: ESR-mediated signaling; reactome: Gene expression (Transcription); reactome: Generic Transcription Pathway; reactome: HSP90 chaperone cycle for steroid hormone receptors (SHR) in the presence of ligand; reactome: Immune System; reactome: Interferon Signaling; reactome: MECP2 regulates neuronal receptors and channels; reactome: Modulation of host responses by IFN-stimulated genes; reactome: RNA Polymerase II Transcription; reactome: Signal Transduction; reactome: Signaling by Nuclear Receptors; reactome: Transcriptional Regulation by MECP2; wikipathways: Farnesoid X receptor pathway; wikipathways: MECP2 and Associated Rett Syndrome; wikipathways: Nuclear Receptors Meta-Pathway,strong,yes,yes,limited,yes,limited,unclear,23999428,"FKBP51, encoded by FKBP5, stabilizes tau through Hsp90-related mechanisms; levels increase with age and Alzheimer disease progression.",3.0,1.0,1.0,1.0,1.0,1.0,,reviewed,26.0,10.0,strong_candidate,7.0,10.0,4.0,2.0,2.0,6.0,38934263;38528004;41368712;30898012;41519279;34024231;41490158;39465382;37066393;35292372
PPEF1,queried,calcium ion binding; cytosol; detection of stimulus involved in sensory perception; hydrolase activity; iron ion binding; manganese ion binding; negative regulation of intrinsic apoptotic signaling pathway by p53 class mediator; nucleus; phosphoprotein phosphatase activity; positive regulation of proteasomal protein catabolic process; protein binding; protein serine/threonine phosphatase activity,"reactome: Inactivation, recovery and regulation of the phototransduction cascade; reactome: Sensory Perception; reactome: The phototransduction cascade; reactome: Visual phototransduction",https://mygene.info/v3/query?q=ensembl.gene%3AENSG00000086717&species=human&fields=symbol%2Ctaxid%2Censembl.gene%2Cgo%2Cpathway&size=10,0,0,0,0,12,4,calcium ion binding; cytosol; detection of stimulus involved in sensory perception; hydrolase activity; iron ion binding; manganese ion binding; negative regulation of intrinsic apoptotic signaling pathway by p53 class mediator; nucleus; phosphoprotein phosphatase activity; positive regulation of proteasomal protein catabolic process; protein binding; protein serine/threonine phosphatase activity,"reactome: Inactivation, recovery and regulation of the phototransduction cascade; reactome: Sensory Perception; reactome: The phototransduction cascade; reactome: Visual phototransduction",moderate,yes,limited,limited,unclear,unclear,limited,26202100;39215110,"PPEF1 has been repeatedly implicated in transcriptomic and bioinformatic analyses of late-onset Alzheimer disease, including large meta-analysis work.",2.0,1.0,1.0,1.0,,,1.0,reviewed,4.0,4.0,moderate_candidate,1.0,2.0,0.0,0.0,0.0,1.0,39215110;41500484;31816601;26202100
CRH,queried,"chemical synaptic transmission; corticotropin-releasing hormone activity; corticotropin-releasing hormone receptor 1 binding; corticotropin-releasing hormone receptor 2 binding; extracellular region; female pregnancy; general adaptation syndrome; hormone activity; learning or memory; negative regulation of circadian sleep/wake cycle, REM sleep; neuronal cell body; neuropeptide hormone activity; neuropeptide signaling pathway; parturition; positive regulation of circadian sleep/wake cycle, wakefulness; positive regulation of corticotropin secretion; positive regulation of cortisol secretion; protein binding; regulation of NMDA receptor activity; signal transduction; signaling receptor binding; social behavior; synapse; synaptic transmission, dopaminergic",kegg: Alcoholism - Homo sapiens (human); kegg: Cushing syndrome - Homo sapiens (human); kegg: Long-term depression - Homo sapiens (human); kegg: Neuroactive ligand-receptor interaction - Homo sapiens (human); netpath: CRH; reactome: Class B/2 (Secretin family receptors); reactome: G alpha (s) signalling events; reactome: GPCR downstream signalling; reactome: GPCR ligand binding; reactome: Gene expression (Transcription); reactome: Generic Transcription Pathway; reactome: MECP2 regulates transcription of neuronal ligands; reactome: RNA Polymerase II Transcription; reactome: Signal Transduction; reactome: Signaling by GPCR; reactome: Transcriptional Regulation by MECP2; wikipathways: Corticotropin-releasing hormone signaling pathway; wikipathways: Myometrial relaxation and contraction pathways; wikipathways: Serotonin and anxiety; wikipathways: Serotonin and anxiety-related events,https://mygene.info/v3/query?q=ensembl.gene%3AENSG00000147571&species=human&fields=symbol%2Ctaxid%2Censembl.gene%2Cgo%2Cpathway&size=10,1,0,0,1,24,20,"chemical synaptic transmission; corticotropin-releasing hormone activity; corticotropin-releasing hormone receptor 1 binding; corticotropin-releasing hormone receptor 2 binding; extracellular region; female pregnancy; general adaptation syndrome; hormone activity; learning or memory; negative regulation of circadian sleep/wake cycle, REM sleep; neuronal cell body; neuropeptide hormone activity; neuropeptide signaling pathway; parturition; positive regulation of circadian sleep/wake cycle, wakefulness; positive regulation of corticotropin secretion; positive regulation of cortisol secretion; protein binding; regulation of NMDA receptor activity; signal transduction; signaling receptor binding; social behavior; synapse; synaptic transmission, dopaminergic",kegg: Alcoholism - Homo sapiens (human); kegg: Cushing syndrome - Homo sapiens (human); kegg: Long-term depression - Homo sapiens (human); kegg: Neuroactive ligand-receptor interaction - Homo sapiens (human); netpath: CRH; reactome: Class B/2 (Secretin family receptors); reactome: G alpha (s) signalling events; reactome: GPCR downstream signalling; reactome: GPCR ligand binding; reactome: Gene expression (Transcription); reactome: Generic Transcription Pathway; reactome: MECP2 regulates transcription of neuronal ligands; reactome: RNA Polymerase II Transcription; reactome: Signal Transduction; reactome: Signaling by GPCR; reactome: Transcriptional Regulation by MECP2; wikipathways: Corticotropin-releasing hormone signaling pathway; wikipathways: Myometrial relaxation and contraction pathways; wikipathways: Serotonin and anxiety; wikipathways: Serotonin and anxiety-related events,moderate,yes,yes,limited,unclear,limited,unclear,3029628;3502064;11442356,Reduced CRH has been reported in Alzheimer cortex and CSF; experimental work suggests CRH may influence neuronal responses to AD-relevant stressors.,2.0,1.0,1.0,1.0,,1.0,,reviewed,84.0,10.0,strong_candidate,6.0,7.0,4.0,3.0,4.0,1.0,37704597;41113932;42216384;41480410;35221911;40661363;30837843;34901719;2173839;32382294
MAS1,queried,C-C chemokine receptor activity; G protein-coupled receptor activity; G protein-coupled receptor signaling pathway; angiotensin receptor activity; angiotensin type II receptor activity; cell migration; chemokine-mediated signaling pathway; membrane; peptide binding; phospholipase C-activating angiotensin-activated signaling pathway; plasma membrane; protein binding,"kegg: Coronavirus disease - COVID-19 - Homo sapiens (human); kegg: Neuroactive ligand-receptor interaction - Homo sapiens (human); kegg: Renin-angiotensin system - Homo sapiens (human); reactome: Class A/1 (Rhodopsin-like receptors); reactome: GPCR ligand binding; reactome: Peptide ligand-binding receptors; reactome: Signal Transduction; reactome: Signaling by GPCR; wikipathways: ACE Inhibitor Pathway; wikipathways: GPCRs, Class A Rhodopsin-like; wikipathways: SARS-CoV-2 and angiotensin-converting enzyme 2 receptor- molecular mechanisms",https://mygene.info/v3/query?q=ensembl.gene%3AENSG00000130368&species=human&fields=symbol%2Ctaxid%2Censembl.gene%2Cgo%2Cpathway&size=10,0,0,0,0,12,11,C-C chemokine receptor activity; G protein-coupled receptor activity; G protein-coupled receptor signaling pathway; angiotensin receptor activity; angiotensin type II receptor activity; cell migration; chemokine-mediated signaling pathway; membrane; peptide binding; phospholipase C-activating angiotensin-activated signaling pathway; plasma membrane; protein binding,"kegg: Coronavirus disease - COVID-19 - Homo sapiens (human); kegg: Neuroactive ligand-receptor interaction - Homo sapiens (human); kegg: Renin-angiotensin system - Homo sapiens (human); reactome: Class A/1 (Rhodopsin-like receptors); reactome: GPCR ligand binding; reactome: Peptide ligand-binding receptors; reactome: Signal Transduction; reactome: Signaling by GPCR; wikipathways: ACE Inhibitor Pathway; wikipathways: GPCRs, Class A Rhodopsin-like; wikipathways: SARS-CoV-2 and angiotensin-converting enzyme 2 receptor- molecular mechanisms",strong,yes,yes,yes,yes,yes,yes,37813091;32701063,MAS1 expression is reduced at advanced Braak stages and inversely related to amyloid and tau load in human cortex; experimental activation of the ACE2/Ang-(1-7)/MAS1 axis improves AD-like pathology in mice.,3.0,1.0,1.0,1.0,1.0,1.0,1.0,reviewed,6.0,6.0,moderate_candidate,1.0,4.0,2.0,2.0,4.0,4.0,37813091;36755969;34901930;32701063;29667931;42496823
NRN1,queried,AMPA glutamate receptor complex; extracellular region; glutamatergic synapse; identical protein binding; nervous system development; neuron projection extension; plasma membrane; presynapse; presynaptic modulation of chemical synaptic transmission; regulation of synapse maturation; synapse,reactome: Metabolism of proteins; reactome: Post-translational modification: synthesis of GPI-anchored proteins; reactome: Post-translational protein modification; wikipathways: IL-18 signaling pathway,https://mygene.info/v3/query?q=ensembl.gene%3AENSG00000124785&species=human&fields=symbol%2Ctaxid%2Censembl.gene%2Cgo%2Cpathway&size=10,1,0,0,1,11,4,AMPA glutamate receptor complex; extracellular region; glutamatergic synapse; identical protein binding; nervous system development; neuron projection extension; plasma membrane; presynapse; presynaptic modulation of chemical synaptic transmission; regulation of synapse maturation; synapse,reactome: Metabolism of proteins; reactome: Post-translational modification: synthesis of GPI-anchored proteins; reactome: Post-translational protein modification; wikipathways: IL-18 signaling pathway,strong,yes,yes,yes,yes,limited,unclear,37024090;41645874;40296620,NRN1 is associated with cognitive resilience to Alzheimer pathology and has been investigated as an AD therapeutic target; recent work also links it to tau-related mechanisms.,3.0,1.0,1.0,1.0,1.0,1.0,,reviewed,12.0,10.0,strong_candidate,7.0,9.0,6.0,2.0,4.0,0.0,40660303;38478169;41645874;31176712;38165375;33678755;32609320;37799623;26423933;37024090
MCHR1,queried,9+0 non-motile cilium; G protein-coupled receptor activity; G protein-coupled receptor signaling pathway; adenylate cyclase-inhibiting G protein-coupled receptor signaling pathway; cell surface receptor signaling pathway; ciliary membrane; cilium; energy homeostasis; feeding behavior; generation of precursor metabolites and energy; hormone binding; melanin-concentrating hormone receptor activity; membrane; neuron projection; neuropeptide binding; neuropeptide receptor activity; neuropeptide signaling pathway; non-motile cilium; phospholipase C-activating G protein-coupled receptor signaling pathway; plasma membrane; positive regulation of calcium ion transport; positive regulation of cytosolic calcium ion concentration; protein binding; regulation of feeding behavior; response to stress; signaling receptor binding; sleep,"kegg: Neuroactive ligand-receptor interaction - Homo sapiens (human); reactome: Assembly of the 9+0 primary cilium; reactome: BBSome-mediated cargo-targeting to cilium; reactome: Cargo trafficking to the periciliary membrane; reactome: Cilium Assembly; reactome: Class A/1 (Rhodopsin-like receptors); reactome: G alpha (i) signalling events; reactome: G alpha (q) signalling events; reactome: GPCR downstream signalling; reactome: GPCR ligand binding; reactome: Organelle biogenesis and maintenance; reactome: Peptide ligand-binding receptors; reactome: Signal Transduction; reactome: Signaling by GPCR; wikipathways: GPCRs, Class A Rhodopsin-like",https://mygene.info/v3/query?q=ensembl.gene%3AENSG00000128285&species=human&fields=symbol%2Ctaxid%2Censembl.gene%2Cgo%2Cpathway&size=10,0,0,0,1,27,15,9+0 non-motile cilium; G protein-coupled receptor activity; G protein-coupled receptor signaling pathway; adenylate cyclase-inhibiting G protein-coupled receptor signaling pathway; cell surface receptor signaling pathway; ciliary membrane; cilium; energy homeostasis; feeding behavior; generation of precursor metabolites and energy; hormone binding; melanin-concentrating hormone receptor activity; membrane; neuron projection; neuropeptide binding; neuropeptide receptor activity; neuropeptide signaling pathway; non-motile cilium; phospholipase C-activating G protein-coupled receptor signaling pathway; plasma membrane; positive regulation of calcium ion transport; positive regulation of cytosolic calcium ion concentration; protein binding; regulation of feeding behavior; response to stress; signaling receptor binding; sleep,"kegg: Neuroactive ligand-receptor interaction - Homo sapiens (human); reactome: Assembly of the 9+0 primary cilium; reactome: BBSome-mediated cargo-targeting to cilium; reactome: Cargo trafficking to the periciliary membrane; reactome: Cilium Assembly; reactome: Class A/1 (Rhodopsin-like receptors); reactome: G alpha (i) signalling events; reactome: G alpha (q) signalling events; reactome: GPCR downstream signalling; reactome: GPCR ligand binding; reactome: Organelle biogenesis and maintenance; reactome: Peptide ligand-binding receptors; reactome: Signal Transduction; reactome: Signaling by GPCR; wikipathways: GPCRs, Class A Rhodopsin-like",unclear,unclear,unclear,limited,unclear,unclear,unclear,,"MCHR1 is brain-enriched and neurobiologically relevant, but targeted review did not identify strong direct Alzheimer-specific evidence.",,,,1.0,,,,reviewed,0.0,0.0,unclear,0.0,0.0,0.0,0.0,0.0,0.0,
SCG2,queried,MAPK cascade; angiogenesis; chemoattractant activity; cytokine activity; dense core granule; endoplasmic reticulum lumen; endothelial cell migration; eosinophil chemotaxis; extracellular region; induction of positive chemotaxis; inflammatory response; intracellular signal transduction; negative regulation of endothelial cell apoptotic process; negative regulation of endothelial cell proliferation; negative regulation of extrinsic apoptotic signaling pathway; neuronal dense core vesicle; positive chemotaxis; positive regulation of endothelial cell proliferation; protein binding; protein secretion; secretory granule,reactome: Metabolism of proteins; reactome: Post-translational protein modification; reactome: Post-translational protein phosphorylation; reactome: Regulation of Insulin-like Growth Factor (IGF) transport and uptake by Insulin-like Growth Factor Binding Proteins (IGFBPs),https://mygene.info/v3/query?q=ensembl.gene%3AENSG00000171951&species=human&fields=symbol%2Ctaxid%2Censembl.gene%2Cgo%2Cpathway&size=10,0,0,1,1,21,4,MAPK cascade; angiogenesis; chemoattractant activity; cytokine activity; dense core granule; endoplasmic reticulum lumen; endothelial cell migration; eosinophil chemotaxis; extracellular region; induction of positive chemotaxis; inflammatory response; intracellular signal transduction; negative regulation of endothelial cell apoptotic process; negative regulation of endothelial cell proliferation; negative regulation of extrinsic apoptotic signaling pathway; neuronal dense core vesicle; positive chemotaxis; positive regulation of endothelial cell proliferation; protein binding; protein secretion; secretory granule,reactome: Metabolism of proteins; reactome: Post-translational protein modification; reactome: Post-translational protein phosphorylation; reactome: Regulation of Insulin-like Growth Factor (IGF) transport and uptake by Insulin-like Growth Factor Binding Proteins (IGFBPs),moderate,yes,limited,yes,limited,limited,unclear,37160957;41279079;32518535,SCG2 is altered in AD CSF proteomics and is part of a neuronal plasticity/synaptic expression cluster disrupted in AD cortex.,2.0,1.0,1.0,1.0,1.0,1.0,,reviewed,9.0,9.0,strong_candidate,8.0,5.0,7.0,4.0,3.0,0.0,41279079;42436533;37160957;34314836;34238925;32518535;37468915;32552841;31248178
ADAMTS2,queried,collagen fibril organization; extracellular matrix; extracellular matrix organization; extracellular region; metalloendopeptidase activity; metallopeptidase activity; peptidase activity; proteolysis; zinc ion binding,reactome: Collagen biosynthesis and modifying enzymes; reactome: Collagen formation; reactome: Defective B3GALTL causes PpS; reactome: Disease; reactome: Diseases associated with O-glycosylation of proteins; reactome: Diseases of glycosylation; reactome: Diseases of metabolism; reactome: Extracellular matrix organization; reactome: Metabolism of proteins; reactome: O-glycosylation of TSR domain-containing proteins; reactome: O-linked glycosylation; reactome: Post-translational protein modification; wikipathways: Type I collagen synthesis in the context of Osteogenesis imperfecta,https://mygene.info/v3/query?q=ensembl.gene%3AENSG00000087116&species=human&fields=symbol%2Ctaxid%2Censembl.gene%2Cgo%2Cpathway&size=10,0,0,0,0,9,13,collagen fibril organization; extracellular matrix; extracellular matrix organization; extracellular region; metalloendopeptidase activity; metallopeptidase activity; peptidase activity; proteolysis; zinc ion binding,reactome: Collagen biosynthesis and modifying enzymes; reactome: Collagen formation; reactome: Defective B3GALTL causes PpS; reactome: Disease; reactome: Diseases associated with O-glycosylation of proteins; reactome: Diseases of glycosylation; reactome: Diseases of metabolism; reactome: Extracellular matrix organization; reactome: Metabolism of proteins; reactome: O-glycosylation of TSR domain-containing proteins; reactome: O-linked glycosylation; reactome: Post-translational protein modification; wikipathways: Type I collagen synthesis in the context of Osteogenesis imperfecta,strong,yes,limited,limited,yes,limited,limited,41059714;35557837;39606402,ADAMTS2 is strongly and reproducibly upregulated in human AD brain datasets and has been associated with cognitive decline and neuropathologic severity.,3.0,1.0,1.0,1.0,1.0,1.0,1.0,reviewed,7.0,7.0,moderate_candidate,6.0,6.0,4.0,4.0,4.0,1.0,35557837;41278792;39606402;41059714;41723778;31491533;15693998
DUSP6,queried,ERK1 and ERK2 cascade; MAP kinase tyrosine phosphatase activity; MAP kinase tyrosine/serine/threonine phosphatase activity; MAPK cascade; cell differentiation; cytoplasm; cytosol; negative regulation of ERK1 and ERK2 cascade; negative regulation of MAPK cascade; nucleoplasm; peptidyl-tyrosine dephosphorylation; phosphoprotein phosphatase activity; positive regulation of apoptotic process; protein binding; protein serine/threonine phosphatase activity; protein tyrosine phosphatase activity; protein tyrosine/serine/threonine phosphatase activity; protein tyrosine/threonine phosphatase activity; regulation of heart growth; response to growth factor; response to nitrosative stress; response to xenobiotic stimulus; signal transduction,biocarta: regulation of map kinase pathways through dual specificity phosphatases; kegg: Acute myeloid leukemia - Homo sapiens (human); kegg: MAPK signaling pathway - Homo sapiens (human); kegg: Transcriptional misregulation in cancer - Homo sapiens (human); pid: ErbB1 downstream signaling; pid: FGF signaling pathway; reactome: Cytokine Signaling in Immune system; reactome: Disease; reactome: Diseases of signal transduction by growth factor receptors and second messengers; reactome: ERK/MAPK targets; reactome: ERKs are inactivated; reactome: Immune System; reactome: Innate Immune System; reactome: Interleukin-17 signaling; reactome: MAP kinase activation; reactome: MAPK family signaling cascades; reactome: MAPK targets/ Nuclear events mediated by MAP kinases; reactome: MAPK1/MAPK3 signaling; reactome: MyD88 cascade initiated on plasma membrane; reactome: MyD88 dependent cascade initiated on endosome; reactome: MyD88-independent TLR4 cascade ; reactome: MyD88:MAL(TIRAP) cascade initiated on plasma membrane; reactome: Negative regulation of MAPK pathway; reactome: Nuclear Events (kinase and transcription factor activation); reactome: Oncogenic MAPK signaling; reactome: RAF-independent MAPK1/3 activation; reactome: RAF/MAP kinase cascade; reactome: Signal Transduction; reactome: Signaling by Interleukins; reactome: Signaling by MAPK mutants; reactome: Signaling by NTRK1 (TRKA); reactome: Signaling by NTRKs; reactome: Signaling by Receptor Tyrosine Kinases; reactome: TRAF6 mediated induction of NFkB and MAP kinases upon TLR7/8 or 9 activation; reactome: TRIF (TICAM1)-mediated TLR4 signaling ; reactome: Toll Like Receptor 10 (TLR10) Cascade; reactome: Toll Like Receptor 2 (TLR2) Cascade; reactome: Toll Like Receptor 3 (TLR3) Cascade; reactome: Toll Like Receptor 4 (TLR4) Cascade; reactome: Toll Like Receptor 5 (TLR5) Cascade; reactome: Toll Like Receptor 7/8 (TLR7/8) Cascade; reactome: Toll Like Receptor 9 (TLR9) Cascade; reactome: Toll Like Receptor TLR1:TLR2 Cascade; reactome: Toll Like Receptor TLR6:TLR2 Cascade; reactome: Toll-like Receptor Cascades; wikipathways: FBXL10 enhancement of MAP-ERK signaling in diffuse large B-cell lymphoma; wikipathways: MAPK Signaling Pathway; wikipathways: Pancreatic adenocarcinoma pathway,https://mygene.info/v3/query?q=ensembl.gene%3AENSG00000139318&species=human&fields=symbol%2Ctaxid%2Censembl.gene%2Cgo%2Cpathway&size=10,0,0,0,0,23,48,ERK1 and ERK2 cascade; MAP kinase tyrosine phosphatase activity; MAP kinase tyrosine/serine/threonine phosphatase activity; MAPK cascade; cell differentiation; cytoplasm; cytosol; negative regulation of ERK1 and ERK2 cascade; negative regulation of MAPK cascade; nucleoplasm; peptidyl-tyrosine dephosphorylation; phosphoprotein phosphatase activity; positive regulation of apoptotic process; protein binding; protein serine/threonine phosphatase activity; protein tyrosine phosphatase activity; protein tyrosine/serine/threonine phosphatase activity; protein tyrosine/threonine phosphatase activity; regulation of heart growth; response to growth factor; response to nitrosative stress; response to xenobiotic stimulus; signal transduction,biocarta: regulation of map kinase pathways through dual specificity phosphatases; kegg: Acute myeloid leukemia - Homo sapiens (human); kegg: MAPK signaling pathway - Homo sapiens (human); kegg: Transcriptional misregulation in cancer - Homo sapiens (human); pid: ErbB1 downstream signaling; pid: FGF signaling pathway; reactome: Cytokine Signaling in Immune system; reactome: Disease; reactome: Diseases of signal transduction by growth factor receptors and second messengers; reactome: ERK/MAPK targets; reactome: ERKs are inactivated; reactome: Immune System; reactome: Innate Immune System; reactome: Interleukin-17 signaling; reactome: MAP kinase activation; reactome: MAPK family signaling cascades; reactome: MAPK targets/ Nuclear events mediated by MAP kinases; reactome: MAPK1/MAPK3 signaling; reactome: MyD88 cascade initiated on plasma membrane; reactome: MyD88 dependent cascade initiated on endosome; reactome: MyD88-independent TLR4 cascade ; reactome: MyD88:MAL(TIRAP) cascade initiated on plasma membrane; reactome: Negative regulation of MAPK pathway; reactome: Nuclear Events (kinase and transcription factor activation); reactome: Oncogenic MAPK signaling; reactome: RAF-independent MAPK1/3 activation; reactome: RAF/MAP kinase cascade; reactome: Signal Transduction; reactome: Signaling by Interleukins; reactome: Signaling by MAPK mutants; reactome: Signaling by NTRK1 (TRKA); reactome: Signaling by NTRKs; reactome: Signaling by Receptor Tyrosine Kinases; reactome: TRAF6 mediated induction of NFkB and MAP kinases upon TLR7/8 or 9 activation; reactome: TRIF (TICAM1)-mediated TLR4 signaling ; reactome: Toll Like Receptor 10 (TLR10) Cascade; reactome: Toll Like Receptor 2 (TLR2) Cascade; reactome: Toll Like Receptor 3 (TLR3) Cascade; reactome: Toll Like Receptor 4 (TLR4) Cascade; reactome: Toll Like Receptor 5 (TLR5) Cascade; reactome: Toll Like Receptor 7/8 (TLR7/8) Cascade; reactome: Toll Like Receptor 9 (TLR9) Cascade; reactome: Toll Like Receptor TLR1:TLR2 Cascade; reactome: Toll Like Receptor TLR6:TLR2 Cascade; reactome: Toll-like Receptor Cascades; wikipathways: FBXL10 enhancement of MAP-ERK signaling in diffuse large B-cell lymphoma; wikipathways: MAPK Signaling Pathway; wikipathways: Pancreatic adenocarcinoma pathway,strong,yes,yes,limited,unclear,yes,unclear,37662269;39006222,DUSP6 is a hub in a VGF-related late-onset AD network; DUSP6 overexpression reduced amyloid burden and improved memory in 5xFAD mice.,3.0,1.0,1.0,1.0,,1.0,,reviewed,7.0,7.0,moderate_candidate,4.0,7.0,5.0,2.0,5.0,3.0,40374629;25001178;30572643;31351091;40599204;37662269;39006222
ABCC12,queried,ABC-type transporter activity; ATP binding; ATP hydrolysis activity; endoplasmic reticulum; endoplasmic reticulum membrane; membrane; transmembrane transport,kegg: ABC transporters - Homo sapiens (human),https://mygene.info/v3/query?q=ensembl.gene%3AENSG00000140798&species=human&fields=symbol%2Ctaxid%2Censembl.gene%2Cgo%2Cpathway&size=10,0,0,0,0,7,1,ABC-type transporter activity; ATP binding; ATP hydrolysis activity; endoplasmic reticulum; endoplasmic reticulum membrane; membrane; transmembrane transport,kegg: ABC transporters - Homo sapiens (human),unclear,unclear,unclear,unclear,unclear,unclear,unclear,,Targeted review did not identify strong direct Alzheimer-specific evidence; retain as an exploratory candidate rather than calling it novel.,,,,,,,,reviewed,1.0,1.0,limited_candidate,0.0,1.0,1.0,1.0,1.0,0.0,42733437
CPM,queried,anatomical structure morphogenesis; carboxypeptidase activity; cell surface; extracellular exosome; extracellular region; metallocarboxypeptidase activity; peptide metabolic process; plasma membrane; protein processing; proteolysis; zinc ion binding,reactome: Metabolism of proteins; reactome: Post-translational modification: synthesis of GPI-anchored proteins; reactome: Post-translational protein modification,https://mygene.info/v3/query?q=ensembl.gene%3AENSG00000135678&species=human&fields=symbol%2Ctaxid%2Censembl.gene%2Cgo%2Cpathway&size=10,0,0,0,0,11,3,anatomical structure morphogenesis; carboxypeptidase activity; cell surface; extracellular exosome; extracellular region; metallocarboxypeptidase activity; peptide metabolic process; plasma membrane; protein processing; proteolysis; zinc ion binding,reactome: Metabolism of proteins; reactome: Post-translational modification: synthesis of GPI-anchored proteins; reactome: Post-translational protein modification,limited,yes,unclear,unclear,unclear,unclear,limited,15722950,"CPM appeared among altered transcripts in an older human AD lymphocyte expression study, but direct brain or mechanistic evidence remains limited.",1.0,1.0,,,,,1.0,reviewed,27.0,10.0,strong_candidate,6.0,7.0,0.0,3.0,6.0,0.0,26206249;39281738;41089659;40110659;32156251;39082002;32595501;29587223;20809128;40336267
BDNF,queried,"axon; axon guidance; brain-derived neurotrophic factor receptor signaling pathway; cell surface receptor protein tyrosine kinase signaling pathway; circadian rhythm; collateral sprouting; cytoplasm; cytoplasmic vesicle; dendrite; endoplasmic reticulum lumen; extracellular region; glutamatergic synapse; growth factor activity; hippocampal mossy fiber to CA3 synapse; modulation of chemical synaptic transmission; negative regulation of apoptotic signaling pathway; negative regulation of myotube differentiation; negative regulation of neuron apoptotic process; nerve development; nerve growth factor signaling pathway; nervous system development; neuron projection morphogenesis; neuronal dense core vesicle; perinuclear region of cytoplasm; positive regulation of brain-derived neurotrophic factor receptor signaling pathway; positive regulation of collateral sprouting; positive regulation of neuron projection development; positive regulation of synapse assembly; presynapse; protein binding; regulation of protein localization to cell surface; secretory granule; secretory vesicle; signaling receptor binding; synapse assembly; synaptic vesicle; trans-synaptic signaling by BDNF, modulating synaptic transmission","biocarta: role of erk5 in neuronal survival pathway; kegg: Alcoholism - Homo sapiens (human); kegg: Cocaine addiction - Homo sapiens (human); kegg: Huntington disease - Homo sapiens (human); kegg: MAPK signaling pathway - Homo sapiens (human); kegg: Neurotrophin signaling pathway - Homo sapiens (human); kegg: PI3K-Akt signaling pathway - Homo sapiens (human); kegg: Pathways of neurodegeneration - multiple diseases - Homo sapiens (human); kegg: Ras signaling pathway - Homo sapiens (human); kegg: cAMP signaling pathway - Homo sapiens (human); netpath: BDNF; pid: Neurotrophic factor-mediated Trk receptor signaling; pid: Posttranslational regulation of adherens junction stability and dissassembly; pid: SHP2 signaling; pid: p75(NTR)-mediated signaling; reactome: Activated NTRK2 signals through CDK5; reactome: Activated NTRK2 signals through FRS2 and FRS3; reactome: Activated NTRK2 signals through FYN; reactome: Activated NTRK2 signals through PI3K; reactome: Activated NTRK2 signals through PLCG1; reactome: Activated NTRK2 signals through RAS; reactome: BDNF activates NTRK2 (TRKB) signaling; reactome: Constitutive Signaling by Aberrant PI3K in Cancer; reactome: Disease; reactome: Diseases of signal transduction by growth factor receptors and second messengers; reactome: Gene expression (Transcription); reactome: Generic Transcription Pathway; reactome: Intracellular signaling by second messengers; reactome: MECP2 regulates transcription of neuronal ligands; reactome: NPAS4 regulates expression of target genes; reactome: NTRK2 activates RAC1; reactome: Negative regulation of the PI3K/AKT network; reactome: PI3K/AKT Signaling in Cancer; reactome: PI5P, PP2A and IER3 Regulate PI3K/AKT Signaling; reactome: PIP3 activates AKT signaling; reactome: RNA Polymerase II Transcription; reactome: Signal Transduction; reactome: Signaling by NTRK2 (TRKB); reactome: Signaling by NTRKs; reactome: Signaling by Receptor Tyrosine Kinases; reactome: Transcriptional Regulation by MECP2; reactome: Transcriptional Regulation by NPAS4; wikipathways: BDNF-TrkB Signaling; wikipathways: Brain-derived neurotrophic factor (BDNF) signaling pathway; wikipathways: Cell migration and invasion through p75NTR; wikipathways: ERK Pathway in Huntington,s Disease; wikipathways: Follicle Stimulating Hormone (FSH) signaling pathway; wikipathways: Fragile X Syndrome; wikipathways: MAPK Signaling Pathway; wikipathways: MECP2 and Associated Rett Syndrome; wikipathways: Neural Crest Cell Migration during Development; wikipathways: Neural Crest Cell Migration in Cancer; wikipathways: PI3K-Akt signaling pathway; wikipathways: Spinal Cord Injury; wikipathways: Sudden Infant Death Syndrome (SIDS) Susceptibility Pathways; wikipathways: Synaptic signaling pathways associated with autism spectrum disorder; wikipathways: mBDNF and proBDNF regulation of GABA neurotransmission",https://mygene.info/v3/query?q=ensembl.gene%3AENSG00000176697&species=human&fields=symbol%2Ctaxid%2Censembl.gene%2Cgo%2Cpathway&size=10,1,0,0,1,37,57,"axon; axon guidance; brain-derived neurotrophic factor receptor signaling pathway; cell surface receptor protein tyrosine kinase signaling pathway; circadian rhythm; collateral sprouting; cytoplasm; cytoplasmic vesicle; dendrite; endoplasmic reticulum lumen; extracellular region; glutamatergic synapse; growth factor activity; hippocampal mossy fiber to CA3 synapse; modulation of chemical synaptic transmission; negative regulation of apoptotic signaling pathway; negative regulation of myotube differentiation; negative regulation of neuron apoptotic process; nerve development; nerve growth factor signaling pathway; nervous system development; neuron projection morphogenesis; neuronal dense core vesicle; perinuclear region of cytoplasm; positive regulation of brain-derived neurotrophic factor receptor signaling pathway; positive regulation of collateral sprouting; positive regulation of neuron projection development; positive regulation of synapse assembly; presynapse; protein binding; regulation of protein localization to cell surface; secretory granule; secretory vesicle; signaling receptor binding; synapse assembly; synaptic vesicle; trans-synaptic signaling by BDNF, modulating synaptic transmission","biocarta: role of erk5 in neuronal survival pathway; kegg: Alcoholism - Homo sapiens (human); kegg: Cocaine addiction - Homo sapiens (human); kegg: Huntington disease - Homo sapiens (human); kegg: MAPK signaling pathway - Homo sapiens (human); kegg: Neurotrophin signaling pathway - Homo sapiens (human); kegg: PI3K-Akt signaling pathway - Homo sapiens (human); kegg: Pathways of neurodegeneration - multiple diseases - Homo sapiens (human); kegg: Ras signaling pathway - Homo sapiens (human); kegg: cAMP signaling pathway - Homo sapiens (human); netpath: BDNF; pid: Neurotrophic factor-mediated Trk receptor signaling; pid: Posttranslational regulation of adherens junction stability and dissassembly; pid: SHP2 signaling; pid: p75(NTR)-mediated signaling; reactome: Activated NTRK2 signals through CDK5; reactome: Activated NTRK2 signals through FRS2 and FRS3; reactome: Activated NTRK2 signals through FYN; reactome: Activated NTRK2 signals through PI3K; reactome: Activated NTRK2 signals through PLCG1; reactome: Activated NTRK2 signals through RAS; reactome: BDNF activates NTRK2 (TRKB) signaling; reactome: Constitutive Signaling by Aberrant PI3K in Cancer; reactome: Disease; reactome: Diseases of signal transduction by growth factor receptors and second messengers; reactome: Gene expression (Transcription); reactome: Generic Transcription Pathway; reactome: Intracellular signaling by second messengers; reactome: MECP2 regulates transcription of neuronal ligands; reactome: NPAS4 regulates expression of target genes; reactome: NTRK2 activates RAC1; reactome: Negative regulation of the PI3K/AKT network; reactome: PI3K/AKT Signaling in Cancer; reactome: PI5P, PP2A and IER3 Regulate PI3K/AKT Signaling; reactome: PIP3 activates AKT signaling; reactome: RNA Polymerase II Transcription; reactome: Signal Transduction; reactome: Signaling by NTRK2 (TRKB); reactome: Signaling by NTRKs; reactome: Signaling by Receptor Tyrosine Kinases; reactome: Transcriptional Regulation by MECP2; reactome: Transcriptional Regulation by NPAS4; wikipathways: BDNF-TrkB Signaling; wikipathways: Brain-derived neurotrophic factor (BDNF) signaling pathway; wikipathways: Cell migration and invasion through p75NTR; wikipathways: ERK Pathway in Huntington,s Disease; wikipathways: Follicle Stimulating Hormone (FSH) signaling pathway; wikipathways: Fragile X Syndrome; wikipathways: MAPK Signaling Pathway; wikipathways: MECP2 and Associated Rett Syndrome; wikipathways: Neural Crest Cell Migration during Development; wikipathways: Neural Crest Cell Migration in Cancer; wikipathways: PI3K-Akt signaling pathway; wikipathways: Spinal Cord Injury; wikipathways: Sudden Infant Death Syndrome (SIDS) Susceptibility Pathways; wikipathways: Synaptic signaling pathways associated with autism spectrum disorder; wikipathways: mBDNF and proBDNF regulation of GABA neurotransmission",strong,yes,yes,yes,yes,yes,limited,9387865;26819457;27701410,"BDNF is reduced in Alzheimer brain; higher cortical BDNF expression is associated with slower cognitive decline, and experimental work supports neuroprotective effects.",3.0,1.0,1.0,1.0,1.0,1.0,1.0,reviewed,2599.0,10.0,strong_candidate,6.0,8.0,6.0,4.0,5.0,3.0,35090576;39205389;38791161;36498925;34093436;35130907;37732619;31037648;30190379;22699449
CEND1,queried,cerebellar Purkinje cell differentiation; cerebellar granular layer maturation; cerebellum development; membrane; mitochondrion; neuron differentiation; protein binding; radial glia guided migration of cerebellar granule cell; vesicle,,https://mygene.info/v3/query?q=ensembl.gene%3AENSG00000184524&species=human&fields=symbol%2Ctaxid%2Censembl.gene%2Cgo%2Cpathway&size=10,0,0,0,1,9,0,cerebellar Purkinje cell differentiation; cerebellar granular layer maturation; cerebellum development; membrane; mitochondrion; neuron differentiation; protein binding; radial glia guided migration of cerebellar granule cell; vesicle,,strong,yes,yes,yes,yes,yes,limited,35732922;39562718,"CEND1 deficiency causes mitochondrial dysfunction and cognitive impairment in AD models; overexpression rescues deficits, and circulating CEND1 has also been associated with future AD risk.",3.0,1.0,1.0,1.0,1.0,1.0,1.0,reviewed,3.0,3.0,limited_candidate,2.0,3.0,2.0,0.0,0.0,1.0,35732922;39562718;39872979
SERPINA5,queried,acrosin binding; acrosomal membrane; external side of plasma membrane; extracellular exosome; extracellular matrix; extracellular region; fusion of sperm to egg plasma membrane involved in single fertilization; glycosaminoglycan binding; heparin binding; membrane; phosphatidylcholine binding; platelet alpha granule; platelet dense tubular network; protease binding; protein C inhibitor-KLK3 complex; protein C inhibitor-PLAT complex; protein C inhibitor-PLAU complex; protein C inhibitor-TMPRSS11E complex; protein C inhibitor-TMPRSS7 complex; protein C inhibitor-coagulation factor V complex; protein C inhibitor-coagulation factor XI complex; protein C inhibitor-coagulation factor Xa complex; protein C inhibitor-plasma kallikrein complex; protein C inhibitor-thrombin complex; protein binding; protein-containing complex; retinoic acid binding; seminal clot liquefaction; serine-type endopeptidase inhibitor activity; spermatogenesis,kegg: Complement and coagulation cascades - Homo sapiens (human); reactome: Amplification and propagation of coagulation cascade; reactome: Coagulation pathway; reactome: Fibrin formation; reactome: Hemostasis; reactome: Regulation of clotting cascade; wikipathways: Complement and Coagulation Cascades,https://mygene.info/v3/query?q=ensembl.gene%3AENSG00000188488&species=human&fields=symbol%2Ctaxid%2Censembl.gene%2Cgo%2Cpathway&size=10,0,0,0,0,30,7,acrosin binding; acrosomal membrane; external side of plasma membrane; extracellular exosome; extracellular matrix; extracellular region; fusion of sperm to egg plasma membrane involved in single fertilization; glycosaminoglycan binding; heparin binding; membrane; phosphatidylcholine binding; platelet alpha granule; platelet dense tubular network; protease binding; protein C inhibitor-KLK3 complex; protein C inhibitor-PLAT complex; protein C inhibitor-PLAU complex; protein C inhibitor-TMPRSS11E complex; protein C inhibitor-TMPRSS7 complex; protein C inhibitor-coagulation factor V complex; protein C inhibitor-coagulation factor XI complex; protein C inhibitor-coagulation factor Xa complex; protein C inhibitor-plasma kallikrein complex; protein C inhibitor-thrombin complex; protein binding; protein-containing complex; retinoic acid binding; seminal clot liquefaction; serine-type endopeptidase inhibitor activity; spermatogenesis,kegg: Complement and coagulation cascades - Homo sapiens (human); reactome: Amplification and propagation of coagulation cascade; reactome: Coagulation pathway; reactome: Fibrin formation; reactome: Hemostasis; reactome: Regulation of clotting cascade; wikipathways: Complement and Coagulation Cascades,strong,yes,yes,limited,yes,limited,limited,33875655;37327267,SERPINA5 expression is associated with selective hippocampal vulnerability in AD and colocalizes with tau pathology; a rare coding variant did not explain clinicopathologic differences.,3.0,1.0,1.0,1.0,1.0,1.0,1.0,reviewed,5.0,5.0,moderate_candidate,5.0,2.0,2.0,2.0,0.0,1.0,40469059;37327267;33875655;25982926;42618108
BEX5,queried,cytoplasm; protein binding; signal transduction; signaling receptor binding,,https://mygene.info/v3/query?q=ensembl.gene%3AENSG00000184515&species=human&fields=symbol%2Ctaxid%2Censembl.gene%2Cgo%2Cpathway&size=10,0,0,0,0,4,0,cytoplasm; protein binding; signal transduction; signaling receptor binding,,unclear,unclear,unclear,unclear,unclear,unclear,unclear,,Direct Alzheimer-specific evidence remains unclear from the targeted literature review.,,,,,,,,reviewed,0.0,0.0,unclear,0.0,0.0,0.0,0.0,0.0,0.0,
ZNF652,queried,"DNA-binding transcription factor activity, RNA polymerase II-specific; DNA-binding transcription repressor activity, RNA polymerase II-specific; negative regulation of transcription by RNA polymerase II; nucleus; protein binding; regulation of transcription by RNA polymerase II",,https://mygene.info/v3/query?q=ensembl.gene%3AENSG00000198740&species=human&fields=symbol%2Ctaxid%2Censembl.gene%2Cgo%2Cpathway&size=10,0,0,0,0,6,0,"DNA-binding transcription factor activity, RNA polymerase II-specific; DNA-binding transcription repressor activity, RNA polymerase II-specific; negative regulation of transcription by RNA polymerase II; nucleus; protein binding; regulation of transcription by RNA polymerase II",,unclear,unclear,unclear,unclear,unclear,unclear,unclear,,Direct Alzheimer-specific evidence remains unclear from the targeted literature review.,,,,,,,,reviewed,2.0,2.0,limited_candidate,1.0,2.0,0.0,1.0,1.0,0.0,38706793;39201500
KRT5,queried,cytoplasm; cytosol; epidermis development; extracellular exosome; intermediate filament; intermediate filament organization; intermediate filament polymerization; keratin filament; keratinization; membrane; nucleus; protein binding; protein-containing complex; regulation of cell migration; regulation of protein localization; response to mechanical stimulus; scaffold protein binding; structural constituent of cytoskeleton; structural constituent of skin epidermis,netpath: EGFR1; pid: Glucocorticoid receptor regulatory network; pid: Validated transcriptional targets of deltaNp63 isoforms; reactome: Cell junction organization; reactome: Cell-Cell communication; reactome: Developmental Biology; reactome: Developmental Cell Lineages; reactome: Developmental Cell Lineages of the Integumentary System; reactome: Developmental Lineage of Mammary Gland Luminal Epithelial Cells; reactome: Developmental Lineage of Mammary Gland Myoepithelial Cells; reactome: Developmental Lineage of Mammary Stem Cells; reactome: Developmental Lineages of the Mammary Gland; reactome: Differentiation of Keratinocytes in Interfollicular Epidermis in Mammalian Skin; reactome: Formation of the cornified envelope; reactome: Keratinization; reactome: Type I hemidesmosome assembly,https://mygene.info/v3/query?q=ensembl.gene%3AENSG00000186081&species=human&fields=symbol%2Ctaxid%2Censembl.gene%2Cgo%2Cpathway&size=10,0,0,0,0,19,16,cytoplasm; cytosol; epidermis development; extracellular exosome; intermediate filament; intermediate filament organization; intermediate filament polymerization; keratin filament; keratinization; membrane; nucleus; protein binding; protein-containing complex; regulation of cell migration; regulation of protein localization; response to mechanical stimulus; scaffold protein binding; structural constituent of cytoskeleton; structural constituent of skin epidermis,netpath: EGFR1; pid: Glucocorticoid receptor regulatory network; pid: Validated transcriptional targets of deltaNp63 isoforms; reactome: Cell junction organization; reactome: Cell-Cell communication; reactome: Developmental Biology; reactome: Developmental Cell Lineages; reactome: Developmental Cell Lineages of the Integumentary System; reactome: Developmental Lineage of Mammary Gland Luminal Epithelial Cells; reactome: Developmental Lineage of Mammary Gland Myoepithelial Cells; reactome: Developmental Lineage of Mammary Stem Cells; reactome: Developmental Lineages of the Mammary Gland; reactome: Differentiation of Keratinocytes in Interfollicular Epidermis in Mammalian Skin; reactome: Formation of the cornified envelope; reactome: Keratinization; reactome: Type I hemidesmosome assembly,unclear,unclear,unclear,unclear,unclear,unclear,unclear,,Direct Alzheimer-specific evidence remains unclear; retain as exploratory.,,,,,,,,reviewed,0.0,0.0,unclear,0.0,0.0,0.0,0.0,0.0,0.0,
PRKX,queried,ATP binding; adenylate cyclase-activating G protein-coupled receptor signaling pathway; angiogenesis; cAMP-dependent protein kinase activity; cAMP-dependent protein kinase complex; cell adhesion; cell-substrate adhesion; cytoplasm; cytosol; endothelial cell migration; endothelial cell proliferation; epithelial tube morphogenesis; kidney morphogenesis; myeloid cell differentiation; nucleoplasm; nucleus; peptidyl-serine phosphorylation; protein autophosphorylation; protein binding; protein kinase activity; protein serine kinase activity; protein serine/threonine kinase activity; regulation of cell adhesion; regulation of cell migration; regulation of epithelial cell differentiation involved in kidney development,netpath: EGFR1; reactome: ADORA2B mediated anti-inflammatory cytokines production; reactome: Activation of NMDA receptors and postsynaptic events; reactome: Anti-inflammatory response favouring Leishmania parasite infection; reactome: CREB1 phosphorylation through the activation of Adenylate Cyclase; reactome: Ca-dependent events; reactome: CaM pathway; reactome: Calmodulin induced events; reactome: DAG and IP3 signaling; reactome: Disease; reactome: FCGR3A-mediated IL10 synthesis; reactome: G alpha (i) signalling events; reactome: G-protein mediated events; reactome: GPCR downstream signalling; reactome: Infectious disease; reactome: Intracellular signaling by second messengers; reactome: Leishmania infection; reactome: Leishmania parasite growth and survival; reactome: Neuronal System; reactome: Neurotransmitter receptors and postsynaptic signal transmission; reactome: Opioid Signalling; reactome: PKA-mediated phosphorylation of CREB; reactome: PLC beta mediated events; reactome: Parasitic Infection Pathways; reactome: Post NMDA receptor activation events; reactome: Signal Transduction; reactome: Signaling by GPCR; reactome: Transmission across Chemical Synapses; wikipathways: Chemokine signaling pathway,https://mygene.info/v3/query?q=ensembl.gene%3AENSG00000183943&species=human&fields=symbol%2Ctaxid%2Censembl.gene%2Cgo%2Cpathway&size=10,0,0,0,0,25,29,ATP binding; adenylate cyclase-activating G protein-coupled receptor signaling pathway; angiogenesis; cAMP-dependent protein kinase activity; cAMP-dependent protein kinase complex; cell adhesion; cell-substrate adhesion; cytoplasm; cytosol; endothelial cell migration; endothelial cell proliferation; epithelial tube morphogenesis; kidney morphogenesis; myeloid cell differentiation; nucleoplasm; nucleus; peptidyl-serine phosphorylation; protein autophosphorylation; protein binding; protein kinase activity; protein serine kinase activity; protein serine/threonine kinase activity; regulation of cell adhesion; regulation of cell migration; regulation of epithelial cell differentiation involved in kidney development,netpath: EGFR1; reactome: ADORA2B mediated anti-inflammatory cytokines production; reactome: Activation of NMDA receptors and postsynaptic events; reactome: Anti-inflammatory response favouring Leishmania parasite infection; reactome: CREB1 phosphorylation through the activation of Adenylate Cyclase; reactome: Ca-dependent events; reactome: CaM pathway; reactome: Calmodulin induced events; reactome: DAG and IP3 signaling; reactome: Disease; reactome: FCGR3A-mediated IL10 synthesis; reactome: G alpha (i) signalling events; reactome: G-protein mediated events; reactome: GPCR downstream signalling; reactome: Infectious disease; reactome: Intracellular signaling by second messengers; reactome: Leishmania infection; reactome: Leishmania parasite growth and survival; reactome: Neuronal System; reactome: Neurotransmitter receptors and postsynaptic signal transmission; reactome: Opioid Signalling; reactome: PKA-mediated phosphorylation of CREB; reactome: PLC beta mediated events; reactome: Parasitic Infection Pathways; reactome: Post NMDA receptor activation events; reactome: Signal Transduction; reactome: Signaling by GPCR; reactome: Transmission across Chemical Synapses; wikipathways: Chemokine signaling pathway,unclear,unclear,unclear,unclear,unclear,unclear,unclear,,Targeted literature review did not identify convincing direct Alzheimer-specific evidence.,,,,,,,,reviewed,0.0,0.0,unclear,0.0,0.0,0.0,0.0,0.0,0.0,
COL12A1,queried,FACIT collagen trimer; animal gross anatomical part developmental process; collagen fibril organization; collagen type XII trimer; endodermal cell differentiation; endoplasmic reticulum lumen; extracellular exosome; extracellular matrix; extracellular matrix structural constituent conferring tensile strength; extracellular region; extracellular vesicle; tissue development,kegg: Protein digestion and absorption - Homo sapiens (human); reactome: Assembly of collagen fibrils and other multimeric structures; reactome: Collagen biosynthesis and modifying enzymes; reactome: Collagen chain trimerization; reactome: Collagen degradation; reactome: Collagen formation; reactome: Degradation of the extracellular matrix; reactome: Extracellular matrix organization,https://mygene.info/v3/query?q=ensembl.gene%3AENSG00000111799&species=human&fields=symbol%2Ctaxid%2Censembl.gene%2Cgo%2Cpathway&size=10,0,0,0,0,12,8,FACIT collagen trimer; animal gross anatomical part developmental process; collagen fibril organization; collagen type XII trimer; endodermal cell differentiation; endoplasmic reticulum lumen; extracellular exosome; extracellular matrix; extracellular matrix structural constituent conferring tensile strength; extracellular region; extracellular vesicle; tissue development,kegg: Protein digestion and absorption - Homo sapiens (human); reactome: Assembly of collagen fibrils and other multimeric structures; reactome: Collagen biosynthesis and modifying enzymes; reactome: Collagen chain trimerization; reactome: Collagen degradation; reactome: Collagen formation; reactome: Degradation of the extracellular matrix; reactome: Extracellular matrix organization,unclear,limited,unclear,unclear,unclear,unclear,unclear,,"Some genetic databases link COL12A1 loci to AD, but direct transcriptomic or mechanistic evidence is not yet strong enough here for a higher evidence label.",,1.0,,,,,,reviewed,0.0,0.0,unclear,0.0,0.0,0.0,0.0,0.0,0.0,
FIBP,queried,endomembrane system; fibroblast growth factor binding; fibroblast growth factor receptor signaling pathway; membrane; mitochondrion; nuclear speck; nucleus; platelet aggregation,netpath: Fibroblast growth factor-1; wikipathways: Modulators of TCR signaling and T cell activation,https://mygene.info/v3/query?q=ensembl.gene%3AENSG00000172500&species=human&fields=symbol%2Ctaxid%2Censembl.gene%2Cgo%2Cpathway&size=10,0,0,0,0,8,2,endomembrane system; fibroblast growth factor binding; fibroblast growth factor receptor signaling pathway; membrane; mitochondrion; nuclear speck; nucleus; platelet aggregation,netpath: Fibroblast growth factor-1; wikipathways: Modulators of TCR signaling and T cell activation,strong,yes,limited,limited,yes,yes,yes,41866337,"Decreased FIBP expression is associated with AD, amyloidopathy and tauopathy in human brain cohorts, with replication across ROSMAP and MSBB regions; newer immune-cell analyses also link FIBP expression to AD risk.",3.0,1.0,1.0,1.0,1.0,1.0,1.0,reviewed,5.0,5.0,moderate_candidate,4.0,5.0,0.0,1.0,1.0,1.0,41854441;41866337;35931864;41143248;40908685
PHF19,queried,"DNA binding; ESC/E(Z) complex; chromatin binding; epigenetic regulation of gene expression; heterochromatin formation; histone H3K36me3 reader activity; histone H3K4me3 reader activity; negative regulation of gene expression, epigenetic; negative regulation of transcription by RNA polymerase II; nucleoplasm; nucleus; protein binding; stem cell differentiation; stem cell population maintenance",reactome: Epigenetic regulation of gene expression; reactome: Gene expression (Transcription); reactome: PRC2 methylates histones and DNA,https://mygene.info/v3/query?q=ensembl.gene%3AENSG00000119403&species=human&fields=symbol%2Ctaxid%2Censembl.gene%2Cgo%2Cpathway&size=10,0,0,0,0,14,3,"DNA binding; ESC/E(Z) complex; chromatin binding; epigenetic regulation of gene expression; heterochromatin formation; histone H3K36me3 reader activity; histone H3K4me3 reader activity; negative regulation of gene expression, epigenetic; negative regulation of transcription by RNA polymerase II; nucleoplasm; nucleus; protein binding; stem cell differentiation; stem cell population maintenance",reactome: Epigenetic regulation of gene expression; reactome: Gene expression (Transcription); reactome: PRC2 methylates histones and DNA,limited,limited,yes,limited,unclear,yes,limited,41825614,"PHF19-PRC2 signaling was implicated in pericyte injury, blood-brain barrier dysfunction and behavioral deficits in Aβ-treated cells and APP/PS1 mice.",1.0,1.0,1.0,1.0,,1.0,1.0,reviewed,2.0,2.0,limited_candidate,1.0,2.0,0.0,0.0,1.0,0.0,35105355;41825614
EFR3B,queried,cytosol; phosphatidylinositol phosphate biosynthetic process; plasma membrane; protein binding; protein localization to plasma membrane,,https://mygene.info/v3/query?q=ensembl.gene%3AENSG00000084710&species=human&fields=symbol%2Ctaxid%2Censembl.gene%2Cgo%2Cpathway&size=10,0,0,0,0,5,0,cytosol; phosphatidylinositol phosphate biosynthetic process; plasma membrane; protein binding; protein localization to plasma membrane,,unclear,unclear,unclear,limited,unclear,unclear,unclear,,Direct Alzheimer-specific evidence remains unclear from targeted review.,,,,1.0,,,,reviewed,0.0,0.0,unclear,0.0,0.0,0.0,0.0,0.0,0.0,
PDE10A,queried,"3',5'-cGMP-stimulated cyclic-nucleotide phosphodiesterase activity; 3',5'-cyclic-AMP phosphodiesterase activity; 3',5'-cyclic-GMP phosphodiesterase activity; 3',5'-cyclic-nucleotide phosphodiesterase activity; cAMP binding; cAMP catabolic process; cGMP binding; cGMP catabolic process; cytosol; glutamatergic synapse; negative regulation of cAMP/PKA signal transduction; negative regulation of receptor guanylyl cyclase signaling pathway; phosphoric diester hydrolase activity; signal transduction; synapse",kegg: Morphine addiction - Homo sapiens (human); kegg: Purine metabolism - Homo sapiens (human); kegg: cAMP signaling pathway - Homo sapiens (human); reactome: G alpha (s) signalling events; reactome: GPCR downstream signalling; reactome: Hemostasis; reactome: Nitric oxide stimulates guanylate cyclase; reactome: Platelet homeostasis; reactome: Signal Transduction; reactome: Signaling by GPCR; reactome: cGMP effects; smpdb: AICA-Ribosiduria; smpdb: Adenine phosphoribosyltransferase deficiency (APRT); smpdb: Adenosine Deaminase Deficiency; smpdb: Adenylosuccinate Lyase Deficiency; smpdb: Azathioprine Action Pathway; smpdb: Gout or Kelley-Seegmiller Syndrome; smpdb: Lesch-Nyhan Syndrome (LNS); smpdb: Mercaptopurine Action Pathway; smpdb: Mitochondrial DNA depletion syndrome; smpdb: Molybdenum Cofactor Deficiency; smpdb: Myoadenylate deaminase deficiency; smpdb: Purine Metabolism; smpdb: Purine Nucleoside Phosphorylase Deficiency; smpdb: Thioguanine Action Pathway; smpdb: Xanthine Dehydrogenase Deficiency (Xanthinuria); smpdb: Xanthinuria type I; smpdb: Xanthinuria type II; wikipathways: Phosphodiesterases in neuronal function,https://mygene.info/v3/query?q=ensembl.gene%3AENSG00000112541&species=human&fields=symbol%2Ctaxid%2Censembl.gene%2Cgo%2Cpathway&size=10,1,0,0,1,15,29,"3',5'-cGMP-stimulated cyclic-nucleotide phosphodiesterase activity; 3',5'-cyclic-AMP phosphodiesterase activity; 3',5'-cyclic-GMP phosphodiesterase activity; 3',5'-cyclic-nucleotide phosphodiesterase activity; cAMP binding; cAMP catabolic process; cGMP binding; cGMP catabolic process; cytosol; glutamatergic synapse; negative regulation of cAMP/PKA signal transduction; negative regulation of receptor guanylyl cyclase signaling pathway; phosphoric diester hydrolase activity; signal transduction; synapse",kegg: Morphine addiction - Homo sapiens (human); kegg: Purine metabolism - Homo sapiens (human); kegg: cAMP signaling pathway - Homo sapiens (human); reactome: G alpha (s) signalling events; reactome: GPCR downstream signalling; reactome: Hemostasis; reactome: Nitric oxide stimulates guanylate cyclase; reactome: Platelet homeostasis; reactome: Signal Transduction; reactome: Signaling by GPCR; reactome: cGMP effects; smpdb: AICA-Ribosiduria; smpdb: Adenine phosphoribosyltransferase deficiency (APRT); smpdb: Adenosine Deaminase Deficiency; smpdb: Adenylosuccinate Lyase Deficiency; smpdb: Azathioprine Action Pathway; smpdb: Gout or Kelley-Seegmiller Syndrome; smpdb: Lesch-Nyhan Syndrome (LNS); smpdb: Mercaptopurine Action Pathway; smpdb: Mitochondrial DNA depletion syndrome; smpdb: Molybdenum Cofactor Deficiency; smpdb: Myoadenylate deaminase deficiency; smpdb: Purine Metabolism; smpdb: Purine Nucleoside Phosphorylase Deficiency; smpdb: Thioguanine Action Pathway; smpdb: Xanthine Dehydrogenase Deficiency (Xanthinuria); smpdb: Xanthinuria type I; smpdb: Xanthinuria type II; wikipathways: Phosphodiesterases in neuronal function,moderate,limited,yes,yes,yes,yes,yes,41146234,"PDE10A inhibition improves CREB signaling and neuronal resilience in AD models, reducing amyloid-beta, phosphorylated tau and neuroinflammation while improving synaptic and cognitive phenotypes.",2.0,1.0,1.0,1.0,1.0,1.0,1.0,reviewed,12.0,10.0,strong_candidate,7.0,9.0,2.0,1.0,1.0,1.0,41146234;33914237;32938236;33356029;34907481;31728850;40215195;33414502;24184653;29175000
P2RX7,queried,ATP binding; apoptotic signaling pathway; bleb; bleb assembly; calcium ion transmembrane transport; calcium-mediated signaling; cell surface receptor signaling pathway; cell-cell junction; cellular response to ATP; channel activity; cytoplasm; excitatory postsynaptic potential; external side of plasma membrane; extracellularly ATP-gated monoatomic cation channel activity; extrinsic apoptotic signaling pathway; identical protein binding; lipopolysaccharide binding; membrane; membrane depolarization; monoatomic cation transmembrane transport; monoatomic ion channel activity; monoatomic ion transport; negative regulation of MAPK cascade; negative regulation of bone resorption; negative regulation of cell volume; neuromuscular junction; neuronal cell body; organophosphate ester transport; plasma membrane; plasma membrane phospholipid scrambling; pore complex assembly; positive regulation of NLRP3 inflammasome complex assembly; positive regulation of bleb assembly; positive regulation of bone mineralization; positive regulation of calcium ion transport into cytosol; positive regulation of cellular component organization; positive regulation of cytoskeleton organization; positive regulation of gene expression; positive regulation of glycolytic process; positive regulation of interleukin-1 beta production; positive regulation of monoatomic ion transmembrane transport; postsynapse; potassium channel activity; potassium ion transmembrane transport; protein binding; protein homotrimerization; purinergic nucleotide receptor activity; purinergic nucleotide receptor signaling pathway; regulation of sodium ion transport; regulation of transport; response to ATP; response to ischemia; sensory perception of pain; signaling receptor activity; signaling receptor binding; sodium channel activity; sodium ion transmembrane transport; synapse,"kegg: Calcium signaling pathway - Homo sapiens (human); kegg: NOD-like receptor signaling pathway - Homo sapiens (human); kegg: Neuroactive ligand-receptor interaction - Homo sapiens (human); reactome: Cell recruitment (pro-inflammatory response); reactome: Cellular responses to mechanical stimuli; reactome: Cellular responses to stimuli; reactome: Disease; reactome: Elevation of cytosolic Ca2+ levels; reactome: Hemostasis; reactome: Immune System; reactome: Infectious disease; reactome: Inflammasomes; reactome: Innate Immune System; reactome: Leishmania infection; reactome: Mechanical load activates signaling by PIEZO1 and integrins in osteocytes; reactome: Nucleotide-binding domain, leucine rich repeat containing receptor (NLR) signaling pathways; reactome: Parasitic Infection Pathways; reactome: Platelet calcium homeostasis; reactome: Platelet homeostasis; reactome: Purinergic signaling in leishmaniasis infection; reactome: The NLRP3 inflammasome; wikipathways: Purinergic signaling",https://mygene.info/v3/query?q=ensembl.gene%3AENSG00000089041&species=human&fields=symbol%2Ctaxid%2Censembl.gene%2Cgo%2Cpathway&size=10,1,0,1,1,58,22,ATP binding; apoptotic signaling pathway; bleb; bleb assembly; calcium ion transmembrane transport; calcium-mediated signaling; cell surface receptor signaling pathway; cell-cell junction; cellular response to ATP; channel activity; cytoplasm; excitatory postsynaptic potential; external side of plasma membrane; extracellularly ATP-gated monoatomic cation channel activity; extrinsic apoptotic signaling pathway; identical protein binding; lipopolysaccharide binding; membrane; membrane depolarization; monoatomic cation transmembrane transport; monoatomic ion channel activity; monoatomic ion transport; negative regulation of MAPK cascade; negative regulation of bone resorption; negative regulation of cell volume; neuromuscular junction; neuronal cell body; organophosphate ester transport; plasma membrane; plasma membrane phospholipid scrambling; pore complex assembly; positive regulation of NLRP3 inflammasome complex assembly; positive regulation of bleb assembly; positive regulation of bone mineralization; positive regulation of calcium ion transport into cytosol; positive regulation of cellular component organization; positive regulation of cytoskeleton organization; positive regulation of gene expression; positive regulation of glycolytic process; positive regulation of interleukin-1 beta production; positive regulation of monoatomic ion transmembrane transport; postsynapse; potassium channel activity; potassium ion transmembrane transport; protein binding; protein homotrimerization; purinergic nucleotide receptor activity; purinergic nucleotide receptor signaling pathway; regulation of sodium ion transport; regulation of transport; response to ATP; response to ischemia; sensory perception of pain; signaling receptor activity; signaling receptor binding; sodium channel activity; sodium ion transmembrane transport; synapse,"kegg: Calcium signaling pathway - Homo sapiens (human); kegg: NOD-like receptor signaling pathway - Homo sapiens (human); kegg: Neuroactive ligand-receptor interaction - Homo sapiens (human); reactome: Cell recruitment (pro-inflammatory response); reactome: Cellular responses to mechanical stimuli; reactome: Cellular responses to stimuli; reactome: Disease; reactome: Elevation of cytosolic Ca2+ levels; reactome: Hemostasis; reactome: Immune System; reactome: Infectious disease; reactome: Inflammasomes; reactome: Innate Immune System; reactome: Leishmania infection; reactome: Mechanical load activates signaling by PIEZO1 and integrins in osteocytes; reactome: Nucleotide-binding domain, leucine rich repeat containing receptor (NLR) signaling pathways; reactome: Parasitic Infection Pathways; reactome: Platelet calcium homeostasis; reactome: Platelet homeostasis; reactome: Purinergic signaling in leishmaniasis infection; reactome: The NLRP3 inflammasome; wikipathways: Purinergic signaling",moderate,yes,yes,limited,unclear,limited,yes,40987420,P2RX7 regulates human microglia-like cell function and has been linked to inflammatory pathways associated with Alzheimer disease traits.,2.0,1.0,1.0,1.0,,1.0,1.0,reviewed,15.0,10.0,strong_candidate,7.0,9.0,4.0,4.0,3.0,8.0,40678243;32116543;40987420;38645234;35887215;32811520;41672153;38360834;32423012;40207815
NCALD,queried,actin binding; alpha-tubulin binding; calcium ion binding; calcium-mediated signaling; clathrin binding; clathrin coat of trans-Golgi network vesicle; cytosol; protein binding; regulation of signal transduction; tubulin binding; vesicle-mediated transport,kegg: Olfactory transduction - Homo sapiens (human); reactome: Activation of Ca-permeable Kainate Receptor; reactome: Activation of kainate receptors upon glutamate binding; reactome: Ionotropic activity of kainate receptors; reactome: Neuronal System; reactome: Neurotransmitter receptors and postsynaptic signal transmission; reactome: Transmission across Chemical Synapses,https://mygene.info/v3/query?q=ensembl.gene%3AENSG00000104490&species=human&fields=symbol%2Ctaxid%2Censembl.gene%2Cgo%2Cpathway&size=10,0,0,0,0,11,7,actin binding; alpha-tubulin binding; calcium ion binding; calcium-mediated signaling; clathrin binding; clathrin coat of trans-Golgi network vesicle; cytosol; protein binding; regulation of signal transduction; tubulin binding; vesicle-mediated transport,kegg: Olfactory transduction - Homo sapiens (human); reactome: Activation of Ca-permeable Kainate Receptor; reactome: Activation of kainate receptors upon glutamate binding; reactome: Ionotropic activity of kainate receptors; reactome: Neuronal System; reactome: Neurotransmitter receptors and postsynaptic signal transmission; reactome: Transmission across Chemical Synapses,moderate,yes,limited,limited,unclear,unclear,unclear,37349795,NCALD showed genome-wide significant pleiotropic association with longitudinal language and memory phenotypes relevant to AD and related dementias.,2.0,1.0,1.0,1.0,,,,reviewed,6.0,6.0,moderate_candidate,3.0,6.0,4.0,0.0,0.0,0.0,33356029;30469050;35883512;24496069;24844689;37349795
GFAP,queried,astrocyte end-foot; astrocyte projection; cell body; cytoplasm; cytoplasmic side of lysosomal membrane; cytoskeleton; cytosol; enteric nervous system development; glial cell projection; identical protein binding; integrin binding; intermediate filament; intermediate filament cytoskeleton; intermediate filament organization; kinase binding; lysosome; membrane; neural crest cell migration; positive regulation of glial cell proliferation; protein binding; regulation of chaperone-mediated autophagy; regulation of protein-containing complex assembly; response to ethanol; structural constituent of cytoskeleton,biocarta: prion pathway; kegg: JAK-STAT signaling pathway - Homo sapiens (human); reactome: Autophagy; reactome: Chaperone Mediated Autophagy; reactome: Nuclear signaling by ERBB4; reactome: Signal Transduction; reactome: Signaling by ERBB4; reactome: Signaling by Receptor Tyrosine Kinases; wikipathways: Neural Crest Differentiation; wikipathways: Spinal Cord Injury,https://mygene.info/v3/query?q=ensembl.gene%3AENSG00000131095&species=human&fields=symbol%2Ctaxid%2Censembl.gene%2Cgo%2Cpathway&size=10,0,0,0,0,24,10,astrocyte end-foot; astrocyte projection; cell body; cytoplasm; cytoplasmic side of lysosomal membrane; cytoskeleton; cytosol; enteric nervous system development; glial cell projection; identical protein binding; integrin binding; intermediate filament; intermediate filament cytoskeleton; intermediate filament organization; kinase binding; lysosome; membrane; neural crest cell migration; positive regulation of glial cell proliferation; protein binding; regulation of chaperone-mediated autophagy; regulation of protein-containing complex assembly; response to ethanol; structural constituent of cytoskeleton,biocarta: prion pathway; kegg: JAK-STAT signaling pathway - Homo sapiens (human); reactome: Autophagy; reactome: Chaperone Mediated Autophagy; reactome: Nuclear signaling by ERBB4; reactome: Signal Transduction; reactome: Signaling by ERBB4; reactome: Signaling by Receptor Tyrosine Kinases; wikipathways: Neural Crest Differentiation; wikipathways: Spinal Cord Injury,,,,,,,,,,,,,,,,,not_reviewed,2384.0,10.0,strong_candidate,7.0,4.0,1.0,7.0,6.0,3.0,37174709;38347190;37690071;38254693;40818509;38956042;41402627;40911305;39913137;39511865
SLC38A2,queried,"L-asparagine:sodium symporter activity; L-glutamine import across plasma membrane; L-glutamine transmembrane transporter activity; L-glutamine transport; L-proline import across plasma membrane; L-serine import across plasma membrane; L-serine transmembrane transporter activity; L-serine transport; acidic amino acid transmembrane transporter activity; acidic amino acid transport; alanine transport; alanine:sodium symporter activity; amino acid import; amino acid transmembrane transport; amino acid transmembrane transporter activity; amino acid transport; amino acid:sodium symporter activity; asparagine transport; axon; brush border; cellular response to amino acid starvation; cellular response to arsenite(3-); cellular response to mechanical stimulus; cerebral cortex development; cytoplasm; dendrite; female pregnancy; glycine betaine transport; glycine transport; glycine:sodium symporter activity; neuronal cell body; neurotransmitter transport; neutral L-amino acid transmembrane transporter activity; neutral L-amino acid:sodium symporter activity; neutral amino acid transport; plasma membrane; positive regulation of RNA splicing; positive regulation of gene expression; proline transport; proline:sodium symporter activity; protein binding; regulation of cellular response to stress; regulation of glutamate secretion, neurotransmission; response to muscle activity; sarcolemma; sodium ion transmembrane transport; transport across blood-brain barrier",kegg: GABAergic synapse - Homo sapiens (human); kegg: Glutamatergic synapse - Homo sapiens (human); kegg: Protein digestion and absorption - Homo sapiens (human); netpath: EGFR1; reactome: Amino acid transport across the plasma membrane; reactome: Glutamate Neurotransmitter Release Cycle; reactome: Neuronal System; reactome: Neurotransmitter release cycle; reactome: SLC-mediated transmembrane transport; reactome: SLC-mediated transport of amino acids; reactome: Transmission across Chemical Synapses; reactome: Transport of small molecules; wikipathways: Endochondral Ossification; wikipathways: Endochondral Ossification with Skeletal Dysplasias,https://mygene.info/v3/query?q=ensembl.gene%3AENSG00000134294&species=human&fields=symbol%2Ctaxid%2Censembl.gene%2Cgo%2Cpathway&size=10,0,1,0,1,47,14,"L-asparagine:sodium symporter activity; L-glutamine import across plasma membrane; L-glutamine transmembrane transporter activity; L-glutamine transport; L-proline import across plasma membrane; L-serine import across plasma membrane; L-serine transmembrane transporter activity; L-serine transport; acidic amino acid transmembrane transporter activity; acidic amino acid transport; alanine transport; alanine:sodium symporter activity; amino acid import; amino acid transmembrane transport; amino acid transmembrane transporter activity; amino acid transport; amino acid:sodium symporter activity; asparagine transport; axon; brush border; cellular response to amino acid starvation; cellular response to arsenite(3-); cellular response to mechanical stimulus; cerebral cortex development; cytoplasm; dendrite; female pregnancy; glycine betaine transport; glycine transport; glycine:sodium symporter activity; neuronal cell body; neurotransmitter transport; neutral L-amino acid transmembrane transporter activity; neutral L-amino acid:sodium symporter activity; neutral amino acid transport; plasma membrane; positive regulation of RNA splicing; positive regulation of gene expression; proline transport; proline:sodium symporter activity; protein binding; regulation of cellular response to stress; regulation of glutamate secretion, neurotransmission; response to muscle activity; sarcolemma; sodium ion transmembrane transport; transport across blood-brain barrier",kegg: GABAergic synapse - Homo sapiens (human); kegg: Glutamatergic synapse - Homo sapiens (human); kegg: Protein digestion and absorption - Homo sapiens (human); netpath: EGFR1; reactome: Amino acid transport across the plasma membrane; reactome: Glutamate Neurotransmitter Release Cycle; reactome: Neuronal System; reactome: Neurotransmitter release cycle; reactome: SLC-mediated transmembrane transport; reactome: SLC-mediated transport of amino acids; reactome: Transmission across Chemical Synapses; reactome: Transport of small molecules; wikipathways: Endochondral Ossification; wikipathways: Endochondral Ossification with Skeletal Dysplasias,,,,,,,,,,,,,,,,,not_reviewed,6.0,6.0,moderate_candidate,4.0,5.0,3.0,3.0,1.0,1.0,38478169;35282112;39606402;41715163;33875655;40060644
ZDHHC23,queried,Golgi apparatus; Golgi membrane; endoplasmic reticulum; palmitoyltransferase activity; protein binding; protein localization to plasma membrane; protein palmitoylation; protein targeting to membrane; protein-cysteine S-palmitoyltransferase activity,,https://mygene.info/v3/query?q=ensembl.gene%3AENSG00000184307&species=human&fields=symbol%2Ctaxid%2Censembl.gene%2Cgo%2Cpathway&size=10,0,0,0,0,9,0,Golgi apparatus; Golgi membrane; endoplasmic reticulum; palmitoyltransferase activity; protein binding; protein localization to plasma membrane; protein palmitoylation; protein targeting to membrane; protein-cysteine S-palmitoyltransferase activity,,,,,,,,,,,,,,,,,,not_reviewed,0.0,0.0,unclear,0.0,0.0,0.0,0.0,0.0,0.0,
GAD1,queried,GABA biosynthetic process; GABA shunt; GABA-ergic synapse; L-glutamate catabolic process; axon; axon terminus; carbon-carbon lyase activity; carboxy-lyase activity; cell cortex; chemical synaptic transmission; clathrin-sculpted gamma-aminobutyric acid transport vesicle membrane; cytoplasm; glutamate decarboxylase activity; identical protein binding; inhibitory synapse; neuron projection terminus; perinuclear region of cytoplasm; plasma membrane; presynapse; presynaptic active zone; protein binding; pyridoxal phosphate binding; synapse; vesicle membrane,"humancyc: GABA shunt; humancyc: glutamate dependent acid resistance; kegg: Alanine, aspartate and glutamate metabolism - Homo sapiens (human); kegg: Butanoate metabolism - Homo sapiens (human); kegg: GABAergic synapse - Homo sapiens (human); kegg: Taurine and hypotaurine metabolism - Homo sapiens (human); kegg: Type I diabetes mellitus - Homo sapiens (human); kegg: beta-Alanine metabolism - Homo sapiens (human); reactome: GABA synthesis; reactome: GABA synthesis, release, reuptake and degradation; reactome: Gene expression (Transcription); reactome: Generic Transcription Pathway; reactome: MECP2 regulates transcription of genes involved in GABA signaling; reactome: Neuronal System; reactome: Neurotransmitter release cycle; reactome: RNA Polymerase II Transcription; reactome: Transcriptional Regulation by MECP2; reactome: Transmission across Chemical Synapses; smpdb: 2-Hydroxyglutric Aciduria (D And L Form); smpdb: 4-Hydroxybutyric Aciduria/Succinic Semialdehyde Dehydrogenase Deficiency; smpdb: Aspartate Metabolism; smpdb: Beta-Alanine Metabolism; smpdb: Canavan Disease; smpdb: Carnosinuria, carnosinemia; smpdb: GABA-Transaminase Deficiency; smpdb: Glutamate Metabolism; smpdb: Homocarnosinosis; smpdb: Hyperinsulinism-Hyperammonemia Syndrome; smpdb: Hypoacetylaspartia; smpdb: Succinic semialdehyde dehydrogenase deficiency; smpdb: Taurine and Hypotaurine Metabolism; smpdb: Ureidopropionase deficiency; wikipathways: Alanine and aspartate metabolism; wikipathways: Biogenic Amine Synthesis; wikipathways: Fragile X Syndrome; wikipathways: MECP2 and Associated Rett Syndrome; wikipathways: One-carbon metabolism and related pathways",https://mygene.info/v3/query?q=ensembl.gene%3AENSG00000128683&species=human&fields=symbol%2Ctaxid%2Censembl.gene%2Cgo%2Cpathway&size=10,1,0,0,1,24,37,GABA biosynthetic process; GABA shunt; GABA-ergic synapse; L-glutamate catabolic process; axon; axon terminus; carbon-carbon lyase activity; carboxy-lyase activity; cell cortex; chemical synaptic transmission; clathrin-sculpted gamma-aminobutyric acid transport vesicle membrane; cytoplasm; glutamate decarboxylase activity; identical protein binding; inhibitory synapse; neuron projection terminus; perinuclear region of cytoplasm; plasma membrane; presynapse; presynaptic active zone; protein binding; pyridoxal phosphate binding; synapse; vesicle membrane,"humancyc: GABA shunt; humancyc: glutamate dependent acid resistance; kegg: Alanine, aspartate and glutamate metabolism - Homo sapiens (human); kegg: Butanoate metabolism - Homo sapiens (human); kegg: GABAergic synapse - Homo sapiens (human); kegg: Taurine and hypotaurine metabolism - Homo sapiens (human); kegg: Type I diabetes mellitus - Homo sapiens (human); kegg: beta-Alanine metabolism - Homo sapiens (human); reactome: GABA synthesis; reactome: GABA synthesis, release, reuptake and degradation; reactome: Gene expression (Transcription); reactome: Generic Transcription Pathway; reactome: MECP2 regulates transcription of genes involved in GABA signaling; reactome: Neuronal System; reactome: Neurotransmitter release cycle; reactome: RNA Polymerase II Transcription; reactome: Transcriptional Regulation by MECP2; reactome: Transmission across Chemical Synapses; smpdb: 2-Hydroxyglutric Aciduria (D And L Form); smpdb: 4-Hydroxybutyric Aciduria/Succinic Semialdehyde Dehydrogenase Deficiency; smpdb: Aspartate Metabolism; smpdb: Beta-Alanine Metabolism; smpdb: Canavan Disease; smpdb: Carnosinuria, carnosinemia; smpdb: GABA-Transaminase Deficiency; smpdb: Glutamate Metabolism; smpdb: Homocarnosinosis; smpdb: Hyperinsulinism-Hyperammonemia Syndrome; smpdb: Hypoacetylaspartia; smpdb: Succinic semialdehyde dehydrogenase deficiency; smpdb: Taurine and Hypotaurine Metabolism; smpdb: Ureidopropionase deficiency; wikipathways: Alanine and aspartate metabolism; wikipathways: Biogenic Amine Synthesis; wikipathways: Fragile X Syndrome; wikipathways: MECP2 and Associated Rett Syndrome; wikipathways: One-carbon metabolism and related pathways",,,,,,,,,,,,,,,,,not_reviewed,16.0,10.0,strong_candidate,6.0,9.0,7.0,1.0,3.0,4.0,39650656;40467545;39210294;41278630;42161970;36635346;39213070;41868603;41300737;31507372
TSPAN7,queried,membrane; plasma membrane; protein binding,"kegg: Transcriptional misregulation in cancer - Homo sapiens (human); reactome: Cell surface interactions at the vascular wall; reactome: Glutamate binding, activation of AMPA receptors and synaptic plasticity; reactome: Hemostasis; reactome: Neuronal System; reactome: Neurotransmitter receptors and postsynaptic signal transmission; reactome: Trafficking of AMPA receptors; reactome: Trafficking of GluR2-containing AMPA receptors; reactome: Transmission across Chemical Synapses",https://mygene.info/v3/query?q=ensembl.gene%3AENSG00000156298&species=human&fields=symbol%2Ctaxid%2Censembl.gene%2Cgo%2Cpathway&size=10,0,0,0,0,3,9,membrane; plasma membrane; protein binding,"kegg: Transcriptional misregulation in cancer - Homo sapiens (human); reactome: Cell surface interactions at the vascular wall; reactome: Glutamate binding, activation of AMPA receptors and synaptic plasticity; reactome: Hemostasis; reactome: Neuronal System; reactome: Neurotransmitter receptors and postsynaptic signal transmission; reactome: Trafficking of AMPA receptors; reactome: Trafficking of GluR2-containing AMPA receptors; reactome: Transmission across Chemical Synapses",,,,,,,,,,,,,,,,,not_reviewed,1.0,1.0,limited_candidate,1.0,1.0,1.0,0.0,1.0,1.0,32468130
HTR3B,queried,calcium ion transport; cell surface; extracellular ligand-gated monoatomic ion channel activity; ligand-gated monoatomic ion channel activity; membrane; monoatomic ion channel activity; monoatomic ion transmembrane transport; monoatomic ion transport; plasma membrane; postsynaptic membrane; serotonin receptor signaling pathway; serotonin-activated cation-selective channel complex; serotonin-gated cation-selective signaling pathway; serotonin-gated monoatomic cation channel activity; transmembrane signaling receptor activity; transmembrane transport,kegg: Serotonergic synapse - Homo sapiens (human); kegg: Taste transduction - Homo sapiens (human); reactome: Neuronal System; reactome: Neurotransmitter receptors and postsynaptic signal transmission; reactome: Transmission across Chemical Synapses,https://mygene.info/v3/query?q=ensembl.gene%3AENSG00000149305&species=human&fields=symbol%2Ctaxid%2Censembl.gene%2Cgo%2Cpathway&size=10,1,0,0,1,16,5,calcium ion transport; cell surface; extracellular ligand-gated monoatomic ion channel activity; ligand-gated monoatomic ion channel activity; membrane; monoatomic ion channel activity; monoatomic ion transmembrane transport; monoatomic ion transport; plasma membrane; postsynaptic membrane; serotonin receptor signaling pathway; serotonin-activated cation-selective channel complex; serotonin-gated cation-selective signaling pathway; serotonin-gated monoatomic cation channel activity; transmembrane signaling receptor activity; transmembrane transport,kegg: Serotonergic synapse - Homo sapiens (human); kegg: Taste transduction - Homo sapiens (human); reactome: Neuronal System; reactome: Neurotransmitter receptors and postsynaptic signal transmission; reactome: Transmission across Chemical Synapses,,,,,,,,,,,,,,,,,not_reviewed,1.0,1.0,limited_candidate,1.0,1.0,1.0,0.0,0.0,0.0,39329756
CSF1,queried,CSF1-CSF1R complex; cell surface receptor protein tyrosine kinase signaling pathway; cytokine activity; developmental process involved in reproduction; endoplasmic reticulum lumen; extracellular region; growth factor activity; identical protein binding; innate immune response; macrophage colony-stimulating factor receptor binding; macrophage colony-stimulating factor signaling pathway; macrophage differentiation; membrane; microglial cell proliferation; monocyte activation; osteoclast differentiation; perinuclear region of cytoplasm; plasma membrane; positive regulation of cell migration; positive regulation of cell population proliferation; positive regulation of cell-matrix adhesion; positive regulation of gene expression; positive regulation of immune system process; positive regulation of macrophage chemotaxis; positive regulation of macrophage colony-stimulating factor signaling pathway; positive regulation of macrophage derived foam cell differentiation; positive regulation of macrophage differentiation; positive regulation of macrophage migration; positive regulation of microglial cell migration; positive regulation of monocyte differentiation; positive regulation of mononuclear cell proliferation; positive regulation of osteoclast differentiation; positive regulation of protein metabolic process; protein binding; protein homodimerization activity; regulation of macrophage derived foam cell differentiation; response to ischemia; signaling receptor complex,biocarta: mets affect on macrophage differentiation; kegg: Alzheimer disease - Homo sapiens (human); kegg: Cytokine-cytokine receptor interaction - Homo sapiens (human); kegg: Hematopoietic cell lineage - Homo sapiens (human); kegg: MAPK signaling pathway - Homo sapiens (human); kegg: Osteoclast differentiation - Homo sapiens (human); kegg: PI3K-Akt signaling pathway - Homo sapiens (human); kegg: Pathways of neurodegeneration - multiple diseases - Homo sapiens (human); kegg: Rap1 signaling pathway - Homo sapiens (human); kegg: Ras signaling pathway - Homo sapiens (human); kegg: Rheumatoid arthritis - Homo sapiens (human); kegg: TNF signaling pathway - Homo sapiens (human); kegg: Viral protein interaction with cytokine and cytokine receptor - Homo sapiens (human); pid: Integrins in angiogenesis; pid: Signaling events mediated by PTP1B; pid: Signaling events mediated by TCPTP; reactome: Cytokine Signaling in Immune system; reactome: Developmental Biology; reactome: Developmental Cell Lineages; reactome: Differentiation of Circulating Monocytes; reactome: Immune System; reactome: Interleukin-10 signaling; reactome: MITF-M-regulated melanocyte development; reactome: Metabolism of proteins; reactome: Other interleukin signaling; reactome: Post-translational protein modification; reactome: Post-translational protein phosphorylation; reactome: Regulation of Insulin-like Growth Factor (IGF) transport and uptake by Insulin-like Growth Factor Binding Proteins (IGFBPs); reactome: Signaling by CSF1 (M-CSF) in myeloid cells; reactome: Signaling by Interleukins; reactome: Transcriptional and post-translational regulation of MITF-M expression and activity; wikipathways: Cytokines and Inflammatory Response; wikipathways: Development of pulmonary dendritic cells and macrophage subsets; wikipathways: Differentiation Pathway; wikipathways: Focal Adhesion-PI3K-Akt-mTOR-signaling pathway; wikipathways: Folate Metabolism; wikipathways: PI3K-Akt signaling pathway,https://mygene.info/v3/query?q=ensembl.gene%3AENSG00000184371&species=human&fields=symbol%2Ctaxid%2Censembl.gene%2Cgo%2Cpathway&size=10,0,0,1,0,38,37,CSF1-CSF1R complex; cell surface receptor protein tyrosine kinase signaling pathway; cytokine activity; developmental process involved in reproduction; endoplasmic reticulum lumen; extracellular region; growth factor activity; identical protein binding; innate immune response; macrophage colony-stimulating factor receptor binding; macrophage colony-stimulating factor signaling pathway; macrophage differentiation; membrane; microglial cell proliferation; monocyte activation; osteoclast differentiation; perinuclear region of cytoplasm; plasma membrane; positive regulation of cell migration; positive regulation of cell population proliferation; positive regulation of cell-matrix adhesion; positive regulation of gene expression; positive regulation of immune system process; positive regulation of macrophage chemotaxis; positive regulation of macrophage colony-stimulating factor signaling pathway; positive regulation of macrophage derived foam cell differentiation; positive regulation of macrophage differentiation; positive regulation of macrophage migration; positive regulation of microglial cell migration; positive regulation of monocyte differentiation; positive regulation of mononuclear cell proliferation; positive regulation of osteoclast differentiation; positive regulation of protein metabolic process; protein binding; protein homodimerization activity; regulation of macrophage derived foam cell differentiation; response to ischemia; signaling receptor complex,biocarta: mets affect on macrophage differentiation; kegg: Alzheimer disease - Homo sapiens (human); kegg: Cytokine-cytokine receptor interaction - Homo sapiens (human); kegg: Hematopoietic cell lineage - Homo sapiens (human); kegg: MAPK signaling pathway - Homo sapiens (human); kegg: Osteoclast differentiation - Homo sapiens (human); kegg: PI3K-Akt signaling pathway - Homo sapiens (human); kegg: Pathways of neurodegeneration - multiple diseases - Homo sapiens (human); kegg: Rap1 signaling pathway - Homo sapiens (human); kegg: Ras signaling pathway - Homo sapiens (human); kegg: Rheumatoid arthritis - Homo sapiens (human); kegg: TNF signaling pathway - Homo sapiens (human); kegg: Viral protein interaction with cytokine and cytokine receptor - Homo sapiens (human); pid: Integrins in angiogenesis; pid: Signaling events mediated by PTP1B; pid: Signaling events mediated by TCPTP; reactome: Cytokine Signaling in Immune system; reactome: Developmental Biology; reactome: Developmental Cell Lineages; reactome: Differentiation of Circulating Monocytes; reactome: Immune System; reactome: Interleukin-10 signaling; reactome: MITF-M-regulated melanocyte development; reactome: Metabolism of proteins; reactome: Other interleukin signaling; reactome: Post-translational protein modification; reactome: Post-translational protein phosphorylation; reactome: Regulation of Insulin-like Growth Factor (IGF) transport and uptake by Insulin-like Growth Factor Binding Proteins (IGFBPs); reactome: Signaling by CSF1 (M-CSF) in myeloid cells; reactome: Signaling by Interleukins; reactome: Transcriptional and post-translational regulation of MITF-M expression and activity; wikipathways: Cytokines and Inflammatory Response; wikipathways: Development of pulmonary dendritic cells and macrophage subsets; wikipathways: Differentiation Pathway; wikipathways: Focal Adhesion-PI3K-Akt-mTOR-signaling pathway; wikipathways: Folate Metabolism; wikipathways: PI3K-Akt signaling pathway,,,,,,,,,,,,,,,,,not_reviewed,32.0,10.0,strong_candidate,10.0,9.0,0.0,1.0,4.0,9.0,39334471;40069774;40389754;33350588;40570367;39554174;38184014;33402196;39571157;30104955
UHRF1,queried,DNA damage response; DNA damage sensor activity; chromatin; chromosomal DNA methylation maintenance following DNA replication; chromosome; cis-regulatory region sequence-specific DNA binding; double-strand break repair via homologous recombination; epigenetic regulation of gene expression; euchromatin; hemi-methylated DNA-binding; heterochromatin; heterochromatin formation; histone H3 reader activity; histone H3 ubiquitin ligase activity; histone H3K14 ubiquitin ligase activity; histone H3K18 ubiquitin ligase activity; histone H3K23 ubiquitin ligase activity; histone H3K9me2/3 reader activity; histone binding; homologous recombination; identical protein binding; methyl-CpG binding; mitotic spindle assembly; negative regulation of gene expression via chromosomal CpG island methylation; negative regulation of transcription by RNA polymerase II; nuclear matrix; nucleic acid binding; nucleoplasm; nucleus; positive regulation of protein metabolic process; positive regulation of transcription by RNA polymerase II; protein autoubiquitination; protein binding; protein localization to chromatin; protein ubiquitination; regulation of epithelial cell proliferation; replication fork; response to stress; spindle; ubiquitin protein ligase activity; ubiquitin-dependent protein catabolic process; ubiquitin-protein transferase activity; zinc ion binding,reactome: Chromatin modifications during the maternal to zygotic transition (MZT); reactome: DNA methylation; reactome: Developmental Biology; reactome: Epigenetic regulation of gene expression; reactome: Gene expression (Transcription); reactome: Maternal to zygotic transition (MZT); wikipathways: Pathways affected in adenoid cystic carcinoma,https://mygene.info/v3/query?q=ensembl.gene%3AENSG00000276043&species=human&fields=symbol%2Ctaxid%2Censembl.gene%2Cgo%2Cpathway&size=10,0,0,0,0,43,7,DNA damage response; DNA damage sensor activity; chromatin; chromosomal DNA methylation maintenance following DNA replication; chromosome; cis-regulatory region sequence-specific DNA binding; double-strand break repair via homologous recombination; epigenetic regulation of gene expression; euchromatin; hemi-methylated DNA-binding; heterochromatin; heterochromatin formation; histone H3 reader activity; histone H3 ubiquitin ligase activity; histone H3K14 ubiquitin ligase activity; histone H3K18 ubiquitin ligase activity; histone H3K23 ubiquitin ligase activity; histone H3K9me2/3 reader activity; histone binding; homologous recombination; identical protein binding; methyl-CpG binding; mitotic spindle assembly; negative regulation of gene expression via chromosomal CpG island methylation; negative regulation of transcription by RNA polymerase II; nuclear matrix; nucleic acid binding; nucleoplasm; nucleus; positive regulation of protein metabolic process; positive regulation of transcription by RNA polymerase II; protein autoubiquitination; protein binding; protein localization to chromatin; protein ubiquitination; regulation of epithelial cell proliferation; replication fork; response to stress; spindle; ubiquitin protein ligase activity; ubiquitin-dependent protein catabolic process; ubiquitin-protein transferase activity; zinc ion binding,reactome: Chromatin modifications during the maternal to zygotic transition (MZT); reactome: DNA methylation; reactome: Developmental Biology; reactome: Epigenetic regulation of gene expression; reactome: Gene expression (Transcription); reactome: Maternal to zygotic transition (MZT); wikipathways: Pathways affected in adenoid cystic carcinoma,,,,,,,,,,,,,,,,,not_reviewed,2.0,2.0,limited_candidate,1.0,2.0,0.0,0.0,0.0,0.0,36646969;32918118
DIRAS1,queried,GTP binding; GTPase activity; membrane; mitogen-activated protein kinase binding; plasma membrane; positive regulation of MAP kinase activity; protein binding; signal transduction; small GTPase-mediated signal transduction,,https://mygene.info/v3/query?q=ensembl.gene%3AENSG00000176490&species=human&fields=symbol%2Ctaxid%2Censembl.gene%2Cgo%2Cpathway&size=10,0,0,0,0,9,0,GTP binding; GTPase activity; membrane; mitogen-activated protein kinase binding; plasma membrane; positive regulation of MAP kinase activity; protein binding; signal transduction; small GTPase-mediated signal transduction,,,,,,,,,,,,,,,,,,not_reviewed,2.0,2.0,limited_candidate,1.0,0.0,0.0,1.0,0.0,0.0,40149871;37149695
ARL4D,queried,GTP binding; GTPase activity; cytoplasm; intracellular protein transport; nucleolus; nucleus; plasma membrane; protein binding; protein secretion; vesicle-mediated transport,wikipathways: IL-18 signaling pathway,https://mygene.info/v3/query?q=ensembl.gene%3AENSG00000175906&species=human&fields=symbol%2Ctaxid%2Censembl.gene%2Cgo%2Cpathway&size=10,0,0,0,0,10,1,GTP binding; GTPase activity; cytoplasm; intracellular protein transport; nucleolus; nucleus; plasma membrane; protein binding; protein secretion; vesicle-mediated transport,wikipathways: IL-18 signaling pathway,,,,,,,,,,,,,,,,,not_reviewed,0.0,0.0,unclear,0.0,0.0,0.0,0.0,0.0,0.0,
IKZF2,queried,DNA-binding transcription factor activity; RNA polymerase II cis-regulatory region sequence-specific DNA binding; nucleoplasm; nucleus; protein binding; regulation of DNA-templated transcription; regulation of transcription by RNA polymerase II,"reactome: ATP-dependent chromatin remodelers; reactome: CHD chromatin remodelers; reactome: CHD3, CHD4, CHD5 subfamily; reactome: Chromatin organization; reactome: Interaction of NuRD complexes with transcription factors; reactome: NuRD complex assembly",https://mygene.info/v3/query?q=ensembl.gene%3AENSG00000030419&species=human&fields=symbol%2Ctaxid%2Censembl.gene%2Cgo%2Cpathway&size=10,0,0,0,0,7,6,DNA-binding transcription factor activity; RNA polymerase II cis-regulatory region sequence-specific DNA binding; nucleoplasm; nucleus; protein binding; regulation of DNA-templated transcription; regulation of transcription by RNA polymerase II,"reactome: ATP-dependent chromatin remodelers; reactome: CHD chromatin remodelers; reactome: CHD3, CHD4, CHD5 subfamily; reactome: Chromatin organization; reactome: Interaction of NuRD complexes with transcription factors; reactome: NuRD complex assembly",,,,,,,,,,,,,,,,,not_reviewed,0.0,0.0,unclear,0.0,0.0,0.0,0.0,0.0,0.0,
OGDHL,queried,"2-oxoglutarate metabolic process; mitochondrial matrix; mitochondrion; oxidoreductase activity, acting on the aldehyde or oxo group of donors, disulfide as acceptor; oxoglutarate dehydrogenase (succinyl-transferring) activity; oxoglutarate dehydrogenase complex; protein binding; thiamine pyrophosphate binding; tricarboxylic acid cycle",kegg: Citrate cycle (TCA cycle) - Homo sapiens (human),https://mygene.info/v3/query?q=ensembl.gene%3AENSG00000197444&species=human&fields=symbol%2Ctaxid%2Censembl.gene%2Cgo%2Cpathway&size=10,0,0,0,0,9,1,"2-oxoglutarate metabolic process; mitochondrial matrix; mitochondrion; oxidoreductase activity, acting on the aldehyde or oxo group of donors, disulfide as acceptor; oxoglutarate dehydrogenase (succinyl-transferring) activity; oxoglutarate dehydrogenase complex; protein binding; thiamine pyrophosphate binding; tricarboxylic acid cycle",kegg: Citrate cycle (TCA cycle) - Homo sapiens (human),,,,,,,,,,,,,,,,,not_reviewed,2.0,2.0,limited_candidate,1.0,1.0,0.0,1.0,1.0,1.0,34798170;31072331
ITGB8,queried,anatomical structure morphogenesis; animal gross anatomical part developmental process; cartilage development; cell adhesion; cell adhesion mediated by integrin; cell differentiation; cell migration; cell surface; cell surface receptor signaling pathway; cell-cell adhesion; cell-matrix adhesion; coreceptor activity; extracellular exosome; extracellular matrix protein binding; focal adhesion; integrin alphav-beta8 complex; integrin binding; integrin complex; integrin-mediated signaling pathway; negative regulation of gene expression; placenta blood vessel development; plasma membrane; positive regulation of angiogenesis; positive regulation of gene expression; vasculogenesis,kegg: Arrhythmogenic right ventricular cardiomyopathy - Homo sapiens (human); kegg: Cell adhesion molecules - Homo sapiens (human); kegg: Dilated cardiomyopathy - Homo sapiens (human); kegg: ECM-receptor interaction - Homo sapiens (human); kegg: Focal adhesion - Homo sapiens (human); kegg: Human papillomavirus infection - Homo sapiens (human); kegg: Hypertrophic cardiomyopathy - Homo sapiens (human); kegg: PI3K-Akt signaling pathway - Homo sapiens (human); kegg: Regulation of actin cytoskeleton - Homo sapiens (human); pid: Beta5 beta6 beta7 and beta8 integrin cell surface interactions; reactome: Elastic fibre formation; reactome: Extracellular matrix organization; reactome: Integrin cell surface interactions; reactome: Molecules associated with elastic fibres; reactome: Signal Transduction; reactome: Signaling by TGF-beta Receptor Complex; reactome: Signaling by TGFB family members; reactome: TGF-beta receptor signaling activates SMADs; wikipathways: Arrhythmogenic Right Ventricular Cardiomyopathy; wikipathways: Focal Adhesion; wikipathways: Focal Adhesion-PI3K-Akt-mTOR-signaling pathway; wikipathways: Hippo-Merlin Signaling Dysregulation; wikipathways: Integrin-mediated Cell Adhesion; wikipathways: Mechanoregulation and pathology of YAP-TAZ via Hippo and non-Hippo mechanisms; wikipathways: PI3K-Akt signaling pathway,https://mygene.info/v3/query?q=ensembl.gene%3AENSG00000105855&species=human&fields=symbol%2Ctaxid%2Censembl.gene%2Cgo%2Cpathway&size=10,0,0,0,0,25,25,anatomical structure morphogenesis; animal gross anatomical part developmental process; cartilage development; cell adhesion; cell adhesion mediated by integrin; cell differentiation; cell migration; cell surface; cell surface receptor signaling pathway; cell-cell adhesion; cell-matrix adhesion; coreceptor activity; extracellular exosome; extracellular matrix protein binding; focal adhesion; integrin alphav-beta8 complex; integrin binding; integrin complex; integrin-mediated signaling pathway; negative regulation of gene expression; placenta blood vessel development; plasma membrane; positive regulation of angiogenesis; positive regulation of gene expression; vasculogenesis,kegg: Arrhythmogenic right ventricular cardiomyopathy - Homo sapiens (human); kegg: Cell adhesion molecules - Homo sapiens (human); kegg: Dilated cardiomyopathy - Homo sapiens (human); kegg: ECM-receptor interaction - Homo sapiens (human); kegg: Focal adhesion - Homo sapiens (human); kegg: Human papillomavirus infection - Homo sapiens (human); kegg: Hypertrophic cardiomyopathy - Homo sapiens (human); kegg: PI3K-Akt signaling pathway - Homo sapiens (human); kegg: Regulation of actin cytoskeleton - Homo sapiens (human); pid: Beta5 beta6 beta7 and beta8 integrin cell surface interactions; reactome: Elastic fibre formation; reactome: Extracellular matrix organization; reactome: Integrin cell surface interactions; reactome: Molecules associated with elastic fibres; reactome: Signal Transduction; reactome: Signaling by TGF-beta Receptor Complex; reactome: Signaling by TGFB family members; reactome: TGF-beta receptor signaling activates SMADs; wikipathways: Arrhythmogenic Right Ventricular Cardiomyopathy; wikipathways: Focal Adhesion; wikipathways: Focal Adhesion-PI3K-Akt-mTOR-signaling pathway; wikipathways: Hippo-Merlin Signaling Dysregulation; wikipathways: Integrin-mediated Cell Adhesion; wikipathways: Mechanoregulation and pathology of YAP-TAZ via Hippo and non-Hippo mechanisms; wikipathways: PI3K-Akt signaling pathway,,,,,,,,,,,,,,,,,not_reviewed,2.0,2.0,limited_candidate,1.0,2.0,0.0,1.0,1.0,1.0,37749326;41720779
PTGS2,queried,"brown fat cell differentiation; cellular oxidant detoxification; cellular response to hypoxia; cellular response to non-ionic osmotic stress; cyclooxygenase pathway; cytoplasm; endoplasmic reticulum; endoplasmic reticulum lumen; endoplasmic reticulum membrane; enzyme binding; heme binding; lipoxygenase pathway; long-chain fatty acid biosynthetic process; negative regulation of apoptotic process; negative regulation of intrinsic apoptotic signaling pathway in response to osmotic stress; neuron projection; nuclear inner membrane; nuclear outer membrane; oxidoreductase activity, acting on paired donors, with incorporation or reduction of molecular oxygen; oxidoreductase activity, acting on single donors with incorporation of molecular oxygen; oxidoreductase activity, acting on single donors with incorporation of molecular oxygen, incorporation of two atoms of oxygen; peroxidase activity; positive regulation of brown fat cell differentiation; positive regulation of cell migration involved in sprouting angiogenesis; positive regulation of fever generation; positive regulation of fibroblast growth factor production; positive regulation of nitric oxide biosynthetic process; positive regulation of platelet-derived growth factor production; positive regulation of prostaglandin biosynthetic process; positive regulation of transforming growth factor beta production; positive regulation of vascular endothelial growth factor production; prostaglandin biosynthetic process; prostaglandin-endoperoxide synthase activity; prostanoid biosynthetic process; protein binding; protein homodimerization activity; regulation of blood pressure; regulation of inflammatory response; regulation of neuroinflammatory response; response to oxidative stress","humancyc: C20 prostanoid biosynthesis; humancyc: aspirin triggered resolvin D biosynthesis; humancyc: aspirin triggered resolvin E biosynthesis; humancyc: aspirin-triggered lipoxin biosynthesis; kegg: Alzheimer disease - Homo sapiens (human); kegg: Arachidonic acid metabolism - Homo sapiens (human); kegg: C-type lectin receptor signaling pathway - Homo sapiens (human); kegg: Chemical carcinogenesis - Homo sapiens (human); kegg: Human cytomegalovirus infection - Homo sapiens (human); kegg: Human papillomavirus infection - Homo sapiens (human); kegg: IL-17 signaling pathway - Homo sapiens (human); kegg: Kaposi sarcoma-associated herpesvirus infection - Homo sapiens (human); kegg: Leishmaniasis - Homo sapiens (human); kegg: MicroRNAs in cancer - Homo sapiens (human); kegg: NF-kappa B signaling pathway - Homo sapiens (human); kegg: Ovarian steroidogenesis - Homo sapiens (human); kegg: Oxytocin signaling pathway - Homo sapiens (human); kegg: Pathways in cancer - Homo sapiens (human); kegg: Pathways of neurodegeneration - multiple diseases - Homo sapiens (human); kegg: Regulation of lipolysis in adipocytes - Homo sapiens (human); kegg: Retrograde endocannabinoid signaling - Homo sapiens (human); kegg: Serotonergic synapse - Homo sapiens (human); kegg: Small cell lung cancer - Homo sapiens (human); kegg: TNF signaling pathway - Homo sapiens (human); kegg: VEGF signaling pathway - Homo sapiens (human); pid: C-MYB transcription factor network; pid: Calcineurin-regulated NFAT-dependent transcription in lymphocytes; pid: Calcium signaling in the CD4+ TCR pathway; pid: S1P1 pathway; pid: Signaling mediated by p38-alpha and p38-beta; reactome: Arachidonate metabolism; reactome: Biosynthesis of DHA-derived SPMs; reactome: Biosynthesis of DPA-derived SPMs; reactome: Biosynthesis of DPAn-3 SPMs; reactome: Biosynthesis of EPA-derived SPMs; reactome: Biosynthesis of electrophilic ω-3 PUFA oxo-derivatives; reactome: Biosynthesis of specialized proresolving mediators (SPMs); reactome: Cytokine Signaling in Immune system; reactome: Fatty acid metabolism; reactome: Immune System; reactome: Interleukin-10 signaling; reactome: Interleukin-4 and Interleukin-13 signaling; reactome: Metabolism; reactome: Metabolism of lipids; reactome: Signaling by Interleukins; reactome: Synthesis of 15-eicosatetraenoic acid derivatives; reactome: Synthesis of Prostaglandins (PG) and Thromboxanes (TX); smpdb: Acetaminophen  Action Pathway; smpdb: Acetylsalicylic Acid Action Pathway; smpdb: Antipyrine Action Pathway; smpdb: Antrafenine Action Pathway; smpdb: Arachidonic Acid Metabolism; smpdb: Bromfenac Action Pathway; smpdb: Carprofen Action Pathway; smpdb: Celecoxib Action Pathway; smpdb: Celecoxib Metabolism Pathway; smpdb: Diclofenac Action Pathway; smpdb: Diflunisal Action Pathway; smpdb: Etodolac Action Pathway; smpdb: Etoposide Action Pathway; smpdb: Etoposide Metabolism Pathway; smpdb: Etoricoxib Action Pathway; smpdb: Fenoprofen Action Pathway; smpdb: Flurbiprofen Action Pathway; smpdb: Ibuprofen Action Pathway; smpdb: Ibuprofen Metabolism Pathway; smpdb: Indomethacin Action Pathway; smpdb: Ketoprofen Action Pathway; smpdb: Ketorolac Action Pathway; smpdb: Leukotriene C4 Synthesis Deficiency; smpdb: Lornoxicam Action Pathway; smpdb: Lumiracoxib Action Pathway; smpdb: Magnesium salicylate Action Pathway; smpdb: Mefenamic Acid Action Pathway; smpdb: Meloxicam Action Pathway; smpdb: Nabumetone Action Pathway; smpdb: Naproxen Action Pathway; smpdb: Nepafenac Action Pathway; smpdb: Oxaprozin Action Pathway; smpdb: Phenylbutazone Action Pathway; smpdb: Piroxicam Action Pathway; smpdb: Rofecoxib Action Pathway; smpdb: Salicylate-sodium Action Pathway; smpdb: Salicylic Acid Action Pathway; smpdb: Salsalate Action Pathway; smpdb: Sulindac Action Pathway; smpdb: Suprofen Action Pathway; smpdb: Tenoxicam Action Pathway; smpdb: Tiaprofenic Acid Action Pathway; smpdb: Tolmetin Action Pathway; smpdb: Trisalicylate-choline Action Pathway; smpdb: Valdecoxib Action Pathway; wikipathways: Aryl Hydrocarbon Receptor Netpath; wikipathways: Aspirin and miRNAs; wikipathways: Chromosomal and microsatellite instability in colorectal cancer; wikipathways: Eicosanoid Synthesis; wikipathways: Eicosanoid metabolism via cyclooxygenases (COX); wikipathways: Gastrin signaling pathway; wikipathways: Glucocorticoid Receptor Pathway; wikipathways: Hepatitis C and Hepatocellular Carcinoma; wikipathways: IL-18 signaling pathway; wikipathways: Nuclear Receptors Meta-Pathway; wikipathways: Overview of nanoparticle effects; wikipathways: Photodynamic therapy-induced HIF-1 survival signaling; wikipathways: Photodynamic therapy-induced NF-kB survival signaling; wikipathways: Prostaglandin Synthesis and Regulation; wikipathways: Relationship between inflammation, COX-2 and EGFR; wikipathways: Selenium Micronutrient Network; wikipathways: Small cell lung cancer; wikipathways: Spinal Cord Injury; wikipathways: VEGFA-VEGFR2 Signaling Pathway",https://mygene.info/v3/query?q=ensembl.gene%3AENSG00000073756&species=human&fields=symbol%2Ctaxid%2Censembl.gene%2Cgo%2Cpathway&size=10,0,0,1,1,40,111,"brown fat cell differentiation; cellular oxidant detoxification; cellular response to hypoxia; cellular response to non-ionic osmotic stress; cyclooxygenase pathway; cytoplasm; endoplasmic reticulum; endoplasmic reticulum lumen; endoplasmic reticulum membrane; enzyme binding; heme binding; lipoxygenase pathway; long-chain fatty acid biosynthetic process; negative regulation of apoptotic process; negative regulation of intrinsic apoptotic signaling pathway in response to osmotic stress; neuron projection; nuclear inner membrane; nuclear outer membrane; oxidoreductase activity, acting on paired donors, with incorporation or reduction of molecular oxygen; oxidoreductase activity, acting on single donors with incorporation of molecular oxygen; oxidoreductase activity, acting on single donors with incorporation of molecular oxygen, incorporation of two atoms of oxygen; peroxidase activity; positive regulation of brown fat cell differentiation; positive regulation of cell migration involved in sprouting angiogenesis; positive regulation of fever generation; positive regulation of fibroblast growth factor production; positive regulation of nitric oxide biosynthetic process; positive regulation of platelet-derived growth factor production; positive regulation of prostaglandin biosynthetic process; positive regulation of transforming growth factor beta production; positive regulation of vascular endothelial growth factor production; prostaglandin biosynthetic process; prostaglandin-endoperoxide synthase activity; prostanoid biosynthetic process; protein binding; protein homodimerization activity; regulation of blood pressure; regulation of inflammatory response; regulation of neuroinflammatory response; response to oxidative stress","humancyc: C20 prostanoid biosynthesis; humancyc: aspirin triggered resolvin D biosynthesis; humancyc: aspirin triggered resolvin E biosynthesis; humancyc: aspirin-triggered lipoxin biosynthesis; kegg: Alzheimer disease - Homo sapiens (human); kegg: Arachidonic acid metabolism - Homo sapiens (human); kegg: C-type lectin receptor signaling pathway - Homo sapiens (human); kegg: Chemical carcinogenesis - Homo sapiens (human); kegg: Human cytomegalovirus infection - Homo sapiens (human); kegg: Human papillomavirus infection - Homo sapiens (human); kegg: IL-17 signaling pathway - Homo sapiens (human); kegg: Kaposi sarcoma-associated herpesvirus infection - Homo sapiens (human); kegg: Leishmaniasis - Homo sapiens (human); kegg: MicroRNAs in cancer - Homo sapiens (human); kegg: NF-kappa B signaling pathway - Homo sapiens (human); kegg: Ovarian steroidogenesis - Homo sapiens (human); kegg: Oxytocin signaling pathway - Homo sapiens (human); kegg: Pathways in cancer - Homo sapiens (human); kegg: Pathways of neurodegeneration - multiple diseases - Homo sapiens (human); kegg: Regulation of lipolysis in adipocytes - Homo sapiens (human); kegg: Retrograde endocannabinoid signaling - Homo sapiens (human); kegg: Serotonergic synapse - Homo sapiens (human); kegg: Small cell lung cancer - Homo sapiens (human); kegg: TNF signaling pathway - Homo sapiens (human); kegg: VEGF signaling pathway - Homo sapiens (human); pid: C-MYB transcription factor network; pid: Calcineurin-regulated NFAT-dependent transcription in lymphocytes; pid: Calcium signaling in the CD4+ TCR pathway; pid: S1P1 pathway; pid: Signaling mediated by p38-alpha and p38-beta; reactome: Arachidonate metabolism; reactome: Biosynthesis of DHA-derived SPMs; reactome: Biosynthesis of DPA-derived SPMs; reactome: Biosynthesis of DPAn-3 SPMs; reactome: Biosynthesis of EPA-derived SPMs; reactome: Biosynthesis of electrophilic ω-3 PUFA oxo-derivatives; reactome: Biosynthesis of specialized proresolving mediators (SPMs); reactome: Cytokine Signaling in Immune system; reactome: Fatty acid metabolism; reactome: Immune System; reactome: Interleukin-10 signaling; reactome: Interleukin-4 and Interleukin-13 signaling; reactome: Metabolism; reactome: Metabolism of lipids; reactome: Signaling by Interleukins; reactome: Synthesis of 15-eicosatetraenoic acid derivatives; reactome: Synthesis of Prostaglandins (PG) and Thromboxanes (TX); smpdb: Acetaminophen  Action Pathway; smpdb: Acetylsalicylic Acid Action Pathway; smpdb: Antipyrine Action Pathway; smpdb: Antrafenine Action Pathway; smpdb: Arachidonic Acid Metabolism; smpdb: Bromfenac Action Pathway; smpdb: Carprofen Action Pathway; smpdb: Celecoxib Action Pathway; smpdb: Celecoxib Metabolism Pathway; smpdb: Diclofenac Action Pathway; smpdb: Diflunisal Action Pathway; smpdb: Etodolac Action Pathway; smpdb: Etoposide Action Pathway; smpdb: Etoposide Metabolism Pathway; smpdb: Etoricoxib Action Pathway; smpdb: Fenoprofen Action Pathway; smpdb: Flurbiprofen Action Pathway; smpdb: Ibuprofen Action Pathway; smpdb: Ibuprofen Metabolism Pathway; smpdb: Indomethacin Action Pathway; smpdb: Ketoprofen Action Pathway; smpdb: Ketorolac Action Pathway; smpdb: Leukotriene C4 Synthesis Deficiency; smpdb: Lornoxicam Action Pathway; smpdb: Lumiracoxib Action Pathway; smpdb: Magnesium salicylate Action Pathway; smpdb: Mefenamic Acid Action Pathway; smpdb: Meloxicam Action Pathway; smpdb: Nabumetone Action Pathway; smpdb: Naproxen Action Pathway; smpdb: Nepafenac Action Pathway; smpdb: Oxaprozin Action Pathway; smpdb: Phenylbutazone Action Pathway; smpdb: Piroxicam Action Pathway; smpdb: Rofecoxib Action Pathway; smpdb: Salicylate-sodium Action Pathway; smpdb: Salicylic Acid Action Pathway; smpdb: Salsalate Action Pathway; smpdb: Sulindac Action Pathway; smpdb: Suprofen Action Pathway; smpdb: Tenoxicam Action Pathway; smpdb: Tiaprofenic Acid Action Pathway; smpdb: Tolmetin Action Pathway; smpdb: Trisalicylate-choline Action Pathway; smpdb: Valdecoxib Action Pathway; wikipathways: Aryl Hydrocarbon Receptor Netpath; wikipathways: Aspirin and miRNAs; wikipathways: Chromosomal and microsatellite instability in colorectal cancer; wikipathways: Eicosanoid Synthesis; wikipathways: Eicosanoid metabolism via cyclooxygenases (COX); wikipathways: Gastrin signaling pathway; wikipathways: Glucocorticoid Receptor Pathway; wikipathways: Hepatitis C and Hepatocellular Carcinoma; wikipathways: IL-18 signaling pathway; wikipathways: Nuclear Receptors Meta-Pathway; wikipathways: Overview of nanoparticle effects; wikipathways: Photodynamic therapy-induced HIF-1 survival signaling; wikipathways: Photodynamic therapy-induced NF-kB survival signaling; wikipathways: Prostaglandin Synthesis and Regulation; wikipathways: Relationship between inflammation, COX-2 and EGFR; wikipathways: Selenium Micronutrient Network; wikipathways: Small cell lung cancer; wikipathways: Spinal Cord Injury; wikipathways: VEGFA-VEGFR2 Signaling Pathway",,,,,,,,,,,,,,,,,not_reviewed,101.0,10.0,strong_candidate,4.0,9.0,4.0,2.0,6.0,4.0,29784049;38755521;40909607;35629210;40274471;37032823;40640358;35787281;35783137;41565030
HVCN1,queried,apical plasma membrane; cell redox homeostasis; cellular response to pH; cellular response to zinc ion; identical protein binding; membrane; monoatomic ion channel activity; monoatomic ion transport; phagocytic vesicle membrane; plasma membrane; protein binding; protein homodimerization activity; proton transmembrane transport; regulation of acrosome reaction; regulation of intracellular pH; regulation of reactive oxygen species biosynthetic process; response to pH; response to zinc ion; secretory granule membrane; specific granule membrane; sperm flagellum; transmembrane transport; voltage-gated monoatomic cation channel activity; voltage-gated proton channel activity,reactome: Fertilization; reactome: Immune System; reactome: Innate Immune System; reactome: Neutrophil degranulation; reactome: ROS and RNS production in phagocytes; reactome: Reproduction; reactome: Sperm Motility And Taxes,https://mygene.info/v3/query?q=ensembl.gene%3AENSG00000122986&species=human&fields=symbol%2Ctaxid%2Censembl.gene%2Cgo%2Cpathway&size=10,0,0,0,0,24,7,apical plasma membrane; cell redox homeostasis; cellular response to pH; cellular response to zinc ion; identical protein binding; membrane; monoatomic ion channel activity; monoatomic ion transport; phagocytic vesicle membrane; plasma membrane; protein binding; protein homodimerization activity; proton transmembrane transport; regulation of acrosome reaction; regulation of intracellular pH; regulation of reactive oxygen species biosynthetic process; response to pH; response to zinc ion; secretory granule membrane; specific granule membrane; sperm flagellum; transmembrane transport; voltage-gated monoatomic cation channel activity; voltage-gated proton channel activity,reactome: Fertilization; reactome: Immune System; reactome: Innate Immune System; reactome: Neutrophil degranulation; reactome: ROS and RNS production in phagocytes; reactome: Reproduction; reactome: Sperm Motility And Taxes,,,,,,,,,,,,,,,,,not_reviewed,1.0,1.0,limited_candidate,1.0,1.0,0.0,0.0,0.0,0.0,41854441
ADAM11,queried,axon; behavioral response to acetic acid induced pain; behavioral response to formalin induced pain; establishment of protein localization; extracellular matrix; integrin binding; integrin-mediated signaling pathway; metalloendopeptidase activity; metallopeptidase activity; multicellular organismal response to stress; perikaryon; plasma membrane; presynaptic membrane; proteolysis,reactome: Developmental Biology; reactome: LGI-ADAM interactions,https://mygene.info/v3/query?q=ensembl.gene%3AENSG00000073670&species=human&fields=symbol%2Ctaxid%2Censembl.gene%2Cgo%2Cpathway&size=10,1,0,0,1,14,2,axon; behavioral response to acetic acid induced pain; behavioral response to formalin induced pain; establishment of protein localization; extracellular matrix; integrin binding; integrin-mediated signaling pathway; metalloendopeptidase activity; metallopeptidase activity; multicellular organismal response to stress; perikaryon; plasma membrane; presynaptic membrane; proteolysis,reactome: Developmental Biology; reactome: LGI-ADAM interactions,,,,,,,,,,,,,,,,,not_reviewed,1.0,1.0,limited_candidate,0.0,1.0,1.0,0.0,1.0,1.0,31236626
IRAK2,queried,ATP binding; MyD88-dependent toll-like receptor signaling pathway; NLRP3 inflammasome complex assembly; Toll signaling pathway; canonical NF-kappaB signal transduction; cytoplasm; cytosol; endosome membrane; inflammatory response; interleukin-1-mediated signaling pathway; intracellular signal transduction; lipopolysaccharide-mediated signaling pathway; molecular adaptor activity; negative regulation of canonical NF-kappaB signal transduction; nucleus; plasma membrane; positive regulation of canonical NF-kappaB signal transduction; protein binding; protein heterodimerization activity; protein homodimerization activity; protein phosphorylation; regulation of MAP kinase activity; regulation of cytokine-mediated signaling pathway; response to interleukin-1; serine/threonine protein kinase complex; signal transduction; signaling adaptor activity; toll-like receptor 4 signaling pathway; toll-like receptor signaling pathway,"biocarta: signal transduction through il1r; kegg: Neurotrophin signaling pathway - Homo sapiens (human); kegg: Tuberculosis - Homo sapiens (human); netpath: IL1; pid: Endogenous TLR signaling; reactome: Cytokine Signaling in Immune system; reactome: Disease; reactome: IRAK2 mediated activation of TAK1 complex; reactome: IRAK2 mediated activation of TAK1 complex upon TLR7/8 or 9 stimulation; reactome: Immune System; reactome: Infectious disease; reactome: Innate Immune System; reactome: Interleukin-1 family signaling; reactome: Interleukin-1 signaling; reactome: Interleukin-17 signaling; reactome: JNK (c-Jun kinases) phosphorylation and  activation mediated by activated human TAK1; reactome: MAP kinase activation; reactome: MyD88 cascade initiated on plasma membrane; reactome: MyD88 dependent cascade initiated on endosome; reactome: MyD88-independent TLR4 cascade ; reactome: MyD88:MAL(TIRAP) cascade initiated on plasma membrane; reactome: NOD1/2 Signaling Pathway; reactome: Nucleotide-binding domain, leucine rich repeat containing receptor (NLR) signaling pathways; reactome: SARS-CoV Infections; reactome: SARS-CoV-1 Infection; reactome: SARS-CoV-1 activates/modulates innate immune responses; reactome: SARS-CoV-1-host interactions; reactome: SARS-CoV-2 Infection; reactome: SARS-CoV-2 activates/modulates innate and adaptive immune responses; reactome: SARS-CoV-2-host interactions; reactome: Signaling by Interleukins; reactome: TAK1-dependent IKK and NF-kappa-B activation  ; reactome: TRAF6 mediated induction of NFkB and MAP kinases upon TLR7/8 or 9 activation; reactome: TRAF6-mediated induction of TAK1 complex within TLR4 complex; reactome: TRIF (TICAM1)-mediated TLR4 signaling ; reactome: Toll Like Receptor 10 (TLR10) Cascade; reactome: Toll Like Receptor 2 (TLR2) Cascade; reactome: Toll Like Receptor 3 (TLR3) Cascade; reactome: Toll Like Receptor 4 (TLR4) Cascade; reactome: Toll Like Receptor 5 (TLR5) Cascade; reactome: Toll Like Receptor 7/8 (TLR7/8) Cascade; reactome: Toll Like Receptor 9 (TLR9) Cascade; reactome: Toll Like Receptor TLR1:TLR2 Cascade; reactome: Toll Like Receptor TLR6:TLR2 Cascade; reactome: Toll-like Receptor Cascades; reactome: Viral Infection Pathways; reactome: activated TAK1 mediates p38 MAPK activation; wikipathways: Fibrin Complement Receptor 3 Signaling Pathway; wikipathways: IL-1 signaling pathway; wikipathways: Regulation of toll-like receptor signaling pathway; wikipathways: Signal transduction through IL1R; wikipathways: Structural Pathway of Interleukin 1 (IL-1)",https://mygene.info/v3/query?q=ensembl.gene%3AENSG00000134070&species=human&fields=symbol%2Ctaxid%2Censembl.gene%2Cgo%2Cpathway&size=10,0,0,1,0,29,52,ATP binding; MyD88-dependent toll-like receptor signaling pathway; NLRP3 inflammasome complex assembly; Toll signaling pathway; canonical NF-kappaB signal transduction; cytoplasm; cytosol; endosome membrane; inflammatory response; interleukin-1-mediated signaling pathway; intracellular signal transduction; lipopolysaccharide-mediated signaling pathway; molecular adaptor activity; negative regulation of canonical NF-kappaB signal transduction; nucleus; plasma membrane; positive regulation of canonical NF-kappaB signal transduction; protein binding; protein heterodimerization activity; protein homodimerization activity; protein phosphorylation; regulation of MAP kinase activity; regulation of cytokine-mediated signaling pathway; response to interleukin-1; serine/threonine protein kinase complex; signal transduction; signaling adaptor activity; toll-like receptor 4 signaling pathway; toll-like receptor signaling pathway,"biocarta: signal transduction through il1r; kegg: Neurotrophin signaling pathway - Homo sapiens (human); kegg: Tuberculosis - Homo sapiens (human); netpath: IL1; pid: Endogenous TLR signaling; reactome: Cytokine Signaling in Immune system; reactome: Disease; reactome: IRAK2 mediated activation of TAK1 complex; reactome: IRAK2 mediated activation of TAK1 complex upon TLR7/8 or 9 stimulation; reactome: Immune System; reactome: Infectious disease; reactome: Innate Immune System; reactome: Interleukin-1 family signaling; reactome: Interleukin-1 signaling; reactome: Interleukin-17 signaling; reactome: JNK (c-Jun kinases) phosphorylation and  activation mediated by activated human TAK1; reactome: MAP kinase activation; reactome: MyD88 cascade initiated on plasma membrane; reactome: MyD88 dependent cascade initiated on endosome; reactome: MyD88-independent TLR4 cascade ; reactome: MyD88:MAL(TIRAP) cascade initiated on plasma membrane; reactome: NOD1/2 Signaling Pathway; reactome: Nucleotide-binding domain, leucine rich repeat containing receptor (NLR) signaling pathways; reactome: SARS-CoV Infections; reactome: SARS-CoV-1 Infection; reactome: SARS-CoV-1 activates/modulates innate immune responses; reactome: SARS-CoV-1-host interactions; reactome: SARS-CoV-2 Infection; reactome: SARS-CoV-2 activates/modulates innate and adaptive immune responses; reactome: SARS-CoV-2-host interactions; reactome: Signaling by Interleukins; reactome: TAK1-dependent IKK and NF-kappa-B activation  ; reactome: TRAF6 mediated induction of NFkB and MAP kinases upon TLR7/8 or 9 activation; reactome: TRAF6-mediated induction of TAK1 complex within TLR4 complex; reactome: TRIF (TICAM1)-mediated TLR4 signaling ; reactome: Toll Like Receptor 10 (TLR10) Cascade; reactome: Toll Like Receptor 2 (TLR2) Cascade; reactome: Toll Like Receptor 3 (TLR3) Cascade; reactome: Toll Like Receptor 4 (TLR4) Cascade; reactome: Toll Like Receptor 5 (TLR5) Cascade; reactome: Toll Like Receptor 7/8 (TLR7/8) Cascade; reactome: Toll Like Receptor 9 (TLR9) Cascade; reactome: Toll Like Receptor TLR1:TLR2 Cascade; reactome: Toll Like Receptor TLR6:TLR2 Cascade; reactome: Toll-like Receptor Cascades; reactome: Viral Infection Pathways; reactome: activated TAK1 mediates p38 MAPK activation; wikipathways: Fibrin Complement Receptor 3 Signaling Pathway; wikipathways: IL-1 signaling pathway; wikipathways: Regulation of toll-like receptor signaling pathway; wikipathways: Signal transduction through IL1R; wikipathways: Structural Pathway of Interleukin 1 (IL-1)",,,,,,,,,,,,,,,,,not_reviewed,2.0,2.0,limited_candidate,2.0,2.0,0.0,0.0,1.0,1.0,41727334;20937840
GRM8,queried,"G protein-coupled glutamate receptor signaling pathway; G protein-coupled receptor activity; G protein-coupled receptor signaling pathway; adenylate cyclase-inhibiting G protein-coupled glutamate receptor signaling pathway; adenylate cyclase-inhibiting G protein-coupled receptor signaling pathway; glutamate receptor activity; group III metabotropic glutamate receptor activity; membrane; plasma membrane; regulation of synaptic transmission, glutamatergic; visual perception","kegg: Glutamatergic synapse - Homo sapiens (human); kegg: Neuroactive ligand-receptor interaction - Homo sapiens (human); kegg: Phospholipase D signaling pathway - Homo sapiens (human); reactome: Class C/3 (Metabotropic glutamate/pheromone receptors); reactome: G alpha (i) signalling events; reactome: GPCR downstream signalling; reactome: GPCR ligand binding; reactome: Signal Transduction; reactome: Signaling by GPCR; wikipathways: GPCRs, Class C Metabotropic glutamate, pheromone; wikipathways: GPCRs, Other",https://mygene.info/v3/query?q=ensembl.gene%3AENSG00000179603&species=human&fields=symbol%2Ctaxid%2Censembl.gene%2Cgo%2Cpathway&size=10,1,0,0,1,11,11,"G protein-coupled glutamate receptor signaling pathway; G protein-coupled receptor activity; G protein-coupled receptor signaling pathway; adenylate cyclase-inhibiting G protein-coupled glutamate receptor signaling pathway; adenylate cyclase-inhibiting G protein-coupled receptor signaling pathway; glutamate receptor activity; group III metabotropic glutamate receptor activity; membrane; plasma membrane; regulation of synaptic transmission, glutamatergic; visual perception","kegg: Glutamatergic synapse - Homo sapiens (human); kegg: Neuroactive ligand-receptor interaction - Homo sapiens (human); kegg: Phospholipase D signaling pathway - Homo sapiens (human); reactome: Class C/3 (Metabotropic glutamate/pheromone receptors); reactome: G alpha (i) signalling events; reactome: GPCR downstream signalling; reactome: GPCR ligand binding; reactome: Signal Transduction; reactome: Signaling by GPCR; wikipathways: GPCRs, Class C Metabotropic glutamate, pheromone; wikipathways: GPCRs, Other",,,,,,,,,,,,,,,,,not_reviewed,2.0,2.0,limited_candidate,2.0,2.0,2.0,1.0,1.0,0.0,39396906;41116277
SHD,queried,phosphotyrosine residue binding; protein binding,,https://mygene.info/v3/query?q=ensembl.gene%3AENSG00000105251&species=human&fields=symbol%2Ctaxid%2Censembl.gene%2Cgo%2Cpathway&size=10,0,0,0,0,2,0,phosphotyrosine residue binding; protein binding,,,,,,,,,,,,,,,,,,not_reviewed,5.0,5.0,moderate_candidate,0.0,5.0,2.0,1.0,4.0,2.0,39787692;41192695;41442122;38423408;42593101
ACSL6,queried,acyl-CoA metabolic process; arachidonate-CoA ligase activity; endoplasmic reticulum; endoplasmic reticulum membrane; enzyme binding; fatty acid metabolic process; long-chain fatty acid metabolic process; long-chain fatty acid-CoA ligase activity; long-chain fatty-acyl-CoA biosynthetic process; membrane; mitochondrial outer membrane; peroxisomal membrane; plasma membrane; protein binding; protein homodimerization activity; very long-chain fatty acid metabolic process,humancyc: &gamma;-linolenate biosynthesis; humancyc: eicosapentaenoate biosynthesis; humancyc: fatty acid &beta;-oxidation; humancyc: fatty acid &beta;-oxidation (peroxisome); humancyc: fatty acid activation; kegg: Adipocytokine signaling pathway - Homo sapiens (human); kegg: Fatty acid biosynthesis - Homo sapiens (human); kegg: Fatty acid degradation - Homo sapiens (human); kegg: Ferroptosis - Homo sapiens (human); kegg: PPAR signaling pathway - Homo sapiens (human); kegg: Peroxisome - Homo sapiens (human); kegg: Thermogenesis - Homo sapiens (human); reactome: Fatty acid metabolism; reactome: Fatty acyl-CoA biosynthesis; reactome: Metabolism; reactome: Metabolism of lipids; reactome: Synthesis of very long-chain fatty acyl-CoAs; wikipathways: Fatty Acid Biosynthesis; wikipathways: Fatty acid beta-oxidation; wikipathways: Fatty acid transporters; wikipathways: Ferroptosis; wikipathways: PPAR signaling pathway; wikipathways: Thermogenesis,https://mygene.info/v3/query?q=ensembl.gene%3AENSG00000164398&species=human&fields=symbol%2Ctaxid%2Censembl.gene%2Cgo%2Cpathway&size=10,0,0,0,0,16,23,acyl-CoA metabolic process; arachidonate-CoA ligase activity; endoplasmic reticulum; endoplasmic reticulum membrane; enzyme binding; fatty acid metabolic process; long-chain fatty acid metabolic process; long-chain fatty acid-CoA ligase activity; long-chain fatty-acyl-CoA biosynthetic process; membrane; mitochondrial outer membrane; peroxisomal membrane; plasma membrane; protein binding; protein homodimerization activity; very long-chain fatty acid metabolic process,humancyc: &gamma;-linolenate biosynthesis; humancyc: eicosapentaenoate biosynthesis; humancyc: fatty acid &beta;-oxidation; humancyc: fatty acid &beta;-oxidation (peroxisome); humancyc: fatty acid activation; kegg: Adipocytokine signaling pathway - Homo sapiens (human); kegg: Fatty acid biosynthesis - Homo sapiens (human); kegg: Fatty acid degradation - Homo sapiens (human); kegg: Ferroptosis - Homo sapiens (human); kegg: PPAR signaling pathway - Homo sapiens (human); kegg: Peroxisome - Homo sapiens (human); kegg: Thermogenesis - Homo sapiens (human); reactome: Fatty acid metabolism; reactome: Fatty acyl-CoA biosynthesis; reactome: Metabolism; reactome: Metabolism of lipids; reactome: Synthesis of very long-chain fatty acyl-CoAs; wikipathways: Fatty Acid Biosynthesis; wikipathways: Fatty acid beta-oxidation; wikipathways: Fatty acid transporters; wikipathways: Ferroptosis; wikipathways: PPAR signaling pathway; wikipathways: Thermogenesis,,,,,,,,,,,,,,,,,not_reviewed,2.0,2.0,limited_candidate,2.0,2.0,1.0,0.0,0.0,0.0,36438927;33891334
SNORA77,queried,,,https://mygene.info/v3/query?q=ensembl.gene%3AENSG00000221643&species=human&fields=symbol%2Ctaxid%2Censembl.gene%2Cgo%2Cpathway&size=10,0,0,0,0,0,0,,,,,,,,,,,,,,,,,,,not_reviewed,0.0,0.0,unclear,0.0,0.0,0.0,0.0,0.0,0.0,
FBXW7,queried,DNA damage response; Parkin-FBXW7-Cul1 ubiquitin ligase complex; SCF ubiquitin ligase complex; SCF-dependent proteasomal ubiquitin-dependent protein catabolic process; animal gross anatomical part developmental process; cellular response to UV; chromosome; cyclin binding; cytoplasm; cytosol; identical protein binding; lipid homeostasis; negative regulation of Notch signaling pathway; negative regulation of SREBP signaling pathway; negative regulation of gene expression; negative regulation of hepatocyte proliferation; negative regulation of osteoclast development; negative regulation of triglyceride biosynthetic process; nucleolus; nucleoplasm; nucleus; phosphothreonine residue binding; positive regulation of ERK1 and ERK2 cascade; positive regulation of epidermal growth factor receptor signaling pathway; positive regulation of oxidative stress-induced neuron intrinsic apoptotic signaling pathway; positive regulation of proteasomal protein catabolic process; positive regulation of protein localization to mitochondrion; positive regulation of protein ubiquitination; positive regulation of ubiquitin-dependent protein catabolic process; proteasome-mediated ubiquitin-dependent protein catabolic process; protein binding; protein stabilization; protein ubiquitination; protein-containing complex; protein-macromolecule adaptor activity; regulation of cell cycle G1/S phase transition; regulation of circadian rhythm; regulation of lipid storage; regulation of mitophagy; regulation of mitotic cell cycle; regulation of protein localization; sister chromatid cohesion; system development; ubiquitin protein ligase binding; ubiquitin-like ligase-substrate adaptor activity; ubiquitin-protein transferase activator activity; vasculature development,biocarta: cyclin e destruction pathway; kegg: Ubiquitin mediated proteolysis - Homo sapiens (human); netpath: Notch; netpath: TNFalpha; pid: C-MYC pathway; pid: Validated transcriptional targets of deltaNp63 isoforms; reactome: Adaptive Immune System; reactome: Antigen processing: Ubiquitination & Proteasome degradation; reactome: Association of TriC/CCT with target proteins during biosynthesis; reactome: Chaperonin-mediated protein folding; reactome: Class I MHC mediated antigen processing & presentation; reactome: Constitutive Signaling by NOTCH1 HD+PEST Domain Mutants; reactome: Constitutive Signaling by NOTCH1 PEST Domain Mutants; reactome: Disease; reactome: Diseases of signal transduction by growth factor receptors and second messengers; reactome: FBXW7 Mutants and NOTCH1 in Cancer; reactome: Immune System; reactome: Loss of Function of FBXW7 in Cancer and NOTCH1 Signaling; reactome: Metabolism of proteins; reactome: NOTCH1 Intracellular Domain Regulates Transcription; reactome: Neddylation; reactome: Negative regulation of NOTCH4 signaling; reactome: Post-translational protein modification; reactome: Protein folding; reactome: Signal Transduction; reactome: Signaling by NOTCH; reactome: Signaling by NOTCH1; reactome: Signaling by NOTCH1 HD+PEST Domain Mutants in Cancer; reactome: Signaling by NOTCH1 PEST Domain Mutants in Cancer; reactome: Signaling by NOTCH1 in Cancer; reactome: Signaling by NOTCH4; wikipathways: 3q29 copy number variation syndrome; wikipathways: IL-18 signaling pathway; wikipathways: Notch Signaling Pathway Netpath; wikipathways: Parkin-Ubiquitin Proteasomal System pathway; wikipathways: Pathways affected in adenoid cystic carcinoma,https://mygene.info/v3/query?q=ensembl.gene%3AENSG00000109670&species=human&fields=symbol%2Ctaxid%2Censembl.gene%2Cgo%2Cpathway&size=10,0,0,0,1,47,36,DNA damage response; Parkin-FBXW7-Cul1 ubiquitin ligase complex; SCF ubiquitin ligase complex; SCF-dependent proteasomal ubiquitin-dependent protein catabolic process; animal gross anatomical part developmental process; cellular response to UV; chromosome; cyclin binding; cytoplasm; cytosol; identical protein binding; lipid homeostasis; negative regulation of Notch signaling pathway; negative regulation of SREBP signaling pathway; negative regulation of gene expression; negative regulation of hepatocyte proliferation; negative regulation of osteoclast development; negative regulation of triglyceride biosynthetic process; nucleolus; nucleoplasm; nucleus; phosphothreonine residue binding; positive regulation of ERK1 and ERK2 cascade; positive regulation of epidermal growth factor receptor signaling pathway; positive regulation of oxidative stress-induced neuron intrinsic apoptotic signaling pathway; positive regulation of proteasomal protein catabolic process; positive regulation of protein localization to mitochondrion; positive regulation of protein ubiquitination; positive regulation of ubiquitin-dependent protein catabolic process; proteasome-mediated ubiquitin-dependent protein catabolic process; protein binding; protein stabilization; protein ubiquitination; protein-containing complex; protein-macromolecule adaptor activity; regulation of cell cycle G1/S phase transition; regulation of circadian rhythm; regulation of lipid storage; regulation of mitophagy; regulation of mitotic cell cycle; regulation of protein localization; sister chromatid cohesion; system development; ubiquitin protein ligase binding; ubiquitin-like ligase-substrate adaptor activity; ubiquitin-protein transferase activator activity; vasculature development,biocarta: cyclin e destruction pathway; kegg: Ubiquitin mediated proteolysis - Homo sapiens (human); netpath: Notch; netpath: TNFalpha; pid: C-MYC pathway; pid: Validated transcriptional targets of deltaNp63 isoforms; reactome: Adaptive Immune System; reactome: Antigen processing: Ubiquitination & Proteasome degradation; reactome: Association of TriC/CCT with target proteins during biosynthesis; reactome: Chaperonin-mediated protein folding; reactome: Class I MHC mediated antigen processing & presentation; reactome: Constitutive Signaling by NOTCH1 HD+PEST Domain Mutants; reactome: Constitutive Signaling by NOTCH1 PEST Domain Mutants; reactome: Disease; reactome: Diseases of signal transduction by growth factor receptors and second messengers; reactome: FBXW7 Mutants and NOTCH1 in Cancer; reactome: Immune System; reactome: Loss of Function of FBXW7 in Cancer and NOTCH1 Signaling; reactome: Metabolism of proteins; reactome: NOTCH1 Intracellular Domain Regulates Transcription; reactome: Neddylation; reactome: Negative regulation of NOTCH4 signaling; reactome: Post-translational protein modification; reactome: Protein folding; reactome: Signal Transduction; reactome: Signaling by NOTCH; reactome: Signaling by NOTCH1; reactome: Signaling by NOTCH1 HD+PEST Domain Mutants in Cancer; reactome: Signaling by NOTCH1 PEST Domain Mutants in Cancer; reactome: Signaling by NOTCH1 in Cancer; reactome: Signaling by NOTCH4; wikipathways: 3q29 copy number variation syndrome; wikipathways: IL-18 signaling pathway; wikipathways: Notch Signaling Pathway Netpath; wikipathways: Parkin-Ubiquitin Proteasomal System pathway; wikipathways: Pathways affected in adenoid cystic carcinoma,,,,,,,,,,,,,,,,,not_reviewed,9.0,9.0,strong_candidate,6.0,9.0,4.0,5.0,3.0,2.0,42161904;41311387;40734451;42138198;41081092;35310542;34512273;38920643;41868751
JUP,queried,Z disc; adherens junction; alpha-catenin binding; anchoring junction; axon; bundle of His cell-Purkinje myocyte adhesion involved in cell communication; cadherin binding; canonical Wnt signaling pathway; catenin complex; catenin-TCF7L2 complex; cell adhesion; cell adhesion molecule binding; cell adhesive protein binding involved in bundle of His cell-Purkinje myocyte communication; cell junction; cell migration; cell-cell adhesion; cell-cell junction; cellular response to indole-3-methanol; cornified envelope; cytoplasm; cytoplasmic side of plasma membrane; cytoskeletal protein-membrane anchor activity; cytoskeleton; cytosol; desmosome; desmosome assembly; detection of mechanical stimulus; endothelial cell-cell adhesion; extracellular exosome; extracellular region; ficolin-1-rich granule lumen; focal adhesion; gamma-catenin-TCF7L2 complex; hemidesmosome; intercalated disc; intermediate filament; membrane; negative regulation of blood vessel endothelial cell migration; nuclear receptor binding; nucleus; plasma membrane; positive regulation of angiogenesis; positive regulation of axon extension; positive regulation of canonical Wnt signaling pathway; positive regulation of cell-matrix adhesion; positive regulation of protein import into nucleus; positive regulation of protein localization; positive regulation of transcription by RNA polymerase II; protein binding; protein localization to plasma membrane; protein phosphatase binding; protein-DNA complex; regulation of cell population proliferation; regulation of heart rate by cardiac conduction; regulation of ventricular cardiac muscle cell action potential; specific granule lumen; structural molecule activity; transcription coactivator activity; zonula adherens,"kegg: Acute myeloid leukemia - Homo sapiens (human); kegg: Arrhythmogenic right ventricular cardiomyopathy - Homo sapiens (human); kegg: Gastric cancer - Homo sapiens (human); kegg: Pathways in cancer - Homo sapiens (human); kegg: Transcriptional misregulation in cancer - Homo sapiens (human); netpath: EGFR1; netpath: Wnt; pid: E-cadherin signaling in keratinocytes; pid: E-cadherin signaling in the nascent adherens junction; pid: N-cadherin signaling events; pid: Posttranslational regulation of adherens junction stability and dissassembly; reactome: Activation of STAT3 by cadherin engagement; reactome: Adherens junctions interactions; reactome: CDC42 GTPase cycle; reactome: CDH11 homotypic and heterotypic interactions; reactome: Cell junction organization; reactome: Cell-Cell communication; reactome: Cell-cell junction organization; reactome: Degradation of CDH1; reactome: Developmental Biology; reactome: Formation of the cornified envelope; reactome: Immune System; reactome: Innate Immune System; reactome: Keratinization; reactome: Neutrophil degranulation; reactome: RHO GTPase cycle; reactome: RHOA GTPase cycle; reactome: RHOB GTPase cycle; reactome: RHOC GTPase cycle; reactome: RHOH GTPase cycle; reactome: RHOJ GTPase cycle; reactome: RHOQ GTPase cycle; reactome: Regulation of CDH1 Expression and Function; reactome: Regulation of CDH1 Function; reactome: Regulation of CDH1 posttranslational processing and trafficking to plasma membrane; reactome: Regulation of CDH11 Expression and Function; reactome: Regulation of CDH11 function; reactome: Regulation of CDH19 Expression and Function; reactome: Regulation of Expression and Function of Type I Classical Cadherins; reactome: Regulation of Expression and Function of Type II Classical Cadherins; reactome: Regulation of Homotypic Cell-Cell Adhesion; reactome: SRC activates STAT3 in a quantitative manner, through Cadherin-11 (CDH11), RAC1 and gp130 (IL6ST); reactome: Signal Transduction; reactome: Signaling by Receptor Tyrosine Kinases; reactome: Signaling by Rho GTPases; reactome: Signaling by Rho GTPases, Miro GTPases and RHOBTB3; reactome: Signaling by VEGF; reactome: VEGFA-VEGFR2 Pathway; reactome: VEGFR2 mediated vascular permeability; wikipathways: Arrhythmogenic Right Ventricular Cardiomyopathy; wikipathways: Corticotropin-releasing hormone signaling pathway; wikipathways: Ectoderm Differentiation; wikipathways: Epithelial to mesenchymal transition in colorectal cancer",https://mygene.info/v3/query?q=ensembl.gene%3AENSG00000173801&species=human&fields=symbol%2Ctaxid%2Censembl.gene%2Cgo%2Cpathway&size=10,0,0,0,1,59,53,Z disc; adherens junction; alpha-catenin binding; anchoring junction; axon; bundle of His cell-Purkinje myocyte adhesion involved in cell communication; cadherin binding; canonical Wnt signaling pathway; catenin complex; catenin-TCF7L2 complex; cell adhesion; cell adhesion molecule binding; cell adhesive protein binding involved in bundle of His cell-Purkinje myocyte communication; cell junction; cell migration; cell-cell adhesion; cell-cell junction; cellular response to indole-3-methanol; cornified envelope; cytoplasm; cytoplasmic side of plasma membrane; cytoskeletal protein-membrane anchor activity; cytoskeleton; cytosol; desmosome; desmosome assembly; detection of mechanical stimulus; endothelial cell-cell adhesion; extracellular exosome; extracellular region; ficolin-1-rich granule lumen; focal adhesion; gamma-catenin-TCF7L2 complex; hemidesmosome; intercalated disc; intermediate filament; membrane; negative regulation of blood vessel endothelial cell migration; nuclear receptor binding; nucleus; plasma membrane; positive regulation of angiogenesis; positive regulation of axon extension; positive regulation of canonical Wnt signaling pathway; positive regulation of cell-matrix adhesion; positive regulation of protein import into nucleus; positive regulation of protein localization; positive regulation of transcription by RNA polymerase II; protein binding; protein localization to plasma membrane; protein phosphatase binding; protein-DNA complex; regulation of cell population proliferation; regulation of heart rate by cardiac conduction; regulation of ventricular cardiac muscle cell action potential; specific granule lumen; structural molecule activity; transcription coactivator activity; zonula adherens,"kegg: Acute myeloid leukemia - Homo sapiens (human); kegg: Arrhythmogenic right ventricular cardiomyopathy - Homo sapiens (human); kegg: Gastric cancer - Homo sapiens (human); kegg: Pathways in cancer - Homo sapiens (human); kegg: Transcriptional misregulation in cancer - Homo sapiens (human); netpath: EGFR1; netpath: Wnt; pid: E-cadherin signaling in keratinocytes; pid: E-cadherin signaling in the nascent adherens junction; pid: N-cadherin signaling events; pid: Posttranslational regulation of adherens junction stability and dissassembly; reactome: Activation of STAT3 by cadherin engagement; reactome: Adherens junctions interactions; reactome: CDC42 GTPase cycle; reactome: CDH11 homotypic and heterotypic interactions; reactome: Cell junction organization; reactome: Cell-Cell communication; reactome: Cell-cell junction organization; reactome: Degradation of CDH1; reactome: Developmental Biology; reactome: Formation of the cornified envelope; reactome: Immune System; reactome: Innate Immune System; reactome: Keratinization; reactome: Neutrophil degranulation; reactome: RHO GTPase cycle; reactome: RHOA GTPase cycle; reactome: RHOB GTPase cycle; reactome: RHOC GTPase cycle; reactome: RHOH GTPase cycle; reactome: RHOJ GTPase cycle; reactome: RHOQ GTPase cycle; reactome: Regulation of CDH1 Expression and Function; reactome: Regulation of CDH1 Function; reactome: Regulation of CDH1 posttranslational processing and trafficking to plasma membrane; reactome: Regulation of CDH11 Expression and Function; reactome: Regulation of CDH11 function; reactome: Regulation of CDH19 Expression and Function; reactome: Regulation of Expression and Function of Type I Classical Cadherins; reactome: Regulation of Expression and Function of Type II Classical Cadherins; reactome: Regulation of Homotypic Cell-Cell Adhesion; reactome: SRC activates STAT3 in a quantitative manner, through Cadherin-11 (CDH11), RAC1 and gp130 (IL6ST); reactome: Signal Transduction; reactome: Signaling by Receptor Tyrosine Kinases; reactome: Signaling by Rho GTPases; reactome: Signaling by Rho GTPases, Miro GTPases and RHOBTB3; reactome: Signaling by VEGF; reactome: VEGFA-VEGFR2 Pathway; reactome: VEGFR2 mediated vascular permeability; wikipathways: Arrhythmogenic Right Ventricular Cardiomyopathy; wikipathways: Corticotropin-releasing hormone signaling pathway; wikipathways: Ectoderm Differentiation; wikipathways: Epithelial to mesenchymal transition in colorectal cancer",,,,,,,,,,,,,,,,,not_reviewed,3.0,3.0,limited_candidate,2.0,2.0,2.0,0.0,1.0,0.0,36578035;40276647;15857685
RFTN2,queried,plasma membrane; protein binding,,https://mygene.info/v3/query?q=ensembl.gene%3AENSG00000162944&species=human&fields=symbol%2Ctaxid%2Censembl.gene%2Cgo%2Cpathway&size=10,0,0,0,0,2,0,plasma membrane; protein binding,,,,,,,,,,,,,,,,,,not_reviewed,0.0,0.0,unclear,0.0,0.0,0.0,0.0,0.0,0.0,
PTPN5,queried,cell junction; cytosol; endoplasmic reticulum membrane; membrane; nucleoplasm; phosphotyrosine residue binding; plasma membrane; protein binding; protein dephosphorylation; protein kinase binding; protein tyrosine phosphatase activity; signal transduction,kegg: MAPK signaling pathway - Homo sapiens (human); reactome: Cytokine Signaling in Immune system; reactome: Immune System; reactome: Interleukin-1 family signaling; reactome: Interleukin-37 signaling; reactome: Signaling by Interleukins; wikipathways: EGF-EGFR signaling pathway; wikipathways: Fragile X Syndrome; wikipathways: MAPK Signaling Pathway,https://mygene.info/v3/query?q=ensembl.gene%3AENSG00000110786&species=human&fields=symbol%2Ctaxid%2Censembl.gene%2Cgo%2Cpathway&size=10,0,0,0,0,12,9,cell junction; cytosol; endoplasmic reticulum membrane; membrane; nucleoplasm; phosphotyrosine residue binding; plasma membrane; protein binding; protein dephosphorylation; protein kinase binding; protein tyrosine phosphatase activity; signal transduction,kegg: MAPK signaling pathway - Homo sapiens (human); reactome: Cytokine Signaling in Immune system; reactome: Immune System; reactome: Interleukin-1 family signaling; reactome: Interleukin-37 signaling; reactome: Signaling by Interleukins; wikipathways: EGF-EGFR signaling pathway; wikipathways: Fragile X Syndrome; wikipathways: MAPK Signaling Pathway,,,,,,,,,,,,,,,,,not_reviewed,5.0,5.0,moderate_candidate,2.0,4.0,3.0,2.0,1.0,0.0,33922601;37458988;37558948;24762948;22840751
GLTP,queried,ceramide 1-phosphate binding; ceramide 1-phosphate transfer activity; ceramide 1-phosphate transport; ceramide transport; cytoplasm; cytosol; endoplasmic reticulum to Golgi vesicle-mediated transport; glycolipid binding; glycolipid transfer activity; glycolipid transport; identical protein binding; intermembrane lipid transfer; lipid binding; lipid sensor activity; lipid transfer activity; membrane; protein binding; regulation of glucosylceramide biosynthetic process; response to immobilization stress,reactome: Glycosphingolipid transport; reactome: Transport of small molecules,https://mygene.info/v3/query?q=ensembl.gene%3AENSG00000139433&species=human&fields=symbol%2Ctaxid%2Censembl.gene%2Cgo%2Cpathway&size=10,0,0,0,0,19,2,ceramide 1-phosphate binding; ceramide 1-phosphate transfer activity; ceramide 1-phosphate transport; ceramide transport; cytoplasm; cytosol; endoplasmic reticulum to Golgi vesicle-mediated transport; glycolipid binding; glycolipid transfer activity; glycolipid transport; identical protein binding; intermembrane lipid transfer; lipid binding; lipid sensor activity; lipid transfer activity; membrane; protein binding; regulation of glucosylceramide biosynthetic process; response to immobilization stress,reactome: Glycosphingolipid transport; reactome: Transport of small molecules,,,,,,,,,,,,,,,,,not_reviewed,2.0,2.0,limited_candidate,1.0,2.0,2.0,1.0,1.0,0.0,35867714;21453246
GRIA3,queried,"AMPA glutamate receptor activity; AMPA glutamate receptor complex; amyloid-beta binding; calcium-mediated signaling; dendritic spine; endocytic vesicle membrane; glutamate receptor signaling pathway; glutamate-gated calcium ion channel activity; glutamate-gated receptor activity; ionotropic glutamate receptor signaling pathway; ligand-gated monoatomic ion channel activity; ligand-gated monoatomic ion channel activity involved in regulation of presynaptic membrane potential; long-term synaptic potentiation; membrane; modulation of chemical synaptic transmission; monoatomic ion channel activity; monoatomic ion transmembrane transport; monoatomic ion transport; plasma membrane; postsynaptic density membrane; postsynaptic membrane; protein binding; protein heterotetramerization; protein homotetramerization; regulation of postsynaptic membrane potential; regulation of presynaptic membrane potential; signaling receptor activity; synaptic transmission, glutamatergic; transmitter-gated monoatomic ion channel activity involved in regulation of postsynaptic membrane potential","kegg: Amphetamine addiction - Homo sapiens (human); kegg: Circadian entrainment - Homo sapiens (human); kegg: Dopaminergic synapse - Homo sapiens (human); kegg: Glutamatergic synapse - Homo sapiens (human); kegg: Huntington disease - Homo sapiens (human); kegg: Long-term depression - Homo sapiens (human); kegg: Neuroactive ligand-receptor interaction - Homo sapiens (human); kegg: Nicotine addiction - Homo sapiens (human); kegg: Pathways of neurodegeneration - multiple diseases - Homo sapiens (human); kegg: Retrograde endocannabinoid signaling - Homo sapiens (human); kegg: Spinocerebellar ataxia - Homo sapiens (human); kegg: Transcriptional misregulation in cancer - Homo sapiens (human); kegg: cAMP signaling pathway - Homo sapiens (human); reactome: Activation of AMPA receptors; reactome: Activation of NMDA receptors and postsynaptic events; reactome: Glutamate binding, activation of AMPA receptors and synaptic plasticity; reactome: Neuronal System; reactome: Neurotransmitter receptors and postsynaptic signal transmission; reactome: Protein-protein interactions at synapses; reactome: Synaptic adhesion-like molecules; reactome: Trafficking of AMPA receptors; reactome: Trafficking of GluR2-containing AMPA receptors; reactome: Transmission across Chemical Synapses; reactome: Unblocking of NMDA receptors, glutamate binding and activation; wikipathways: Brain-derived neurotrophic factor (BDNF) signaling pathway; wikipathways: Common Pathways Underlying Drug Addiction; wikipathways: MECP2 and Associated Rett Syndrome; wikipathways: PKC-gamma calcium signaling pathway in ataxia",https://mygene.info/v3/query?q=ensembl.gene%3AENSG00000125675&species=human&fields=symbol%2Ctaxid%2Censembl.gene%2Cgo%2Cpathway&size=10,1,0,0,1,29,28,"AMPA glutamate receptor activity; AMPA glutamate receptor complex; amyloid-beta binding; calcium-mediated signaling; dendritic spine; endocytic vesicle membrane; glutamate receptor signaling pathway; glutamate-gated calcium ion channel activity; glutamate-gated receptor activity; ionotropic glutamate receptor signaling pathway; ligand-gated monoatomic ion channel activity; ligand-gated monoatomic ion channel activity involved in regulation of presynaptic membrane potential; long-term synaptic potentiation; membrane; modulation of chemical synaptic transmission; monoatomic ion channel activity; monoatomic ion transmembrane transport; monoatomic ion transport; plasma membrane; postsynaptic density membrane; postsynaptic membrane; protein binding; protein heterotetramerization; protein homotetramerization; regulation of postsynaptic membrane potential; regulation of presynaptic membrane potential; signaling receptor activity; synaptic transmission, glutamatergic; transmitter-gated monoatomic ion channel activity involved in regulation of postsynaptic membrane potential","kegg: Amphetamine addiction - Homo sapiens (human); kegg: Circadian entrainment - Homo sapiens (human); kegg: Dopaminergic synapse - Homo sapiens (human); kegg: Glutamatergic synapse - Homo sapiens (human); kegg: Huntington disease - Homo sapiens (human); kegg: Long-term depression - Homo sapiens (human); kegg: Neuroactive ligand-receptor interaction - Homo sapiens (human); kegg: Nicotine addiction - Homo sapiens (human); kegg: Pathways of neurodegeneration - multiple diseases - Homo sapiens (human); kegg: Retrograde endocannabinoid signaling - Homo sapiens (human); kegg: Spinocerebellar ataxia - Homo sapiens (human); kegg: Transcriptional misregulation in cancer - Homo sapiens (human); kegg: cAMP signaling pathway - Homo sapiens (human); reactome: Activation of AMPA receptors; reactome: Activation of NMDA receptors and postsynaptic events; reactome: Glutamate binding, activation of AMPA receptors and synaptic plasticity; reactome: Neuronal System; reactome: Neurotransmitter receptors and postsynaptic signal transmission; reactome: Protein-protein interactions at synapses; reactome: Synaptic adhesion-like molecules; reactome: Trafficking of AMPA receptors; reactome: Trafficking of GluR2-containing AMPA receptors; reactome: Transmission across Chemical Synapses; reactome: Unblocking of NMDA receptors, glutamate binding and activation; wikipathways: Brain-derived neurotrophic factor (BDNF) signaling pathway; wikipathways: Common Pathways Underlying Drug Addiction; wikipathways: MECP2 and Associated Rett Syndrome; wikipathways: PKC-gamma calcium signaling pathway in ataxia",,,,,,,,,,,,,,,,,not_reviewed,4.0,4.0,moderate_candidate,2.0,2.0,2.0,2.0,1.0,1.0,41390089;29324989;41024644;27453991
ABCD4,queried,ABC-type transporter activity; ABC-type vitamin B12 transporter activity; ATP binding; ATP hydrolysis activity; ATP-binding cassette (ABC) transporter complex; ATPase-coupled transmembrane transporter activity; cobalamin metabolic process; cobalamin transport; endoplasmic reticulum membrane; fatty acid beta-oxidation; identical protein binding; long-chain fatty acid import into peroxisome; long-chain fatty acid transmembrane transporter activity; lysosomal membrane; membrane; peroxisomal membrane; peroxisome; peroxisome organization; protein binding; transmembrane transport; very long-chain fatty acid catabolic process,"kegg: ABC transporters - Homo sapiens (human); kegg: Peroxisome - Homo sapiens (human); reactome: ABC transporter disorders; reactome: Cobalamin (Cbl, vitamin B12) transport and metabolism; reactome: Defective ABCD4 causes MAHCJ; reactome: Defects in cobalamin (B12) metabolism; reactome: Defects in vitamin and cofactor metabolism; reactome: Disease; reactome: Diseases of metabolism; reactome: Disorders of transmembrane transporters; reactome: Metabolism; reactome: Metabolism of vitamins and cofactors; reactome: Metabolism of water-soluble vitamins and cofactors; reactome: Transport of RCbl within the body; reactome: Uptake of dietary cobalamins into enterocytes",https://mygene.info/v3/query?q=ensembl.gene%3AENSG00000119688&species=human&fields=symbol%2Ctaxid%2Censembl.gene%2Cgo%2Cpathway&size=10,0,0,0,0,21,15,ABC-type transporter activity; ABC-type vitamin B12 transporter activity; ATP binding; ATP hydrolysis activity; ATP-binding cassette (ABC) transporter complex; ATPase-coupled transmembrane transporter activity; cobalamin metabolic process; cobalamin transport; endoplasmic reticulum membrane; fatty acid beta-oxidation; identical protein binding; long-chain fatty acid import into peroxisome; long-chain fatty acid transmembrane transporter activity; lysosomal membrane; membrane; peroxisomal membrane; peroxisome; peroxisome organization; protein binding; transmembrane transport; very long-chain fatty acid catabolic process,"kegg: ABC transporters - Homo sapiens (human); kegg: Peroxisome - Homo sapiens (human); reactome: ABC transporter disorders; reactome: Cobalamin (Cbl, vitamin B12) transport and metabolism; reactome: Defective ABCD4 causes MAHCJ; reactome: Defects in cobalamin (B12) metabolism; reactome: Defects in vitamin and cofactor metabolism; reactome: Disease; reactome: Diseases of metabolism; reactome: Disorders of transmembrane transporters; reactome: Metabolism; reactome: Metabolism of vitamins and cofactors; reactome: Metabolism of water-soluble vitamins and cofactors; reactome: Transport of RCbl within the body; reactome: Uptake of dietary cobalamins into enterocytes",,,,,,,,,,,,,,,,,not_reviewed,1.0,1.0,limited_candidate,1.0,0.0,0.0,0.0,0.0,0.0,23754956
YWHAG,queried,RNA binding; cellular response to glucose starvation; cellular response to insulin stimulus; cytoplasm; cytosol; extracellular exosome; focal adhesion; identical protein binding; insulin-like growth factor receptor binding; intracellular protein localization; membrane; mitochondrial matrix; negative regulation of TORC1 signaling; negative regulation of protein kinase activity; nucleus; phosphorylation-dependent protein binding; positive regulation of T cell activation; positive regulation of T cell mediated immune response to tumor cell; positive regulation of cell-cell adhesion; presynapse; protein binding; protein domain specific binding; protein kinase C binding; protein kinase C inhibitor activity; protein sequestering activity; receptor tyrosine kinase binding; regulation of neuron differentiation; regulation of protein localization; regulation of signal transduction; regulation of synaptic plasticity; signal transduction; synapse; vesicle,"kegg: Cell cycle - Homo sapiens (human); kegg: Hepatitis C - Homo sapiens (human); kegg: Hippo signaling pathway - Homo sapiens (human); kegg: Oocyte meiosis - Homo sapiens (human); kegg: PI3K-Akt signaling pathway - Homo sapiens (human); kegg: Viral carcinogenesis - Homo sapiens (human); netpath: Prolactin; netpath: TNFalpha; pid: Class I PI3K signaling events mediated by Akt; pid: ErbB1 downstream signaling; pid: FoxO family signaling; pid: IL3-mediated signaling events; pid: Insulin-mediated glucose transport; pid: LKB1 signaling events; pid: PDGFR-beta signaling pathway; pid: Regulation of nuclear beta catenin signaling and target gene transcription; pid: Role of Calcineurin-dependent NFAT signaling in lymphocytes; pid: Trk receptor signaling mediated by PI3K and PLC-gamma; pid: a6b1 and a6b4 Integrin signaling; pid: mTOR signaling pathway; pid: p38 signaling mediated by MAPKAP kinases; reactome: AURKA Activation by TPX2; reactome: Activation of BAD and translocation to mitochondria ; reactome: Activation of BH3-only proteins; reactome: Adaptive Immune System; reactome: Anchoring of the basal body to the plasma membrane; reactome: Apoptosis; reactome: Assembly of the 9+0 primary cilium; reactome: Cell Cycle; reactome: Cell Cycle Checkpoints; reactome: Cell Cycle, Mitotic; reactome: Centrosome maturation; reactome: Chk1/Chk2(Cds1) mediated inactivation of Cyclin B:Cdk1 complex; reactome: Cilium Assembly; reactome: Co-inhibition by PD-1; reactome: Developmental Biology; reactome: Disease; reactome: FOXO-mediated transcription; reactome: G2/M Checkpoints; reactome: G2/M DNA damage checkpoint; reactome: G2/M Transition; reactome: Gene expression (Transcription); reactome: Generic Transcription Pathway; reactome: Immune System; reactome: Infectious disease; reactome: Intrinsic Pathway for Apoptosis; reactome: Loss of Nlp from mitotic centrosomes; reactome: Loss of proteins required for interphase microtubule organization from the centrosome; reactome: M Phase; reactome: MITF-M-regulated melanocyte development; reactome: Membrane Trafficking; reactome: Mitotic G2-G2/M phases; reactome: Mitotic Prometaphase; reactome: Organelle biogenesis and maintenance; reactome: Programmed Cell Death; reactome: RHO GTPase Effectors; reactome: RHO GTPases activate PKNs; reactome: RNA Polymerase II Transcription; reactome: Recruitment of NuMA to mitotic centrosomes; reactome: Recruitment of mitotic centrosome proteins and complexes; reactome: Regulation of PD-L1(CD274) Post-translational modification; reactome: Regulation of PD-L1(CD274) expression; reactome: Regulation of PLK1 Activity at G2/M Transition; reactome: Regulation of T cell activation by CD28 family; reactome: Regulation of localization of FOXO transcription factors; reactome: SARS-CoV Infections; reactome: SARS-CoV-1 Infection; reactome: SARS-CoV-1 targets host intracellular signalling and regulatory pathways; reactome: SARS-CoV-1-host interactions; reactome: SARS-CoV-2 Infection; reactome: SARS-CoV-2 targets host intracellular signalling and regulatory pathways; reactome: SARS-CoV-2-host interactions; reactome: SPOP-mediated proteasomal degradation of PD-L1(CD274); reactome: Signal Transduction; reactome: Signaling by Rho GTPases; reactome: Signaling by Rho GTPases, Miro GTPases and RHOBTB3; reactome: TP53 Regulates Metabolic Genes; reactome: Transcriptional Regulation by TP53; reactome: Transcriptional and post-translational regulation of MITF-M expression and activity; reactome: Translocation of SLC2A4 (GLUT4) to the plasma membrane; reactome: Vesicle-mediated transport; reactome: Viral Infection Pathways; wikipathways: Calcium Regulation in the Cardiac Cell; wikipathways: Cell cycle; wikipathways: Disruption of postsynaptic signaling by CNV; wikipathways: Myometrial relaxation and contraction pathways; wikipathways: Prolactin Signaling Pathway; wikipathways: Sudden Infant Death Syndrome (SIDS) Susceptibility Pathways",https://mygene.info/v3/query?q=ensembl.gene%3AENSG00000170027&species=human&fields=symbol%2Ctaxid%2Censembl.gene%2Cgo%2Cpathway&size=10,1,0,1,1,33,88,RNA binding; cellular response to glucose starvation; cellular response to insulin stimulus; cytoplasm; cytosol; extracellular exosome; focal adhesion; identical protein binding; insulin-like growth factor receptor binding; intracellular protein localization; membrane; mitochondrial matrix; negative regulation of TORC1 signaling; negative regulation of protein kinase activity; nucleus; phosphorylation-dependent protein binding; positive regulation of T cell activation; positive regulation of T cell mediated immune response to tumor cell; positive regulation of cell-cell adhesion; presynapse; protein binding; protein domain specific binding; protein kinase C binding; protein kinase C inhibitor activity; protein sequestering activity; receptor tyrosine kinase binding; regulation of neuron differentiation; regulation of protein localization; regulation of signal transduction; regulation of synaptic plasticity; signal transduction; synapse; vesicle,"kegg: Cell cycle - Homo sapiens (human); kegg: Hepatitis C - Homo sapiens (human); kegg: Hippo signaling pathway - Homo sapiens (human); kegg: Oocyte meiosis - Homo sapiens (human); kegg: PI3K-Akt signaling pathway - Homo sapiens (human); kegg: Viral carcinogenesis - Homo sapiens (human); netpath: Prolactin; netpath: TNFalpha; pid: Class I PI3K signaling events mediated by Akt; pid: ErbB1 downstream signaling; pid: FoxO family signaling; pid: IL3-mediated signaling events; pid: Insulin-mediated glucose transport; pid: LKB1 signaling events; pid: PDGFR-beta signaling pathway; pid: Regulation of nuclear beta catenin signaling and target gene transcription; pid: Role of Calcineurin-dependent NFAT signaling in lymphocytes; pid: Trk receptor signaling mediated by PI3K and PLC-gamma; pid: a6b1 and a6b4 Integrin signaling; pid: mTOR signaling pathway; pid: p38 signaling mediated by MAPKAP kinases; reactome: AURKA Activation by TPX2; reactome: Activation of BAD and translocation to mitochondria ; reactome: Activation of BH3-only proteins; reactome: Adaptive Immune System; reactome: Anchoring of the basal body to the plasma membrane; reactome: Apoptosis; reactome: Assembly of the 9+0 primary cilium; reactome: Cell Cycle; reactome: Cell Cycle Checkpoints; reactome: Cell Cycle, Mitotic; reactome: Centrosome maturation; reactome: Chk1/Chk2(Cds1) mediated inactivation of Cyclin B:Cdk1 complex; reactome: Cilium Assembly; reactome: Co-inhibition by PD-1; reactome: Developmental Biology; reactome: Disease; reactome: FOXO-mediated transcription; reactome: G2/M Checkpoints; reactome: G2/M DNA damage checkpoint; reactome: G2/M Transition; reactome: Gene expression (Transcription); reactome: Generic Transcription Pathway; reactome: Immune System; reactome: Infectious disease; reactome: Intrinsic Pathway for Apoptosis; reactome: Loss of Nlp from mitotic centrosomes; reactome: Loss of proteins required for interphase microtubule organization from the centrosome; reactome: M Phase; reactome: MITF-M-regulated melanocyte development; reactome: Membrane Trafficking; reactome: Mitotic G2-G2/M phases; reactome: Mitotic Prometaphase; reactome: Organelle biogenesis and maintenance; reactome: Programmed Cell Death; reactome: RHO GTPase Effectors; reactome: RHO GTPases activate PKNs; reactome: RNA Polymerase II Transcription; reactome: Recruitment of NuMA to mitotic centrosomes; reactome: Recruitment of mitotic centrosome proteins and complexes; reactome: Regulation of PD-L1(CD274) Post-translational modification; reactome: Regulation of PD-L1(CD274) expression; reactome: Regulation of PLK1 Activity at G2/M Transition; reactome: Regulation of T cell activation by CD28 family; reactome: Regulation of localization of FOXO transcription factors; reactome: SARS-CoV Infections; reactome: SARS-CoV-1 Infection; reactome: SARS-CoV-1 targets host intracellular signalling and regulatory pathways; reactome: SARS-CoV-1-host interactions; reactome: SARS-CoV-2 Infection; reactome: SARS-CoV-2 targets host intracellular signalling and regulatory pathways; reactome: SARS-CoV-2-host interactions; reactome: SPOP-mediated proteasomal degradation of PD-L1(CD274); reactome: Signal Transduction; reactome: Signaling by Rho GTPases; reactome: Signaling by Rho GTPases, Miro GTPases and RHOBTB3; reactome: TP53 Regulates Metabolic Genes; reactome: Transcriptional Regulation by TP53; reactome: Transcriptional and post-translational regulation of MITF-M expression and activity; reactome: Translocation of SLC2A4 (GLUT4) to the plasma membrane; reactome: Vesicle-mediated transport; reactome: Viral Infection Pathways; wikipathways: Calcium Regulation in the Cardiac Cell; wikipathways: Cell cycle; wikipathways: Disruption of postsynaptic signaling by CNV; wikipathways: Myometrial relaxation and contraction pathways; wikipathways: Prolactin Signaling Pathway; wikipathways: Sudden Infant Death Syndrome (SIDS) Susceptibility Pathways",,,,,,,,,,,,,,,,,not_reviewed,14.0,10.0,strong_candidate,9.0,7.0,7.0,6.0,7.0,4.0,40164724;41449232;38987357;41561087;39144488;38559166;30578620;41957344;37277809;42297098
CA2,queried,angiotensin-activated signaling pathway; apical part of cell; arylesterase activity; carbonate dehydratase activity; cyanamide hydratase activity; cytoplasm; cytosol; extracellular exosome; myelin sheath; plasma membrane; positive regulation of dipeptide transmembrane transport; protein binding; regulation of intracellular pH; regulation of monoatomic anion transport; zinc ion binding,kegg: Bile secretion - Homo sapiens (human); kegg: Collecting duct acid secretion - Homo sapiens (human); kegg: Gastric acid secretion - Homo sapiens (human); kegg: Nitrogen metabolism - Homo sapiens (human); kegg: Pancreatic secretion - Homo sapiens (human); kegg: Proximal tubule bicarbonate reclamation - Homo sapiens (human); reactome: Developmental Biology; reactome: Developmental Cell Lineages; reactome: Developmental Cell Lineages of the Exocrine Pancreas; reactome: Developmental Lineage of Pancreatic Ductal Cells; reactome: Erythrocytes take up carbon dioxide and release oxygen; reactome: Erythrocytes take up oxygen and release carbon dioxide; reactome: Metabolism; reactome: O2/CO2 exchange in erythrocytes; reactome: Reversible hydration of carbon dioxide; reactome: Transport of small molecules; wikipathways: Proximal tubule transport,https://mygene.info/v3/query?q=ensembl.gene%3AENSG00000104267&species=human&fields=symbol%2Ctaxid%2Censembl.gene%2Cgo%2Cpathway&size=10,0,0,0,0,15,17,angiotensin-activated signaling pathway; apical part of cell; arylesterase activity; carbonate dehydratase activity; cyanamide hydratase activity; cytoplasm; cytosol; extracellular exosome; myelin sheath; plasma membrane; positive regulation of dipeptide transmembrane transport; protein binding; regulation of intracellular pH; regulation of monoatomic anion transport; zinc ion binding,kegg: Bile secretion - Homo sapiens (human); kegg: Collecting duct acid secretion - Homo sapiens (human); kegg: Gastric acid secretion - Homo sapiens (human); kegg: Nitrogen metabolism - Homo sapiens (human); kegg: Pancreatic secretion - Homo sapiens (human); kegg: Proximal tubule bicarbonate reclamation - Homo sapiens (human); reactome: Developmental Biology; reactome: Developmental Cell Lineages; reactome: Developmental Cell Lineages of the Exocrine Pancreas; reactome: Developmental Lineage of Pancreatic Ductal Cells; reactome: Erythrocytes take up carbon dioxide and release oxygen; reactome: Erythrocytes take up oxygen and release carbon dioxide; reactome: Metabolism; reactome: O2/CO2 exchange in erythrocytes; reactome: Reversible hydration of carbon dioxide; reactome: Transport of small molecules; wikipathways: Proximal tubule transport,,,,,,,,,,,,,,,,,not_reviewed,3152.0,10.0,strong_candidate,3.0,10.0,5.0,3.0,6.0,3.0,29874566;38715119;37192560;25408503;22301681;27045242;40127100;39711489;41986732;40799120
E2F3,queried,"DNA binding; DNA-binding transcription activator activity, RNA polymerase II-specific; DNA-binding transcription factor activity; DNA-binding transcription factor activity, RNA polymerase II-specific; G1/S transition of mitotic cell cycle; RNA polymerase II cis-regulatory region sequence-specific DNA binding; RNA polymerase II transcription regulator complex; RNA polymerase II transcription regulatory region sequence-specific DNA binding; chromatin; cis-regulatory region sequence-specific DNA binding; negative regulation of fat cell proliferation; nucleoplasm; nucleus; positive regulation of transcription by RNA polymerase II; positive regulation of vascular associated smooth muscle cell apoptotic process; protein binding; protein dimerization activity; protein import into nucleus; regulation of DNA-templated transcription; regulation of transcription by RNA polymerase II; sequence-specific DNA binding; sequence-specific double-stranded DNA binding; transcription initiation at RNA polymerase II promoter; transcription regulator complex","kegg: Bladder cancer - Homo sapiens (human); kegg: Breast cancer - Homo sapiens (human); kegg: Cell cycle - Homo sapiens (human); kegg: Cellular senescence - Homo sapiens (human); kegg: Chronic myeloid leukemia - Homo sapiens (human); kegg: Cushing syndrome - Homo sapiens (human); kegg: Epstein-Barr virus infection - Homo sapiens (human); kegg: Gastric cancer - Homo sapiens (human); kegg: Glioma - Homo sapiens (human); kegg: Hepatitis B - Homo sapiens (human); kegg: Hepatitis C - Homo sapiens (human); kegg: Hepatocellular carcinoma - Homo sapiens (human); kegg: Human T-cell leukemia virus 1 infection - Homo sapiens (human); kegg: Human cytomegalovirus infection - Homo sapiens (human); kegg: Kaposi sarcoma-associated herpesvirus infection - Homo sapiens (human); kegg: Melanoma - Homo sapiens (human); kegg: MicroRNAs in cancer - Homo sapiens (human); kegg: Non-small cell lung cancer - Homo sapiens (human); kegg: Pancreatic cancer - Homo sapiens (human); kegg: Pathways in cancer - Homo sapiens (human); kegg: Prostate cancer - Homo sapiens (human); kegg: Small cell lung cancer - Homo sapiens (human); pid: Direct p53 effectors; pid: E2F transcription factor network; pid: Regulation of retinoblastoma protein; pid: Validated targets of C-MYC transcriptional activation; reactome: Aberrant regulation of mitotic G1/S transition in cancer due to RB1 defects; reactome: Aberrant regulation of mitotic cell cycle due to RB1 defects; reactome: Cell Cycle; reactome: Cell Cycle, Mitotic; reactome: Cellular Senescence; reactome: Cellular responses to stimuli; reactome: Cellular responses to stress; reactome: Cyclin D associated events in G1; reactome: Defective binding of RB1 mutants to E2F1,(E2F2, E2F3); reactome: Disease; reactome: Diseases of mitotic cell cycle; reactome: G1 Phase; reactome: G2 Phase; reactome: Mitotic G1 phase and G1/S transition; reactome: Mitotic G2-G2/M phases; reactome: Oncogene Induced Senescence; reactome: Oxidative Stress Induced Senescence; reactome: Pre-NOTCH Expression and Processing; reactome: Pre-NOTCH Transcription and Translation; reactome: Signal Transduction; reactome: Signaling by NOTCH; wikipathways: B Cell Receptor Signaling Pathway; wikipathways: Breast cancer pathway; wikipathways: Cell cycle; wikipathways: G1 to S cell cycle control; wikipathways: Melanoma; wikipathways: Metastatic brain tumor; wikipathways: Nephrotic syndrome; wikipathways: Non-small cell lung cancer; wikipathways: Pancreatic adenocarcinoma pathway; wikipathways: Retinoblastoma gene in cancer; wikipathways: Small cell lung cancer",https://mygene.info/v3/query?q=ensembl.gene%3AENSG00000112242&species=human&fields=symbol%2Ctaxid%2Censembl.gene%2Cgo%2Cpathway&size=10,0,0,0,0,24,58,"DNA binding; DNA-binding transcription activator activity, RNA polymerase II-specific; DNA-binding transcription factor activity; DNA-binding transcription factor activity, RNA polymerase II-specific; G1/S transition of mitotic cell cycle; RNA polymerase II cis-regulatory region sequence-specific DNA binding; RNA polymerase II transcription regulator complex; RNA polymerase II transcription regulatory region sequence-specific DNA binding; chromatin; cis-regulatory region sequence-specific DNA binding; negative regulation of fat cell proliferation; nucleoplasm; nucleus; positive regulation of transcription by RNA polymerase II; positive regulation of vascular associated smooth muscle cell apoptotic process; protein binding; protein dimerization activity; protein import into nucleus; regulation of DNA-templated transcription; regulation of transcription by RNA polymerase II; sequence-specific DNA binding; sequence-specific double-stranded DNA binding; transcription initiation at RNA polymerase II promoter; transcription regulator complex","kegg: Bladder cancer - Homo sapiens (human); kegg: Breast cancer - Homo sapiens (human); kegg: Cell cycle - Homo sapiens (human); kegg: Cellular senescence - Homo sapiens (human); kegg: Chronic myeloid leukemia - Homo sapiens (human); kegg: Cushing syndrome - Homo sapiens (human); kegg: Epstein-Barr virus infection - Homo sapiens (human); kegg: Gastric cancer - Homo sapiens (human); kegg: Glioma - Homo sapiens (human); kegg: Hepatitis B - Homo sapiens (human); kegg: Hepatitis C - Homo sapiens (human); kegg: Hepatocellular carcinoma - Homo sapiens (human); kegg: Human T-cell leukemia virus 1 infection - Homo sapiens (human); kegg: Human cytomegalovirus infection - Homo sapiens (human); kegg: Kaposi sarcoma-associated herpesvirus infection - Homo sapiens (human); kegg: Melanoma - Homo sapiens (human); kegg: MicroRNAs in cancer - Homo sapiens (human); kegg: Non-small cell lung cancer - Homo sapiens (human); kegg: Pancreatic cancer - Homo sapiens (human); kegg: Pathways in cancer - Homo sapiens (human); kegg: Prostate cancer - Homo sapiens (human); kegg: Small cell lung cancer - Homo sapiens (human); pid: Direct p53 effectors; pid: E2F transcription factor network; pid: Regulation of retinoblastoma protein; pid: Validated targets of C-MYC transcriptional activation; reactome: Aberrant regulation of mitotic G1/S transition in cancer due to RB1 defects; reactome: Aberrant regulation of mitotic cell cycle due to RB1 defects; reactome: Cell Cycle; reactome: Cell Cycle, Mitotic; reactome: Cellular Senescence; reactome: Cellular responses to stimuli; reactome: Cellular responses to stress; reactome: Cyclin D associated events in G1; reactome: Defective binding of RB1 mutants to E2F1,(E2F2, E2F3); reactome: Disease; reactome: Diseases of mitotic cell cycle; reactome: G1 Phase; reactome: G2 Phase; reactome: Mitotic G1 phase and G1/S transition; reactome: Mitotic G2-G2/M phases; reactome: Oncogene Induced Senescence; reactome: Oxidative Stress Induced Senescence; reactome: Pre-NOTCH Expression and Processing; reactome: Pre-NOTCH Transcription and Translation; reactome: Signal Transduction; reactome: Signaling by NOTCH; wikipathways: B Cell Receptor Signaling Pathway; wikipathways: Breast cancer pathway; wikipathways: Cell cycle; wikipathways: G1 to S cell cycle control; wikipathways: Melanoma; wikipathways: Metastatic brain tumor; wikipathways: Nephrotic syndrome; wikipathways: Non-small cell lung cancer; wikipathways: Pancreatic adenocarcinoma pathway; wikipathways: Retinoblastoma gene in cancer; wikipathways: Small cell lung cancer",,,,,,,,,,,,,,,,,not_reviewed,2.0,2.0,limited_candidate,2.0,2.0,0.0,0.0,0.0,1.0,34609116;25364765
RFFL,queried,Golgi membrane; cytoplasm; cytoplasmic vesicle; cytosol; endosome membrane; lysosome; membrane; negative regulation of extrinsic apoptotic signaling pathway via death domain receptors; negative regulation of signal transduction by p53 class mediator; negative regulation of tumor necrosis factor-mediated signaling pathway; nucleoplasm; p53 binding; plasma membrane; protease binding; proteasome-mediated ubiquitin-dependent protein catabolic process; protein K48-linked ubiquitination; protein binding; protein kinase binding; protein ubiquitination; recycling endosome membrane; regulation of TOR signaling; regulation of fibroblast migration; regulation of signal transduction by p53 class mediator; ubiquitin protein ligase activity; ubiquitin protein ligase binding; ubiquitin-dependent protein catabolic process,netpath: TNFalpha; pid: TNF receptor signaling pathway ; reactome: Gene expression (Transcription); reactome: Generic Transcription Pathway; reactome: RNA Polymerase II Transcription; reactome: Regulation of TP53 Activity; reactome: Regulation of TP53 Degradation; reactome: Regulation of TP53 Expression and Degradation; reactome: Transcriptional Regulation by TP53; wikipathways: TNF-alpha signaling pathway,https://mygene.info/v3/query?q=ensembl.gene%3AENSG00000092871&species=human&fields=symbol%2Ctaxid%2Censembl.gene%2Cgo%2Cpathway&size=10,0,0,0,0,26,10,Golgi membrane; cytoplasm; cytoplasmic vesicle; cytosol; endosome membrane; lysosome; membrane; negative regulation of extrinsic apoptotic signaling pathway via death domain receptors; negative regulation of signal transduction by p53 class mediator; negative regulation of tumor necrosis factor-mediated signaling pathway; nucleoplasm; p53 binding; plasma membrane; protease binding; proteasome-mediated ubiquitin-dependent protein catabolic process; protein K48-linked ubiquitination; protein binding; protein kinase binding; protein ubiquitination; recycling endosome membrane; regulation of TOR signaling; regulation of fibroblast migration; regulation of signal transduction by p53 class mediator; ubiquitin protein ligase activity; ubiquitin protein ligase binding; ubiquitin-dependent protein catabolic process,netpath: TNFalpha; pid: TNF receptor signaling pathway ; reactome: Gene expression (Transcription); reactome: Generic Transcription Pathway; reactome: RNA Polymerase II Transcription; reactome: Regulation of TP53 Activity; reactome: Regulation of TP53 Degradation; reactome: Regulation of TP53 Expression and Degradation; reactome: Transcriptional Regulation by TP53; wikipathways: TNF-alpha signaling pathway,,,,,,,,,,,,,,,,,not_reviewed,0.0,0.0,unclear,0.0,0.0,0.0,0.0,0.0,0.0,
DPP6,queried,dipeptidyl-peptidase activity; membrane; plasma membrane; potassium channel regulator activity; protein binding; protein localization to plasma membrane; proteolysis; regulation of potassium ion transmembrane transport; serine-type peptidase activity; voltage-gated potassium channel complex,,https://mygene.info/v3/query?q=ensembl.gene%3AENSG00000130226&species=human&fields=symbol%2Ctaxid%2Censembl.gene%2Cgo%2Cpathway&size=10,0,0,0,0,10,0,dipeptidyl-peptidase activity; membrane; plasma membrane; potassium channel regulator activity; protein binding; protein localization to plasma membrane; proteolysis; regulation of potassium ion transmembrane transport; serine-type peptidase activity; voltage-gated potassium channel complex,,,,,,,,,,,,,,,,,,not_reviewed,9.0,9.0,strong_candidate,4.0,6.0,6.0,2.0,1.0,1.0,36209950;40109277;41024644;41977406;30874922;25740212;33225987;33591373;33591372
ADRA1B,queried,G protein-coupled receptor activity; G protein-coupled receptor signaling pathway; adenylate cyclase-activating adrenergic receptor signaling pathway; adenylate cyclase-modulating G protein-coupled receptor signaling pathway; adrenergic receptor activity; alpha1-adrenergic receptor activity; caveola; cell-cell signaling; cytoplasm; intracellular signal transduction; membrane; neuron-glial cell signaling; nuclear membrane; nucleus; phospholipase C-activating G protein-coupled receptor signaling pathway; plasma membrane; positive regulation of MAPK cascade; positive regulation of cardiac muscle hypertrophy; positive regulation of cytosolic calcium ion concentration; protein binding; protein heterodimerization activity; regulation of cardiac muscle contraction; regulation of muscle contraction; regulation of vasoconstriction,"biocarta: -arrestins in gpcr desensitization; biocarta: activation of camp-dependent protein kinase pka; biocarta: activation of csk by camp-dependent protein kinase inhibits signaling through the t cell receptor; biocarta: chrebp regulation by carbohydrates and camp; biocarta: ion channels and their functional role in vascular endothelium; biocarta: phospholipase c delta in phospholipid associated cell signaling; biocarta: role of -arrestins in the activation and targeting of map kinases; biocarta: roles of  arrestin dependent recruitment of src kinases in gpcr signaling; kegg: Adrenergic signaling in cardiomyocytes - Homo sapiens (human); kegg: Calcium signaling pathway - Homo sapiens (human); kegg: Neuroactive ligand-receptor interaction - Homo sapiens (human); kegg: Salivary secretion - Homo sapiens (human); kegg: Vascular smooth muscle contraction - Homo sapiens (human); kegg: cGMP-PKG signaling pathway - Homo sapiens (human); pid: LPA receptor mediated events; reactome: Adrenoceptors; reactome: Amine ligand-binding receptors; reactome: Class A/1 (Rhodopsin-like receptors); reactome: G alpha (12/13) signalling events; reactome: G alpha (q) signalling events; reactome: GPCR downstream signalling; reactome: GPCR ligand binding; reactome: Signal Transduction; reactome: Signaling by GPCR; wikipathways: AMP-activated protein kinase (AMPK) signaling; wikipathways: Calcium Regulation in the Cardiac Cell; wikipathways: GPCRs, Class A Rhodopsin-like; wikipathways: Monoamine GPCRs; wikipathways: Vitamin D Receptor Pathway",https://mygene.info/v3/query?q=ensembl.gene%3AENSG00000170214&species=human&fields=symbol%2Ctaxid%2Censembl.gene%2Cgo%2Cpathway&size=10,0,0,0,1,24,29,G protein-coupled receptor activity; G protein-coupled receptor signaling pathway; adenylate cyclase-activating adrenergic receptor signaling pathway; adenylate cyclase-modulating G protein-coupled receptor signaling pathway; adrenergic receptor activity; alpha1-adrenergic receptor activity; caveola; cell-cell signaling; cytoplasm; intracellular signal transduction; membrane; neuron-glial cell signaling; nuclear membrane; nucleus; phospholipase C-activating G protein-coupled receptor signaling pathway; plasma membrane; positive regulation of MAPK cascade; positive regulation of cardiac muscle hypertrophy; positive regulation of cytosolic calcium ion concentration; protein binding; protein heterodimerization activity; regulation of cardiac muscle contraction; regulation of muscle contraction; regulation of vasoconstriction,"biocarta: -arrestins in gpcr desensitization; biocarta: activation of camp-dependent protein kinase pka; biocarta: activation of csk by camp-dependent protein kinase inhibits signaling through the t cell receptor; biocarta: chrebp regulation by carbohydrates and camp; biocarta: ion channels and their functional role in vascular endothelium; biocarta: phospholipase c delta in phospholipid associated cell signaling; biocarta: role of -arrestins in the activation and targeting of map kinases; biocarta: roles of  arrestin dependent recruitment of src kinases in gpcr signaling; kegg: Adrenergic signaling in cardiomyocytes - Homo sapiens (human); kegg: Calcium signaling pathway - Homo sapiens (human); kegg: Neuroactive ligand-receptor interaction - Homo sapiens (human); kegg: Salivary secretion - Homo sapiens (human); kegg: Vascular smooth muscle contraction - Homo sapiens (human); kegg: cGMP-PKG signaling pathway - Homo sapiens (human); pid: LPA receptor mediated events; reactome: Adrenoceptors; reactome: Amine ligand-binding receptors; reactome: Class A/1 (Rhodopsin-like receptors); reactome: G alpha (12/13) signalling events; reactome: G alpha (q) signalling events; reactome: GPCR downstream signalling; reactome: GPCR ligand binding; reactome: Signal Transduction; reactome: Signaling by GPCR; wikipathways: AMP-activated protein kinase (AMPK) signaling; wikipathways: Calcium Regulation in the Cardiac Cell; wikipathways: GPCRs, Class A Rhodopsin-like; wikipathways: Monoamine GPCRs; wikipathways: Vitamin D Receptor Pathway",,,,,,,,,,,,,,,,,not_reviewed,1.0,1.0,limited_candidate,1.0,1.0,1.0,0.0,0.0,0.0,42427719
RTKN2,queried,adaptive immune response; cytoplasm; hemopoiesis; intracellular signal transduction; nucleus; positive regulation of cell population proliferation; signal transduction,,https://mygene.info/v3/query?q=ensembl.gene%3AENSG00000182010&species=human&fields=symbol%2Ctaxid%2Censembl.gene%2Cgo%2Cpathway&size=10,0,0,1,0,7,0,adaptive immune response; cytoplasm; hemopoiesis; intracellular signal transduction; nucleus; positive regulation of cell population proliferation; signal transduction,,,,,,,,,,,,,,,,,,not_reviewed,2.0,2.0,limited_candidate,2.0,1.0,1.0,0.0,1.0,0.0,39702044;29066835
HES4,queried,"DNA binding; DNA-binding transcription factor activity, RNA polymerase II-specific; RNA polymerase II cis-regulatory region sequence-specific DNA binding; anterior/posterior pattern specification; chromatin; negative regulation of transcription by RNA polymerase II; nucleus; protein binding; protein dimerization activity; regulation of DNA-templated transcription",kegg: Human papillomavirus infection - Homo sapiens (human),https://mygene.info/v3/query?q=ensembl.gene%3AENSG00000188290&species=human&fields=symbol%2Ctaxid%2Censembl.gene%2Cgo%2Cpathway&size=10,0,0,0,0,10,1,"DNA binding; DNA-binding transcription factor activity, RNA polymerase II-specific; RNA polymerase II cis-regulatory region sequence-specific DNA binding; anterior/posterior pattern specification; chromatin; negative regulation of transcription by RNA polymerase II; nucleus; protein binding; protein dimerization activity; regulation of DNA-templated transcription",kegg: Human papillomavirus infection - Homo sapiens (human),,,,,,,,,,,,,,,,,not_reviewed,2.0,2.0,limited_candidate,2.0,2.0,0.0,0.0,0.0,0.0,41602168;35592698
PREP,queried,angiotensin maturation; cytoplasm; cytosol; extracellular region; membrane; metallocarboxypeptidase activity; nucleus; oligopeptidase activity; peptidase activity; protein binding; proteolysis; serine-type endopeptidase activity; serine-type peptidase activity,kegg: Renin-angiotensin system - Homo sapiens (human),https://mygene.info/v3/query?q=ensembl.gene%3AENSG00000085377&species=human&fields=symbol%2Ctaxid%2Censembl.gene%2Cgo%2Cpathway&size=10,0,0,0,0,13,1,angiotensin maturation; cytoplasm; cytosol; extracellular region; membrane; metallocarboxypeptidase activity; nucleus; oligopeptidase activity; peptidase activity; protein binding; proteolysis; serine-type endopeptidase activity; serine-type peptidase activity,kegg: Renin-angiotensin system - Homo sapiens (human),,,,,,,,,,,,,,,,,not_reviewed,30.0,10.0,strong_candidate,5.0,9.0,4.0,2.0,3.0,2.0,42254865;29998529;37002885;31759088;30079347;29183787;32491259;37165090;31610373;37486018
AAK1,queried,AP-2 adaptor complex binding; ATP binding; Notch binding; cell leading edge; clathrin-coated pit; clathrin-coated vesicle; cytosol; membrane organization; plasma membrane; positive regulation of Notch signaling pathway; presynapse; protein binding; protein kinase activity; protein phosphorylation; protein serine kinase activity; protein serine/threonine kinase activity; protein stabilization; regulation of clathrin-dependent endocytosis; regulation of protein localization; terminal bouton,reactome: Cargo recognition for clathrin-mediated endocytosis; reactome: Clathrin-mediated endocytosis; reactome: Membrane Trafficking; reactome: Vesicle-mediated transport,https://mygene.info/v3/query?q=ensembl.gene%3AENSG00000115977&species=human&fields=symbol%2Ctaxid%2Censembl.gene%2Cgo%2Cpathway&size=10,1,0,0,1,20,4,,,,,,,,,,,,,,,,,,,not_reviewed,,,,,,,,,,
AKR1B1,queried,C21-steroid hormone biosynthetic process; D-sorbitol metabolic process; D-xylose reductase (NADPH) activity; L-arabinose reductase (NADPH) activity; L-glucuronate reductase activity; alcohol dehydrogenase (NADP+) activity; aldose reductase (NADPH) activity; all-trans-retinol dehydrogenase (NADP+) activity; allyl-alcohol dehydrogenase activity; aryl-alcohol dehydrogenase (NADP+) activity; carbohydrate metabolic process; cellular hyperosmotic salinity response; cytoplasm; cytosol; daunorubicin metabolic process; doxorubicin metabolic process; electron transfer activity; extracellular exosome; extracellular region; fructose biosynthetic process; glyceraldehyde oxidoreductase activity; glycerol dehydrogenase (NADP+) activity; mitochondrion; nucleoplasm; oxidoreductase activity; prostaglandin H2 endoperoxidase reductase activity; prostaglandin metabolic process; protein binding; retinal dehydrogenase (NAD+) activity; retinoid metabolic process; retinol metabolic process,"humancyc: acetone degradation I (to methylglyoxal); humancyc: methylglyoxal degradation III; kegg: Folate biosynthesis - Homo sapiens (human); kegg: Fructose and mannose metabolism - Homo sapiens (human); kegg: Galactose metabolism - Homo sapiens (human); kegg: Glycerolipid metabolism - Homo sapiens (human); kegg: Pentose and glucuronate interconversions - Homo sapiens (human); reactome: Fructose biosynthesis; reactome: Fructose metabolism; reactome: Galactose catabolism; reactome: Metabolism; reactome: Metabolism of carbohydrates and carbohydrate derivatives; reactome: Metabolism of lipids; reactome: Metabolism of steroid hormones; reactome: Metabolism of steroids; reactome: Pregnenolone biosynthesis; smpdb: D-glyceric acidura; smpdb: Dopa-responsive dystonia; smpdb: Familial lipoprotein lipase deficiency; smpdb: Fructose and Mannose Degradation; smpdb: Fructose intolerance, hereditary; smpdb: Fructosuria; smpdb: Galactose Metabolism; smpdb: Galactosemia; smpdb: Glycerol Kinase Deficiency; smpdb: Glycerolipid Metabolism; smpdb: Hyperphenylalaniemia due to guanosine triphosphate cyclohydrolase deficiency; smpdb: Hyperphenylalaninemia due to 6-pyruvoyltetrahydropterin synthase deficiency (ptps); smpdb: Hyperphenylalaninemia due to dhpr-deficiency; smpdb: Leigh Syndrome; smpdb: Primary hyperoxaluria II, PH2; smpdb: Pterine Biosynthesis; smpdb: Pyruvate Decarboxylase E1 Component Deficiency (PDHE1 Deficiency); smpdb: Pyruvate Dehydrogenase Complex Deficiency; smpdb: Pyruvate Metabolism; smpdb: Pyruvate kinase deficiency; smpdb: Segawa syndrome; smpdb: Sepiapterin reductase deficiency; wikipathways: Eicosanoid metabolism via cyclooxygenases (COX); wikipathways: Metapathway biotransformation Phase I and II; wikipathways: Polyol Pathway",https://mygene.info/v3/query?q=ensembl.gene%3AENSG00000085662&species=human&fields=symbol%2Ctaxid%2Censembl.gene%2Cgo%2Cpathway&size=10,0,0,0,0,31,41,,,,,,,,,,,,,,,,,,,not_reviewed,,,,,,,,,,
ALDH3B1,queried,"3-chloroallyl aldehyde dehydrogenase activity; alcohol metabolic process; aldehyde catabolic process; aldehyde dehydrogenase (NAD+) activity; aldehyde dehydrogenase (NADP+) activity; aldehyde dehydrogenase [NAD(P)+] activity; aldehyde metabolic process; benzaldehyde dehydrogenase (NAD+) activity; benzaldehyde dehydrogenase (NADP+) activity; cellular response to oxidative stress; cytoplasm; cytosol; ethanol catabolic process; extracellular exosome; lipid metabolic process; long-chain fatty aldehyde dehydrogenase (NAD+) activity; medium-chain fatty aldehyde dehydrogenase (NAD+) activity; oxidoreductase activity; oxidoreductase activity, acting on the aldehyde or oxo group of donors, NAD or NADP as acceptor; plasma membrane; protein binding; response to oxidative stress; secretory granule membrane; specific granule membrane; sphingolipid catabolic process; vesicle","humancyc: 2,-deoxy-&alpha;-D-ribose 1-phosphate degradation; humancyc: putrescine degradation III; kegg: Chemical carcinogenesis - Homo sapiens (human); kegg: Drug metabolism - cytochrome P450 - Homo sapiens (human); kegg: Glycolysis / Gluconeogenesis - Homo sapiens (human); kegg: Histidine metabolism - Homo sapiens (human); kegg: Metabolism of xenobiotics by cytochrome P450 - Homo sapiens (human); kegg: Phenylalanine metabolism - Homo sapiens (human); kegg: Tyrosine metabolism - Homo sapiens (human); kegg: beta-Alanine metabolism - Homo sapiens (human); reactome: Immune System; reactome: Innate Immune System; reactome: Metabolism; reactome: Metabolism of lipids; reactome: Neutrophil degranulation; reactome: Sphingolipid catabolism; reactome: Sphingolipid metabolism",https://mygene.info/v3/query?q=ensembl.gene%3AENSG00000006534&species=human&fields=symbol%2Ctaxid%2Censembl.gene%2Cgo%2Cpathway&size=10,0,0,0,0,26,17,,,,,,,,,,,,,,,,,,,not_reviewed,,,,,,,,,,
ANGPTL4,queried,blood coagulation; blood microparticle; enzyme inhibitor activity; extracellular matrix; extracellular region; identical protein binding; lipase binding; lipase inhibitor activity; negative regulation of apoptotic process; negative regulation of fatty acid biosynthetic process; negative regulation of very-low-density lipoprotein particle remodeling; positive regulation of angiogenesis; positive regulation of multicellular organismal process; protein binding; protein unfolding; regulation of chylomicron remodeling; regulation of triglyceride transport; response to hypoxia; triglyceride homeostasis,"kegg: Cholesterol metabolism - Homo sapiens (human); kegg: PPAR signaling pathway - Homo sapiens (human); reactome: Adherens junctions interactions; reactome: Adipogenesis; reactome: Assembly of active LPL and LIPC lipase complexes; reactome: Cell junction organization; reactome: Cell-Cell communication; reactome: Cell-cell junction organization; reactome: Developmental Biology; reactome: Epigenetic regulation by WDR5-containing histone modifying complexes; reactome: Epigenetic regulation of adipogenesis genes by MLL3 and MLL4 complexes; reactome: Epigenetic regulation of gene expression; reactome: Epigenetic regulation of gene expression by MLL3 and MLL4 complexes; reactome: Gene expression (Transcription); reactome: MLL4 and MLL3 complexes regulate expression of PPARG target genes in adipogenesis and hepatic steatosis; reactome: Metabolism; reactome: Metabolism of lipids; reactome: PPARA activates gene expression; reactome: Plasma lipoprotein assembly, remodeling, and clearance; reactome: Plasma lipoprotein remodeling; reactome: Regulation of CDH11 Expression and Function; reactome: Regulation of CDH11 function; reactome: Regulation of Expression and Function of Type II Classical Cadherins; reactome: Regulation of Homotypic Cell-Cell Adhesion; reactome: Regulation of lipid metabolism by PPARalpha; reactome: Transcriptional regulation of white adipocyte differentiation; reactome: Transport of small molecules; wikipathways: Glucocorticoid Receptor Pathway; wikipathways: Nuclear Receptors Meta-Pathway; wikipathways: PPAR signaling pathway",https://mygene.info/v3/query?q=ensembl.gene%3AENSG00000167772&species=human&fields=symbol%2Ctaxid%2Censembl.gene%2Cgo%2Cpathway&size=10,0,0,0,0,19,30,,,,,,,,,,,,,,,,,,,not_reviewed,,,,,,,,,,
ANKRD36B,queried,identical protein binding; protein binding,,https://mygene.info/v3/query?q=ensembl.gene%3AENSG00000196912&species=human&fields=symbol%2Ctaxid%2Censembl.gene%2Cgo%2Cpathway&size=10,0,0,0,0,2,0,,,,,,,,,,,,,,,,,,,not_reviewed,,,,,,,,,,
ARMC5,queried,Cul3-RING ubiquitin ligase complex; RNA polymerase II transcription initiation surveillance; anatomical structure morphogenesis; chromatin; chromosome; cytoplasm; membrane; nucleus; proteasome-mediated ubiquitin-dependent protein catabolic process; protein binding; protein ubiquitination; ubiquitin protein ligase activity; ubiquitin-like ligase-substrate adaptor activity,kegg: Cushing syndrome - Homo sapiens (human),https://mygene.info/v3/query?q=ensembl.gene%3AENSG00000140691&species=human&fields=symbol%2Ctaxid%2Censembl.gene%2Cgo%2Cpathway&size=10,0,0,0,0,13,1,,,,,,,,,,,,,,,,,,,not_reviewed,,,,,,,,,,
CCDC142,queried,,,https://mygene.info/v3/query?q=ensembl.gene%3AENSG00000135637&species=human&fields=symbol%2Ctaxid%2Censembl.gene%2Cgo%2Cpathway&size=10,0,0,0,0,0,0,,,,,,,,,,,,,,,,,,,not_reviewed,,,,,,,,,,
CMAS,queried,CMP-N-acetylneuraminate biosynthetic process; CMP-keto-3-deoxy-D-manno-octulosonic acid biosynthetic process; N-acetylneuraminate metabolic process; N-acylneuraminate cytidylyltransferase activity; keto-deoxynonulosonic acid (KDN) cytidylyltransferase activity; membrane; nucleolus; nucleoplasm; nucleus,"humancyc: CMP-<i>N</i>-acetylneuraminate biosynthesis I (eukaryotes); kegg: Amino sugar and nucleotide sugar metabolism - Homo sapiens (human); reactome: Asparagine N-linked glycosylation; reactome: Biosynthesis of the N-glycan precursor (dolichol lipid-linked oligosaccharide, LLO) and transfer to a nascent protein; reactome: Metabolism of proteins; reactome: Post-translational protein modification; reactome: Sialic acid metabolism; reactome: Synthesis of substrates in N-glycan biosythesis; smpdb: Amino Sugar Metabolism; smpdb: G(M2)-Gangliosidosis: Variant B, Tay-sachs disease; smpdb: Salla Disease/Infantile Sialic Acid Storage Disease; smpdb: Sialuria or French Type Sialuria; smpdb: Tay-Sachs Disease",https://mygene.info/v3/query?q=ensembl.gene%3AENSG00000111726&species=human&fields=symbol%2Ctaxid%2Censembl.gene%2Cgo%2Cpathway&size=10,0,0,0,0,9,13,,,,,,,,,,,,,,,,,,,not_reviewed,,,,,,,,,,
CYBRD1,queried,"apical plasma membrane; ascorbate homeostasis; brush border membrane; extracellular exosome; identical protein binding; intracellular iron ion homeostasis; membrane; multicellular organismal-level iron ion homeostasis; oxidoreductase activity; oxidoreductase activity, acting on metal ions; plasma membrane; protein binding; reductive iron assimilation; transmembrane ascorbate ferrireductase activity; transmembrane monodehydroascorbate reductase activity",kegg: Mineral absorption - Homo sapiens (human); reactome: Iron uptake and transport; reactome: Transport of small molecules,https://mygene.info/v3/query?q=ensembl.gene%3AENSG00000071967&species=human&fields=symbol%2Ctaxid%2Censembl.gene%2Cgo%2Cpathway&size=10,0,0,0,0,15,3,,,,,,,,,,,,,,,,,,,not_reviewed,,,,,,,,,,
DDI1,queried,aspartic-type endopeptidase activity; cellular response to hydroxyurea; cytoplasm; proteasomal protein catabolic process; protein binding; proteolysis; regulation of DNA stability; regulation of protein stability,,https://mygene.info/v3/query?q=ensembl.gene%3AENSG00000170967&species=human&fields=symbol%2Ctaxid%2Censembl.gene%2Cgo%2Cpathway&size=10,0,0,0,0,8,0,,,,,,,,,,,,,,,,,,,not_reviewed,,,,,,,,,,
DTX3,queried,Notch signaling pathway; cytoplasm; nucleoplasm; nucleus; proteasome-mediated ubiquitin-dependent protein catabolic process; protein binding; protein ubiquitination; regulation of Notch signaling pathway; ubiquitin protein ligase activity,kegg: Notch signaling pathway - Homo sapiens (human); wikipathways: Notch Signaling,https://mygene.info/v3/query?q=ensembl.gene%3AENSG00000178498&species=human&fields=symbol%2Ctaxid%2Censembl.gene%2Cgo%2Cpathway&size=10,0,0,0,0,9,2,,,,,,,,,,,,,,,,,,,not_reviewed,,,,,,,,,,
ENAH,queried,GABA-ergic synapse; WW domain binding; actin polymerization or depolymerization; actin polymerization-dependent cell motility; axon guidance; cytoplasm; cytoskeleton; cytosol; filopodium; focal adhesion; lamellipodium; plasma membrane; postsynapse; postsynaptic cytoskeleton organization; profilin binding; protein binding; protein domain specific binding; synapse,kegg: Axon guidance - Homo sapiens (human); kegg: Rap1 signaling pathway - Homo sapiens (human); kegg: Regulation of actin cytoskeleton - Homo sapiens (human); netpath: TCR; pid: CDC42 signaling events; pid: E-cadherin signaling in the nascent adherens junction; pid: Stabilization and expansion of the E-cadherin adherens junction; reactome: Adaptive Immune System; reactome: Axon guidance; reactome: Developmental Biology; reactome: Generation of second messenger molecules; reactome: Immune System; reactome: Nervous system development; reactome: Signaling by ROBO receptors; reactome: TCR signaling; wikipathways: Regulation of Actin Cytoskeleton,https://mygene.info/v3/query?q=ensembl.gene%3AENSG00000154380&species=human&fields=symbol%2Ctaxid%2Censembl.gene%2Cgo%2Cpathway&size=10,1,0,0,1,18,16,,,,,,,,,,,,,,,,,,,not_reviewed,,,,,,,,,,
ETHE1,queried,cytoplasm; glutathione metabolic process; identical protein binding; iron ion binding; mitochondrial matrix; mitochondrion; nucleus; protein binding; sulfide oxidation; sulfur dioxygenase activity,kegg: Sulfur metabolism - Homo sapiens (human); reactome: Degradation of cysteine and homocysteine; reactome: Metabolism; reactome: Metabolism of amino acids and derivatives; reactome: Sulfide oxidation to sulfate; reactome: Sulfur amino acid metabolism,https://mygene.info/v3/query?q=ensembl.gene%3AENSG00000105755&species=human&fields=symbol%2Ctaxid%2Censembl.gene%2Cgo%2Cpathway&size=10,0,0,0,0,10,6,,,,,,,,,,,,,,,,,,,not_reviewed,,,,,,,,,,
F8,queried,"COPII-coated ER to Golgi transport vesicle; Golgi lumen; blood coagulation; blood coagulation, intrinsic pathway; copper ion binding; endoplasmic reticulum lumen; endoplasmic reticulum-Golgi intermediate compartment membrane; extracellular region; membrane; oxidoreductase activity; plasma membrane; platelet alpha granule lumen; protein binding; protein-containing complex; proteolysis; serine-type endopeptidase complex; zymogen activation","biocarta: intrinsic prothrombin activation pathway; kegg: Complement and coagulation cascades - Homo sapiens (human); reactome: Amplification and propagation of coagulation cascade; reactome: Asparagine N-linked glycosylation; reactome: COPII-mediated vesicle transport; reactome: Cargo concentration in the ER; reactome: Coagulation pathway; reactome: Defective F8 accelerates dissociation of the A2 domain; reactome: Defective F8 binding to the cell membrane; reactome: Defective F8 binding to von Willebrand factor; reactome: Defective F8 cleavage by thrombin; reactome: Defective F8 secretion; reactome: Defective F8 sulfation at Y1699; reactome: Defective F9 variant does not activate FX; reactome: Defective cofactor function of FVIIIa variant; reactome: Defective factor IX causes hemophilia B; reactome: Defective factor IX causes thrombophilia; reactome: Defective factor VIII causes hemophilia A; reactome: Defects of Coagulation cascade; reactome: Disease; reactome: Diseases of hemostasis; reactome: ER to Golgi Anterograde Transport; reactome: Gamma carboxylation, hypusinylation, hydroxylation, and arylsulfatase activation; reactome: Hemostasis; reactome: Initiation of coagulation cascade; reactome: Membrane Trafficking; reactome: Metabolism of proteins; reactome: Platelet activation, signaling and aggregation; reactome: Platelet degranulation ; reactome: Post-translational protein modification; reactome: Regulation of clotting cascade; reactome: Response to elevated platelet cytosolic Ca2+; reactome: Transport to the Golgi and subsequent modification; reactome: Vesicle-mediated transport; smpdb: Acenocoumarol Action Pathway; smpdb: Alteplase Action Pathway; smpdb: Aminocaproic Acid Action Pathway; smpdb: Anistreplase Action Pathway; smpdb: Aprotinin Action Pathway; smpdb: Ardeparin Action Pathway; smpdb: Argatroban Action Pathway; smpdb: Bivalirudin Action Pathway; smpdb: Coagulation ; smpdb: Dicoumarol Action Pathway; smpdb: Dicumarol Action Pathway; smpdb: Enoxaparin Action Pathway; smpdb: Fondaparinux Action Pathway; smpdb: Heparin Action Pathway; smpdb: Lepirudin Action Pathway; smpdb: Phenindione Action Pathway; smpdb: Phenprocoumon Action Pathway; smpdb: Reteplase Action Pathway; smpdb: Streptokinase Action Pathway; smpdb: Tenecteplase Action Pathway; smpdb: Tranexamic Acid Action Pathway; smpdb: Urokinase Action Pathway; smpdb: Warfarin Action Pathway; smpdb: Ximelagatran Action Pathway; wikipathways: Blood Clotting Cascade; wikipathways: Complement and Coagulation Cascades",https://mygene.info/v3/query?q=ensembl.gene%3AENSG00000185010&species=human&fields=symbol%2Ctaxid%2Censembl.gene%2Cgo%2Cpathway&size=10,0,0,0,0,17,60,,,,,,,,,,,,,,,,,,,not_reviewed,,,,,,,,,,
FBXO30,queried,SCF ubiquitin ligase complex; SCF-dependent proteasomal ubiquitin-dependent protein catabolic process; cytosol; protein binding; protein ubiquitination; ubiquitin protein ligase activity; zinc ion binding,reactome: Adaptive Immune System; reactome: Antigen processing: Ubiquitination & Proteasome degradation; reactome: Class I MHC mediated antigen processing & presentation; reactome: Immune System; reactome: Metabolism of proteins; reactome: Neddylation; reactome: Post-translational protein modification,https://mygene.info/v3/query?q=ensembl.gene%3AENSG00000118496&species=human&fields=symbol%2Ctaxid%2Censembl.gene%2Cgo%2Cpathway&size=10,0,0,0,0,7,7,,,,,,,,,,,,,,,,,,,not_reviewed,,,,,,,,,,
FOXS1,queried,"DNA binding; DNA-binding transcription factor activity; DNA-binding transcription factor activity, RNA polymerase II-specific; DNA-binding transcription repressor activity, RNA polymerase II-specific; RNA polymerase II cis-regulatory region sequence-specific DNA binding; anatomical structure morphogenesis; blood vessel development; cell differentiation; chromatin; negative regulation of transcription by RNA polymerase II; nucleus; regulation of DNA-templated transcription; regulation of transcription by RNA polymerase II; sequence-specific DNA binding",,https://mygene.info/v3/query?q=ensembl.gene%3AENSG00000179772&species=human&fields=symbol%2Ctaxid%2Censembl.gene%2Cgo%2Cpathway&size=10,0,0,0,0,14,0,,,,,,,,,,,,,,,,,,,not_reviewed,,,,,,,,,,
GALNT6,queried,Golgi apparatus; Golgi membrane; perinuclear region of cytoplasm; polypeptide N-acetylgalactosaminyltransferase activity; protein O-linked glycosylation; protein O-linked glycosylation via N-acetylgalactosamine; protein binding,humancyc: mucin core 1 and core 2 <i>O</i>-glycosylation; kegg: Mucin type O-glycan biosynthesis - Homo sapiens (human); kegg: Other types of O-glycan biosynthesis - Homo sapiens (human); reactome: Metabolism of proteins; reactome: O-linked glycosylation; reactome: O-linked glycosylation of mucins; reactome: Post-translational protein modification,https://mygene.info/v3/query?q=ensembl.gene%3AENSG00000139629&species=human&fields=symbol%2Ctaxid%2Censembl.gene%2Cgo%2Cpathway&size=10,0,0,0,0,7,7,,,,,,,,,,,,,,,,,,,not_reviewed,,,,,,,,,,
GJA5,queried,AV node cell to bundle of His cell communication by electrical coupling; Purkinje myocyte to ventricular cardiac muscle cell communication by electrical coupling; SA node cell to atrial cardiac muscle cell communication by electrical coupling; angiogenesis; artery morphogenesis; atrial cardiac muscle cell to AV node cell communication by electrical coupling; atrial septum development; bundle of His cell to Purkinje myocyte communication by electrical coupling; cardiac conduction system development; cell communication; cell communication by chemical coupling; cell communication by electrical coupling; cell communication by electrical coupling involved in cardiac conduction; cell-cell signaling; connexin binding; connexin complex; disordered domain specific binding; endothelium development; gap junction; gap junction assembly; gap junction channel activity; gap junction channel activity involved in AV node cell-bundle of His cell electrical coupling; gap junction channel activity involved in Purkinje myocyte-ventricular cardiac muscle cell electrical coupling; gap junction channel activity involved in SA node cell-atrial cardiac muscle cell electrical coupling; gap junction channel activity involved in atrial cardiac muscle cell-AV node cell electrical coupling; gap junction channel activity involved in bundle of His cell-Purkinje myocyte electrical coupling; gap junction channel activity involved in cardiac conduction electrical coupling; gap junction hemi-channel activity; heart development; intercalated disc; mitral valve development; negative regulation of blood pressure; negative regulation of glomerular filtration; outflow tract morphogenesis; plasma membrane; positive regulation of cell communication by chemical coupling; positive regulation of vasoconstriction; potassium ion transport; protein binding; pulmonary valve formation; regulation of AV node cell action potential; regulation of Purkinje myocyte action potential; regulation of atrial cardiac muscle cell action potential; regulation of atrial cardiac muscle cell membrane depolarization; regulation of bundle of His cell action potential; regulation of cardiac muscle contraction; regulation of cell communication by electrical coupling; regulation of ventricular cardiac muscle cell membrane depolarization; regulation of ventricular cardiac muscle cell membrane repolarization; transmembrane transport; vasodilation; vasomotion; ventricular septum development,reactome: Gap junction assembly; reactome: Gap junction trafficking; reactome: Gap junction trafficking and regulation; reactome: Membrane Trafficking; reactome: Vesicle-mediated transport; wikipathways: 1q21.1 copy number variation syndrome; wikipathways: Calcium Regulation in the Cardiac Cell; wikipathways: NOTCH1 regulation of endothelial cell calcification,https://mygene.info/v3/query?q=ensembl.gene%3AENSG00000265107&species=human&fields=symbol%2Ctaxid%2Censembl.gene%2Cgo%2Cpathway&size=10,0,0,0,0,53,8,,,,,,,,,,,,,,,,,,,not_reviewed,,,,,,,,,,
GNL3,queried,"GTP binding; RNA binding; chromosome; extracellular region; mRNA 5'-UTR binding; membrane; nuclear body; nucleolus; nucleoplasm; nucleus; positive regulation of miRNA transcription; positive regulation of protein localization to chromosome, telomeric region; positive regulation of protein sumoylation; positive regulation of telomere maintenance; protein binding; regulation of cell population proliferation; stem cell division; stem cell population maintenance",kegg: Ribosome biogenesis in eukaryotes - Homo sapiens (human); reactome: Major pathway of rRNA processing in the nucleolus and cytosol; reactome: Metabolism of RNA; reactome: rRNA processing; reactome: rRNA processing in the nucleus and cytosol,https://mygene.info/v3/query?q=ensembl.gene%3AENSG00000163938&species=human&fields=symbol%2Ctaxid%2Censembl.gene%2Cgo%2Cpathway&size=10,0,0,0,0,18,5,,,,,,,,,,,,,,,,,,,not_reviewed,,,,,,,,,,
GPR141,queried,G protein-coupled receptor activity; G protein-coupled receptor signaling pathway; inflammatory response; membrane; oxysterol binding; plasma membrane; protein binding,,https://mygene.info/v3/query?q=ensembl.gene%3AENSG00000187037&species=human&fields=symbol%2Ctaxid%2Censembl.gene%2Cgo%2Cpathway&size=10,0,0,1,0,7,0,,,,,,,,,,,,,,,,,,,not_reviewed,,,,,,,,,,
GPR180,queried,G protein-coupled receptor signaling pathway; membrane; response to pheromone,,https://mygene.info/v3/query?q=ensembl.gene%3AENSG00000152749&species=human&fields=symbol%2Ctaxid%2Censembl.gene%2Cgo%2Cpathway&size=10,0,0,0,0,3,0,,,,,,,,,,,,,,,,,,,not_reviewed,,,,,,,,,,
GPR78,queried,G protein-coupled receptor activity; G protein-coupled receptor signaling pathway; adenylate cyclase-activating G protein-coupled receptor signaling pathway; membrane; plasma membrane; protein binding,,https://mygene.info/v3/query?q=ensembl.gene%3AENSG00000155269&species=human&fields=symbol%2Ctaxid%2Censembl.gene%2Cgo%2Cpathway&size=10,0,0,0,0,6,0,,,,,,,,,,,,,,,,,,,not_reviewed,,,,,,,,,,
HABP2,queried,calcium ion binding; cell adhesion; extracellular region; glycosaminoglycan binding; peptidase activity; proteolysis; serine-type endopeptidase activity,,https://mygene.info/v3/query?q=ensembl.gene%3AENSG00000148702&species=human&fields=symbol%2Ctaxid%2Censembl.gene%2Cgo%2Cpathway&size=10,0,0,0,0,7,0,,,,,,,,,,,,,,,,,,,not_reviewed,,,,,,,,,,
HYOU1,queried,ATP binding; ATP hydrolysis activity; adenyl-nucleotide exchange factor activity; cellular response to hypoxia; endocytic vesicle lumen; endoplasmic reticulum; endoplasmic reticulum chaperone complex; endoplasmic reticulum lumen; endoplasmic reticulum to Golgi vesicle-mediated transport; extracellular exosome; extracellular region; focal adhesion; membrane; negative regulation of apoptotic process; negative regulation of endoplasmic reticulum stress-induced neuron intrinsic apoptotic signaling pathway; negative regulation of hypoxia-induced intrinsic apoptotic signaling pathway; negative regulation of intrinsic apoptotic signaling pathway; protein binding; protein-folding chaperone binding; regulation of cellular response to stress; response to endoplasmic reticulum stress; response to ischemia; response to stress; smooth endoplasmic reticulum,kegg: Protein processing in endoplasmic reticulum - Homo sapiens (human); reactome: Binding and Uptake of Ligands by Scavenger Receptors; reactome: Cellular responses to stimuli; reactome: Cellular responses to stress; reactome: Dengue Virus Genome Translation and Replication; reactome: Dengue Virus Infection; reactome: Disease; reactome: IRE1alpha activates chaperones; reactome: Infectious disease; reactome: Maturation of DENV proteins; reactome: Scavenging by Class F Receptors; reactome: Unfolded Protein Response (UPR); reactome: Vesicle-mediated transport; reactome: Viral Infection Pathways; reactome: XBP1(S) activates chaperone genes; smpdb: Acetaminophen Metabolism Pathway; smpdb: Etoposide Action Pathway; smpdb: Etoposide Metabolism Pathway; smpdb: Ibuprofen Action Pathway; smpdb: Ibuprofen Metabolism Pathway; smpdb: Irinotecan Action Pathway; smpdb: Irinotecan Metabolism Pathway; smpdb: Morphine Action Pathway; smpdb: Morphine Metabolism Pathway; smpdb: Phenytoin (Antiarrhythmic) Action Pathway; smpdb: Retinol Metabolism; smpdb: Sorafenib Metabolism Pathway; smpdb: Vitamin A Deficiency; wikipathways: VEGFA-VEGFR2 Signaling Pathway,https://mygene.info/v3/query?q=ensembl.gene%3AENSG00000149428&species=human&fields=symbol%2Ctaxid%2Censembl.gene%2Cgo%2Cpathway&size=10,0,0,0,1,24,29,,,,,,,,,,,,,,,,,,,not_reviewed,,,,,,,,,,
IGFBP3,queried,endoplasmic reticulum lumen; extracellular region; fibronectin binding; insulin-like growth factor I binding; insulin-like growth factor II binding; insulin-like growth factor binding; insulin-like growth factor binding protein complex; insulin-like growth factor ternary complex; metal ion binding; negative regulation of cell population proliferation; negative regulation of protein phosphorylation; negative regulation of signal transduction; negative regulation of smooth muscle cell migration; negative regulation of smooth muscle cell proliferation; non-collagenous component of basement membrane; non-collagenous component of interstitial matrix; nucleus; osteoblast differentiation; positive regulation of apoptotic process; positive regulation of myoblast differentiation; protein binding; protein phosphorylation; protein tyrosine phosphatase activator activity; regulation of insulin-like growth factor receptor signaling pathway,"biocarta: hypoxia and p53 in the cardiovascular system; kegg: Cellular senescence - Homo sapiens (human); kegg: Growth hormone synthesis, secretion and action - Homo sapiens (human); kegg: Transcriptional misregulation in cancer - Homo sapiens (human); kegg: p53 signaling pathway - Homo sapiens (human); pid: Direct p53 effectors; pid: Validated transcriptional targets of TAp63 isoforms; pid: Validated transcriptional targets of deltaNp63 isoforms; reactome: Gene expression (Transcription); reactome: Generic Transcription Pathway; reactome: Metabolism of proteins; reactome: Post-translational protein modification; reactome: Post-translational protein phosphorylation; reactome: RNA Polymerase II Transcription; reactome: Regulation of Insulin-like Growth Factor (IGF) transport and uptake by Insulin-like Growth Factor Binding Proteins (IGFBPs); reactome: TP53 Regulates Transcription of Cell Death Genes; reactome: TP53 Regulates Transcription of Death Receptors and Ligands; reactome: Transcriptional Regulation by TP53; wikipathways: 16p11.2 proximal deletion syndrome; wikipathways: Myometrial relaxation and contraction pathways; wikipathways: Photodynamic therapy-induced HIF-1 survival signaling; wikipathways: Senescence and Autophagy in Cancer; wikipathways: VEGFA-VEGFR2 Signaling Pathway; wikipathways: Vitamin D Receptor Pathway",https://mygene.info/v3/query?q=ensembl.gene%3AENSG00000146674&species=human&fields=symbol%2Ctaxid%2Censembl.gene%2Cgo%2Cpathway&size=10,0,0,0,0,24,24,,,,,,,,,,,,,,,,,,,not_reviewed,,,,,,,,,,
IL12RB1,queried,cellular response to type II interferon; coreceptor activity; cytokine binding; cytokine receptor activity; cytokine-mediated signaling pathway; external side of plasma membrane; immune response; interleukin-12 receptor activity; interleukin-12 receptor binding; interleukin-12 receptor complex; interleukin-12-mediated signaling pathway; interleukin-23 binding; interleukin-23 receptor activity; interleukin-23 receptor complex; interleukin-23-mediated signaling pathway; membrane; plasma membrane; positive regulation of NK T cell proliferation; positive regulation of T cell mediated cytotoxicity; positive regulation of T cell proliferation; positive regulation of T-helper 1 type immune response; positive regulation of T-helper 17 cell lineage commitment; positive regulation of T-helper 17 type immune response; positive regulation of activated T cell proliferation; positive regulation of cell population proliferation; positive regulation of defense response to virus by host; positive regulation of interleukin-17 production; positive regulation of memory T cell differentiation; positive regulation of natural killer cell proliferation; positive regulation of receptor signaling pathway via JAK-STAT; positive regulation of type II interferon production; signal transduction; signaling receptor complex,biocarta: il12 and stat4 dependent signaling pathway in th1 development; biocarta: no2-dependent il-12 pathway in nk cells; kegg: Cytokine-cytokine receptor interaction - Homo sapiens (human); kegg: Inflammatory bowel disease - Homo sapiens (human); kegg: JAK-STAT signaling pathway - Homo sapiens (human); kegg: Pathways in cancer - Homo sapiens (human); kegg: Th1 and Th2 cell differentiation - Homo sapiens (human); kegg: Th17 cell differentiation - Homo sapiens (human); pid: IL12-mediated signaling events; pid: IL23-mediated signaling events; pid: IL27-mediated signaling events; reactome: Cytokine Signaling in Immune system; reactome: Immune System; reactome: Interleukin-12 family signaling; reactome: Interleukin-12 signaling; reactome: Interleukin-23 signaling; reactome: Signaling by Interleukins; wikipathways: Selective expression of chemokine receptors during T-cell polarization,https://mygene.info/v3/query?q=ensembl.gene%3AENSG00000096996&species=human&fields=symbol%2Ctaxid%2Censembl.gene%2Cgo%2Cpathway&size=10,0,0,1,0,33,18,,,,,,,,,,,,,,,,,,,not_reviewed,,,,,,,,,,
JMJD1C,queried,blood coagulation; chromatin; chromatin DNA binding; chromatin remodeling; histone H3K9 demethylase activity; lipid biosynthetic process; nuclear thyroid hormone receptor binding; nucleoplasm; nucleus; plasma cell differentiation; protein binding; protein demethylase activity; regulation of DNA-templated transcription; regulation of transcription by RNA polymerase II; transcription coregulator activity,kegg: Transcriptional misregulation in cancer - Homo sapiens (human); reactome: Factors involved in megakaryocyte development and platelet production; reactome: Hemostasis; wikipathways: Pathways affected in adenoid cystic carcinoma,https://mygene.info/v3/query?q=ensembl.gene%3AENSG00000171988&species=human&fields=symbol%2Ctaxid%2Censembl.gene%2Cgo%2Cpathway&size=10,0,0,0,0,15,4,,,,,,,,,,,,,,,,,,,not_reviewed,,,,,,,,,,
KCTD13,queried,Cul3-RING ubiquitin ligase complex; cell migration; cytoplasm; cytosol; identical protein binding; negative regulation of Rho protein signal transduction; neural precursor cell proliferation; nuclear body; nucleoplasm; nucleus; positive regulation of DNA replication; positive regulation of synaptic transmission; proteasome-mediated ubiquitin-dependent protein catabolic process; protein binding; protein domain specific binding; protein homooligomerization; protein ubiquitination; stress fiber assembly; ubiquitin-like ligase-substrate adaptor activity,"reactome: RHO GTPase cycle; reactome: RND2 GTPase cycle; reactome: RND3 GTPase cycle; reactome: Signal Transduction; reactome: Signaling by Rho GTPases; reactome: Signaling by Rho GTPases, Miro GTPases and RHOBTB3; wikipathways: 16p11.2 proximal deletion syndrome",https://mygene.info/v3/query?q=ensembl.gene%3AENSG00000174943&species=human&fields=symbol%2Ctaxid%2Censembl.gene%2Cgo%2Cpathway&size=10,1,0,0,1,19,7,,,,,,,,,,,,,,,,,,,not_reviewed,,,,,,,,,,
KRT17,queried,cell periphery; cornified envelope; cytoplasm; cytoskeletal regulatory protein binding; cytoskeleton; cytosol; epithelial cell differentiation; hair follicle morphogenesis; intermediate filament bundle assembly; intermediate filament cytoskeleton; intermediate filament organization; keratin filament; morphogenesis of an epithelium; positive regulation of cell growth; positive regulation of hair follicle development; positive regulation of translation; protein binding; structural constituent of skin epidermis; structural molecule activity,kegg: Estrogen signaling pathway - Homo sapiens (human); kegg: Staphylococcus aureus infection - Homo sapiens (human); netpath: EGFR1; pid: Glucocorticoid receptor regulatory network; reactome: Developmental Biology; reactome: Developmental Cell Lineages; reactome: Developmental Cell Lineages of the Exocrine Pancreas; reactome: Developmental Lineage of Pancreatic Ductal Cells; reactome: Formation of the cornified envelope; reactome: Keratinization,https://mygene.info/v3/query?q=ensembl.gene%3AENSG00000128422&species=human&fields=symbol%2Ctaxid%2Censembl.gene%2Cgo%2Cpathway&size=10,0,0,0,0,19,10,,,,,,,,,,,,,,,,,,,not_reviewed,,,,,,,,,,
MRGPRE,queried,G protein-coupled bile acid receptor activity; G protein-coupled receptor activity; G protein-coupled receptor signaling pathway; adenylate cyclase-activating G protein-coupled bile acid receptor signaling pathway; adenylate cyclase-activating G protein-coupled receptor signaling pathway; adenylate cyclase-modulating G protein-coupled receptor signaling pathway; cell surface receptor signaling pathway; intracellular glucose homeostasis; membrane; plasma membrane; positive regulation of insulin secretion involved in cellular response to glucose stimulus; protein binding,,https://mygene.info/v3/query?q=ensembl.gene%3AENSG00000184350&species=human&fields=symbol%2Ctaxid%2Censembl.gene%2Cgo%2Cpathway&size=10,0,0,0,0,12,0,,,,,,,,,,,,,,,,,,,not_reviewed,,,,,,,,,,
NMB,queried,Leydig cell proliferation; antiviral innate immune response; arachidonate secretion; cell-cell signaling; extracellular region; hormone activity; negative regulation of hormone secretion; negative regulation of interleukin-6 production; neuromedin B receptor binding; neuron projection; neuropeptide hormone activity; neuropeptide signaling pathway; positive regulation of cell population proliferation; positive regulation of cytosolic calcium ion concentration; positive regulation of hormone secretion; positive regulation of interferon-alpha production; positive regulation of osteoclast proliferation; positive regulation of respiratory gaseous exchange; positive regulation of testosterone secretion; protein binding; sensory perception of itch; signal transduction; sneeze reflex,kegg: Neuroactive ligand-receptor interaction - Homo sapiens (human); reactome: Class A/1 (Rhodopsin-like receptors); reactome: G alpha (q) signalling events; reactome: GPCR downstream signalling; reactome: GPCR ligand binding; reactome: Peptide ligand-binding receptors; reactome: Signal Transduction; reactome: Signaling by GPCR,https://mygene.info/v3/query?q=ensembl.gene%3AENSG00000197696&species=human&fields=symbol%2Ctaxid%2Censembl.gene%2Cgo%2Cpathway&size=10,0,0,1,1,23,8,,,,,,,,,,,,,,,,,,,not_reviewed,,,,,,,,,,
NTN1,queried,"Cdc42 protein signal transduction; DNA-binding transcription factor activity, RNA polymerase II-specific; RNA polymerase II cis-regulatory region sequence-specific DNA binding; RNA polymerase II transcription regulator complex; Ras protein signal transduction; basement membrane; chemorepulsion of axon; cytoplasm; cytosol; extracellular region; glutamatergic synapse; non-collagenous component of basement membrane; positive regulation of axon extension; positive regulation of cell motility; protein binding; regulation of synapse assembly; regulation of transcription by RNA polymerase II; substrate-dependent cell migration, cell extension; synapse",kegg: Axon guidance - Homo sapiens (human); netpath: Alpha6Beta4Integrin; pid: Netrin-mediated signaling events; reactome: Axon guidance; reactome: DCC mediated attractive signaling; reactome: DSCAM interactions; reactome: Developmental Biology; reactome: Nervous system development; reactome: Netrin mediated repulsion signals; reactome: Netrin-1 signaling; reactome: Regulation of commissural axon pathfinding by SLIT and ROBO; reactome: Role of second messengers in netrin-1 signaling; reactome: Signaling by ROBO receptors; wikipathways: Chromosomal and microsatellite instability in colorectal cancer; wikipathways: Netrin-UNC5B signaling pathway; wikipathways: Spinal Cord Injury,https://mygene.info/v3/query?q=ensembl.gene%3AENSG00000065320&species=human&fields=symbol%2Ctaxid%2Censembl.gene%2Cgo%2Cpathway&size=10,1,0,0,1,19,16,,,,,,,,,,,,,,,,,,,not_reviewed,,,,,,,,,,
PCTP,queried,cytosol; lipid binding; lipid metabolic process; lipid translocation; lipid transport; negative regulation of cold-induced thermogenesis; phosphatidylcholine binding; phosphatidylcholine biosynthetic process; phosphatidylcholine intramembrane carrier activity; phospholipid transport; protein binding,reactome: Fatty acid metabolism; reactome: Glycerophospholipid biosynthesis; reactome: Metabolism; reactome: Metabolism of lipids; reactome: Mitochondrial Fatty Acid Beta-Oxidation; reactome: Phospholipid metabolism; reactome: Synthesis of PC,https://mygene.info/v3/query?q=ensembl.gene%3AENSG00000141179&species=human&fields=symbol%2Ctaxid%2Censembl.gene%2Cgo%2Cpathway&size=10,0,0,0,0,11,7,,,,,,,,,,,,,,,,,,,not_reviewed,,,,,,,,,,
PHF20L1,queried,NSL complex; methylation-dependent protein binding; negative regulation of proteasomal ubiquitin-dependent protein catabolic process; negative regulation of protein catabolic process; nucleoplasm; nucleus; protein binding; regulation of transcription by RNA polymerase II,reactome: Epigenetic regulation by WDR5-containing histone modifying complexes; reactome: Epigenetic regulation of gene expression; reactome: Formation of WDR5-containing histone-modifying complexes; reactome: Gene expression (Transcription),https://mygene.info/v3/query?q=ensembl.gene%3AENSG00000129292&species=human&fields=symbol%2Ctaxid%2Censembl.gene%2Cgo%2Cpathway&size=10,0,0,0,0,8,4,,,,,,,,,,,,,,,,,,,not_reviewed,,,,,,,,,,
PPP2R2A,queried,cytosol; enzyme-substrate adaptor activity; glutamatergic synapse; nucleoplasm; phosphoprotein phosphatase activity; protein binding; protein dephosphorylation; protein phosphatase 2A binding; protein phosphatase regulator activity; protein phosphatase type 2A complex; protein serine/threonine phosphatase complex; protein-containing complex binding; regulation of chromosome segregation; synapse; tau protein binding,"kegg: AMPK signaling pathway - Homo sapiens (human); kegg: Adrenergic signaling in cardiomyocytes - Homo sapiens (human); kegg: Chagas disease - Homo sapiens (human); kegg: Dopaminergic synapse - Homo sapiens (human); kegg: Hepatitis C - Homo sapiens (human); kegg: Hippo signaling pathway - Homo sapiens (human); kegg: Human papillomavirus infection - Homo sapiens (human); kegg: PI3K-Akt signaling pathway - Homo sapiens (human); kegg: Sphingolipid signaling pathway - Homo sapiens (human); kegg: Tight junction - Homo sapiens (human); kegg: mRNA surveillance pathway - Homo sapiens (human); netpath: TGF_beta_Receptor; pid: ErbB1 downstream signaling; pid: TGF-beta receptor signaling; reactome: Cell Cycle; reactome: Cell Cycle, Mitotic; reactome: Cellular responses to mechanical stimuli; reactome: Cellular responses to stimuli; reactome: Cyclin A/B1/B2 associated events during G2/M transition; reactome: Cyclin D associated events in G1; reactome: G1 Phase; reactome: G2/M Transition; reactome: Initiation of Nuclear Envelope (NE) Reformation; reactome: M Phase; reactome: Metabolism of RNA; reactome: Mitotic Anaphase; reactome: Mitotic G1 phase and G1/S transition; reactome: Mitotic G2-G2/M phases; reactome: Mitotic Metaphase and Anaphase; reactome: Nonsense Mediated Decay (NMD) enhanced by the Exon Junction Complex (EJC); reactome: Nonsense-Mediated Decay (NMD); reactome: Nuclear Envelope (NE) Reassembly; reactome: Response of endothelial cells to shear stress; reactome: Turbulent (oscillatory, disturbed) flow shear stress activates signaling by PIEZO1 and integrins in endothelial cells; wikipathways: Glycogen Synthesis and Degradation; wikipathways: PI3K-Akt signaling pathway; wikipathways: Wnt signaling pathway and pluripotency",https://mygene.info/v3/query?q=ensembl.gene%3AENSG00000221914&species=human&fields=symbol%2Ctaxid%2Censembl.gene%2Cgo%2Cpathway&size=10,1,0,0,1,15,37,,,,,,,,,,,,,,,,,,,not_reviewed,,,,,,,,,,
PRPF40A,queried,"RNA binding; U1 snRNP; U2-type prespliceosome; mRNA cis splicing, via spliceosome; mRNA splicing, via spliceosome; membrane; nuclear matrix; nuclear speck; nucleoplasm; protein binding",kegg: Spliceosome - Homo sapiens (human); reactome: Metabolism of RNA; reactome: Processing of Capped Intron-Containing Pre-mRNA; reactome: mRNA 3'-end processing; reactome: mRNA Polyadenylation; reactome: mRNA Splicing; reactome: mRNA Splicing - Major Pathway; wikipathways: mRNA Processing,https://mygene.info/v3/query?q=ensembl.gene%3AENSG00000196504&species=human&fields=symbol%2Ctaxid%2Censembl.gene%2Cgo%2Cpathway&size=10,0,1,0,0,10,8,,,,,,,,,,,,,,,,,,,not_reviewed,,,,,,,,,,
PVALB,queried,axon; calcium ion binding; cytoplasm; excitatory chemical synaptic transmission; gene expression; inhibitory chemical synaptic transmission; relaxation of muscle; synapse,reactome: Gene expression (Transcription); reactome: Generic Transcription Pathway; reactome: RNA Polymerase II Transcription; reactome: Transcriptional Regulation by MECP2; wikipathways: Vitamin D-sensitive calcium signaling in depression,https://mygene.info/v3/query?q=ensembl.gene%3AENSG00000100362&species=human&fields=symbol%2Ctaxid%2Censembl.gene%2Cgo%2Cpathway&size=10,1,0,0,1,8,5,,,,,,,,,,,,,,,,,,,not_reviewed,,,,,,,,,,
RCE1,queried,CAAX-box protein maturation; CAAX-box protein processing; MAPK cascade; cysteine-type endopeptidase activity; cytosol; endopeptidase activity; endoplasmic reticulum membrane; exopeptidase activity; membrane; metalloendopeptidase activity; plasma membrane; protein prenylation,kegg: Terpenoid backbone biosynthesis - Homo sapiens (human); reactome: Deubiquitination; reactome: MAPK family signaling cascades; reactome: MAPK1/MAPK3 signaling; reactome: Metabolism of proteins; reactome: Post-translational protein modification; reactome: RAF/MAP kinase cascade; reactome: RAS processing; reactome: Signal Transduction; reactome: Ub-specific processing proteases,https://mygene.info/v3/query?q=ensembl.gene%3AENSG00000173653&species=human&fields=symbol%2Ctaxid%2Censembl.gene%2Cgo%2Cpathway&size=10,0,0,0,0,12,10,,,,,,,,,,,,,,,,,,,not_reviewed,,,,,,,,,,
RNF175,queried,ERAD pathway; Golgi membrane; endoplasmic reticulum membrane; membrane; metal ion binding; protein binding; ubiquitin protein ligase activity,,https://mygene.info/v3/query?q=ensembl.gene%3AENSG00000145428&species=human&fields=symbol%2Ctaxid%2Censembl.gene%2Cgo%2Cpathway&size=10,0,0,0,0,7,0,,,,,,,,,,,,,,,,,,,not_reviewed,,,,,,,,,,
RPL27A,queried,RNA binding; cytoplasm; cytoplasmic translation; cytosol; cytosolic large ribosomal subunit; cytosolic ribosome; endoplasmic reticulum; large ribosomal subunit; membrane; negative regulation of myoblast fusion; nucleoplasm; protein binding; ribosome; spermatogenesis; striated muscle contraction; structural constituent of ribosome; translation,"kegg: Coronavirus disease - COVID-19 - Homo sapiens (human); kegg: Ribosome - Homo sapiens (human); reactome: Axon guidance; reactome: Cap-dependent Translation Initiation; reactome: Cellular response to starvation; reactome: Cellular responses to stimuli; reactome: Cellular responses to stress; reactome: Developmental Biology; reactome: Disease; reactome: Eukaryotic Translation Elongation; reactome: Eukaryotic Translation Initiation; reactome: Eukaryotic Translation Termination; reactome: Formation of a pool of free 40S subunits; reactome: GTP hydrolysis and joining of the 60S ribosomal subunit; reactome: Gamma carboxylation, hypusinylation, hydroxylation, and arylsulfatase activation; reactome: Infectious disease; reactome: Influenza Infection; reactome: Influenza Viral RNA Transcription and Replication; reactome: L13a-mediated translational silencing of Ceruloplasmin expression; reactome: Major pathway of rRNA processing in the nucleolus and cytosol; reactome: Metabolism; reactome: Metabolism of RNA; reactome: Metabolism of amino acids and derivatives; reactome: Metabolism of proteins; reactome: Nervous system development; reactome: Nonsense Mediated Decay (NMD) enhanced by the Exon Junction Complex (EJC); reactome: Nonsense Mediated Decay (NMD) independent of the Exon Junction Complex (EJC); reactome: Nonsense-Mediated Decay (NMD); reactome: PELO:HBS1L and ABCE1 dissociate a ribosome on a non-stop mRNA; reactome: Peptide chain elongation; reactome: Post-translational protein modification; reactome: Protein hydroxylation; reactome: Regulation of expression of SLITs and ROBOs; reactome: Response of EIF2AK4 (GCN2) to amino acid deficiency; reactome: Ribosome Quality Control (RQC) complex extracts and degrades nascent peptide; reactome: Ribosome-associated quality control; reactome: SRP-dependent cotranslational protein targeting to membrane; reactome: Selenoamino acid metabolism; reactome: Selenocysteine synthesis; reactome: Signaling by ROBO receptors; reactome: Translation; reactome: Viral Infection Pathways; reactome: Viral mRNA Translation; reactome: ZNF598 and the Ribosome-associated Quality Trigger (RQT) complex dissociate a ribosome stalled on a no-go mRNA; reactome: rRNA processing; reactome: rRNA processing in the nucleus and cytosol; wikipathways: Cytoplasmic Ribosomal Proteins",https://mygene.info/v3/query?q=ensembl.gene%3AENSG00000166441&species=human&fields=symbol%2Ctaxid%2Censembl.gene%2Cgo%2Cpathway&size=10,0,0,0,0,17,47,,,,,,,,,,,,,,,,,,,not_reviewed,,,,,,,,,,
RPL39,queried,RNA binding; antibacterial humoral response; antimicrobial humoral immune response mediated by antimicrobial peptide; cytoplasm; cytoplasmic translation; cytosol; cytosolic large ribosomal subunit; cytosolic ribosome; defense response to Gram-positive bacterium; extracellular region; innate immune response in mucosa; negative regulation of myoblast fusion; ribosome; striated muscle contraction; structural constituent of ribosome; translation,kegg: Coronavirus disease - COVID-19 - Homo sapiens (human); kegg: Ribosome - Homo sapiens (human); reactome: Axon guidance; reactome: Cap-dependent Translation Initiation; reactome: Cellular response to starvation; reactome: Cellular responses to stimuli; reactome: Cellular responses to stress; reactome: Developmental Biology; reactome: Disease; reactome: Eukaryotic Translation Elongation; reactome: Eukaryotic Translation Initiation; reactome: Eukaryotic Translation Termination; reactome: Formation of a pool of free 40S subunits; reactome: GTP hydrolysis and joining of the 60S ribosomal subunit; reactome: Infectious disease; reactome: Influenza Infection; reactome: Influenza Viral RNA Transcription and Replication; reactome: L13a-mediated translational silencing of Ceruloplasmin expression; reactome: Major pathway of rRNA processing in the nucleolus and cytosol; reactome: Metabolism; reactome: Metabolism of RNA; reactome: Metabolism of amino acids and derivatives; reactome: Metabolism of proteins; reactome: Nervous system development; reactome: Nonsense Mediated Decay (NMD) enhanced by the Exon Junction Complex (EJC); reactome: Nonsense Mediated Decay (NMD) independent of the Exon Junction Complex (EJC); reactome: Nonsense-Mediated Decay (NMD); reactome: PELO:HBS1L and ABCE1 dissociate a ribosome on a non-stop mRNA; reactome: Peptide chain elongation; reactome: Regulation of expression of SLITs and ROBOs; reactome: Response of EIF2AK4 (GCN2) to amino acid deficiency; reactome: Ribosome Quality Control (RQC) complex extracts and degrades nascent peptide; reactome: Ribosome-associated quality control; reactome: SRP-dependent cotranslational protein targeting to membrane; reactome: Selenoamino acid metabolism; reactome: Selenocysteine synthesis; reactome: Signaling by ROBO receptors; reactome: Translation; reactome: Viral Infection Pathways; reactome: Viral mRNA Translation; reactome: ZNF598 and the Ribosome-associated Quality Trigger (RQT) complex dissociate a ribosome stalled on a no-go mRNA; reactome: rRNA processing; reactome: rRNA processing in the nucleus and cytosol; wikipathways: Cytoplasmic Ribosomal Proteins,https://mygene.info/v3/query?q=ensembl.gene%3AENSG00000198918&species=human&fields=symbol%2Ctaxid%2Censembl.gene%2Cgo%2Cpathway&size=10,0,0,1,0,16,44,,,,,,,,,,,,,,,,,,,not_reviewed,,,,,,,,,,
RPL39L,queried,cytoplasm; cytoplasmic translation; cytosolic large ribosomal subunit; protein binding; ribosome; spermatogenesis; structural constituent of ribosome; translation,reactome: Axon guidance; reactome: Cap-dependent Translation Initiation; reactome: Cellular response to starvation; reactome: Cellular responses to stimuli; reactome: Cellular responses to stress; reactome: Developmental Biology; reactome: Disease; reactome: Eukaryotic Translation Elongation; reactome: Eukaryotic Translation Initiation; reactome: Eukaryotic Translation Termination; reactome: Formation of a pool of free 40S subunits; reactome: GTP hydrolysis and joining of the 60S ribosomal subunit; reactome: Infectious disease; reactome: Influenza Infection; reactome: Influenza Viral RNA Transcription and Replication; reactome: L13a-mediated translational silencing of Ceruloplasmin expression; reactome: Major pathway of rRNA processing in the nucleolus and cytosol; reactome: Metabolism; reactome: Metabolism of RNA; reactome: Metabolism of amino acids and derivatives; reactome: Metabolism of proteins; reactome: Nervous system development; reactome: Nonsense Mediated Decay (NMD) enhanced by the Exon Junction Complex (EJC); reactome: Nonsense Mediated Decay (NMD) independent of the Exon Junction Complex (EJC); reactome: Nonsense-Mediated Decay (NMD); reactome: PELO:HBS1L and ABCE1 dissociate a ribosome on a non-stop mRNA; reactome: Peptide chain elongation; reactome: Regulation of expression of SLITs and ROBOs; reactome: Response of EIF2AK4 (GCN2) to amino acid deficiency; reactome: Ribosome Quality Control (RQC) complex extracts and degrades nascent peptide; reactome: Ribosome-associated quality control; reactome: SRP-dependent cotranslational protein targeting to membrane; reactome: Selenoamino acid metabolism; reactome: Selenocysteine synthesis; reactome: Signaling by ROBO receptors; reactome: Translation; reactome: Viral Infection Pathways; reactome: Viral mRNA Translation; reactome: ZNF598 and the Ribosome-associated Quality Trigger (RQT) complex dissociate a ribosome stalled on a no-go mRNA; reactome: rRNA processing; reactome: rRNA processing in the nucleus and cytosol,https://mygene.info/v3/query?q=ensembl.gene%3AENSG00000163923&species=human&fields=symbol%2Ctaxid%2Censembl.gene%2Cgo%2Cpathway&size=10,0,0,0,0,8,41,,,,,,,,,,,,,,,,,,,not_reviewed,,,,,,,,,,
RPS6KA3,queried,ATP binding; TORC1 signaling; cellular response to stress; central nervous system development; chemical synaptic transmission; cytoplasm; cytosol; intracellular signal transduction; magnesium ion binding; negative regulation of apoptotic process; nucleolus; nucleoplasm; nucleus; positive regulation of cell differentiation; positive regulation of cell growth; positive regulation of transcription by RNA polymerase II; protein binding; protein kinase activity; protein kinase binding; protein serine kinase activity; protein serine/threonine kinase activity; regulation of DNA-templated transcription; regulation of translation in response to stress; response to lipopolysaccharide; ribosomal protein S6 kinase activity; signal transduction; skeletal system development; synapse; toll-like receptor signaling pathway,biocarta: repression of pain sensation by the transcriptional regulator dream; biocarta: signaling pathway from g-protein families; kegg: Insulin resistance - Homo sapiens (human); kegg: Long-term potentiation - Homo sapiens (human); kegg: MAPK signaling pathway - Homo sapiens (human); kegg: Neurotrophin signaling pathway - Homo sapiens (human); kegg: Oocyte meiosis - Homo sapiens (human); kegg: Progesterone-mediated oocyte maturation - Homo sapiens (human); kegg: Thermogenesis - Homo sapiens (human); kegg: Yersinia infection - Homo sapiens (human); kegg: mTOR signaling pathway - Homo sapiens (human); netpath: BDNF; netpath: EGFR1; netpath: Fibroblast growth factor-1; pid: Coregulation of Androgen receptor activity; pid: ErbB1 downstream signaling; pid: PDGFR-beta signaling pathway; reactome: Activation of NMDA receptors and postsynaptic events; reactome: Axon guidance; reactome: CREB phosphorylation; reactome: CREB1 phosphorylation through NMDA receptor-mediated activation of RAS signaling; reactome: Cellular Senescence; reactome: Cellular responses to stimuli; reactome: Cellular responses to stress; reactome: Cytokine Signaling in Immune system; reactome: Developmental Biology; reactome: ERK/MAPK targets; reactome: G alpha (q) signalling events; reactome: GPCR downstream signalling; reactome: Gastrin-CREB signalling pathway via PKC and MAPK; reactome: Immune System; reactome: Innate Immune System; reactome: Interleukin-17 signaling; reactome: L1CAM interactions; reactome: MAP kinase activation; reactome: MAPK targets/ Nuclear events mediated by MAP kinases; reactome: MyD88 cascade initiated on plasma membrane; reactome: MyD88 dependent cascade initiated on endosome; reactome: MyD88-independent TLR4 cascade ; reactome: MyD88:MAL(TIRAP) cascade initiated on plasma membrane; reactome: Nervous system development; reactome: Neuronal System; reactome: Neurotransmitter receptors and postsynaptic signal transmission; reactome: Nuclear Events (kinase and transcription factor activation); reactome: Post NMDA receptor activation events; reactome: RSK activation; reactome: Recycling pathway of L1; reactome: Senescence-Associated Secretory Phenotype (SASP); reactome: Signal Transduction; reactome: Signaling by GPCR; reactome: Signaling by Interleukins; reactome: Signaling by NTRK1 (TRKA); reactome: Signaling by NTRKs; reactome: Signaling by Receptor Tyrosine Kinases; reactome: TRAF6 mediated induction of NFkB and MAP kinases upon TLR7/8 or 9 activation; reactome: TRIF (TICAM1)-mediated TLR4 signaling ; reactome: Toll Like Receptor 10 (TLR10) Cascade; reactome: Toll Like Receptor 2 (TLR2) Cascade; reactome: Toll Like Receptor 3 (TLR3) Cascade; reactome: Toll Like Receptor 4 (TLR4) Cascade; reactome: Toll Like Receptor 5 (TLR5) Cascade; reactome: Toll Like Receptor 7/8 (TLR7/8) Cascade; reactome: Toll Like Receptor 9 (TLR9) Cascade; reactome: Toll Like Receptor TLR1:TLR2 Cascade; reactome: Toll Like Receptor TLR6:TLR2 Cascade; reactome: Toll-like Receptor Cascades; reactome: Transmission across Chemical Synapses; wikipathways: Angiopoietin Like Protein 8 Regulatory Pathway; wikipathways: Brain-derived neurotrophic factor (BDNF) signaling pathway; wikipathways: Cytoplasmic Ribosomal Proteins; wikipathways: EGF-EGFR signaling pathway; wikipathways: Host-pathogen interaction of human coronaviruses - MAPK signaling; wikipathways: Insulin Signaling; wikipathways: Kit receptor signaling pathway; wikipathways: MAPK Signaling Pathway; wikipathways: Thermogenesis,https://mygene.info/v3/query?q=ensembl.gene%3AENSG00000177189&species=human&fields=symbol%2Ctaxid%2Censembl.gene%2Cgo%2Cpathway&size=10,1,0,0,1,29,76,,,,,,,,,,,,,,,,,,,not_reviewed,,,,,,,,,,
RSPO1,queried,G protein-coupled receptor binding; extracellular region; non-collagenous component of basement membrane; non-collagenous component of interstitial matrix; nucleus; positive regulation of Wnt signaling pathway; positive regulation of canonical Wnt signaling pathway; positive regulation of protein phosphorylation; protein binding; regulation of receptor internalization; signaling receptor binding,kegg: Wnt signaling pathway - Homo sapiens (human); netpath: Wnt; pid: Wnt signaling network; reactome: Regulation of FZD by ubiquitination; reactome: Signal Transduction; reactome: Signaling by WNT; reactome: TCF dependent signaling in response to WNT; wikipathways: Mammalian disorder of sexual development; wikipathways: Somatic sex determination,https://mygene.info/v3/query?q=ensembl.gene%3AENSG00000169218&species=human&fields=symbol%2Ctaxid%2Censembl.gene%2Cgo%2Cpathway&size=10,0,0,0,0,11,9,,,,,,,,,,,,,,,,,,,not_reviewed,,,,,,,,,,
SELP,queried,calcium ion binding; calcium-dependent cell-cell adhesion; calcium-dependent protein binding; cell adhesion; cell-cell adhesion; defense response to Gram-negative bacterium; external side of plasma membrane; extracellular region; fucose binding; glycosphingolipid binding; heparin binding; heterophilic cell-cell adhesion; integrin binding; leukocyte cell-cell adhesion; leukocyte tethering or rolling; lipopolysaccharide binding; membrane; oligosaccharide binding; plasma membrane; platelet alpha granule membrane; platelet dense granule membrane; positive regulation of leukocyte tethering or rolling; positive regulation of phosphatidylinositol 3-kinase/protein kinase B signal transduction; positive regulation of platelet activation; protein binding; regulation of integrin activation; response to cytokine; response to lipopolysaccharide; sialic acid binding; signaling receptor activity,"kegg: Cell adhesion molecules - Homo sapiens (human); kegg: Coronavirus disease - COVID-19 - Homo sapiens (human); kegg: Lipid and atherosclerosis - Homo sapiens (human); kegg: Malaria - Homo sapiens (human); kegg: Neutrophil extracellular trap formation - Homo sapiens (human); kegg: Staphylococcus aureus infection - Homo sapiens (human); pid: IL4-mediated signaling events; pid: amb2 Integrin signaling; reactome: Cell surface interactions at the vascular wall; reactome: Hemostasis; reactome: Platelet activation, signaling and aggregation; reactome: Platelet degranulation ; reactome: Response to elevated platelet cytosolic Ca2+; wikipathways: Cells and molecules involved in local acute inflammatory response; wikipathways: Complement system; wikipathways: Spinal Cord Injury",https://mygene.info/v3/query?q=ensembl.gene%3AENSG00000174175&species=human&fields=symbol%2Ctaxid%2Censembl.gene%2Cgo%2Cpathway&size=10,0,0,1,0,30,16,,,,,,,,,,,,,,,,,,,not_reviewed,,,,,,,,,,
SERPINB13,queried,cysteine-type endopeptidase inhibitor activity; cytoplasm; cytosol; extracellular exosome; extracellular region; lysosomal lumen; negative regulation of endopeptidase activity; negative regulation of keratinocyte apoptotic process; nucleolus; nucleoplasm; protease binding; protein binding; regulation of proteolysis; response to UV; serine-type endopeptidase inhibitor activity,kegg: Amoebiasis - Homo sapiens (human); reactome: Gene expression (Transcription); reactome: Generic Transcription Pathway; reactome: RNA Polymerase II Transcription; reactome: RUNX1 regulates transcription of genes involved in differentiation of keratinocytes; reactome: Transcriptional regulation by RUNX1,https://mygene.info/v3/query?q=ensembl.gene%3AENSG00000197641&species=human&fields=symbol%2Ctaxid%2Censembl.gene%2Cgo%2Cpathway&size=10,0,0,0,0,15,6,,,,,,,,,,,,,,,,,,,not_reviewed,,,,,,,,,,
SLC12A7,queried,apical plasma membrane; cellular response to glucose stimulus; chloride transmembrane transport; chloride transport; chloride:monoatomic cation symporter activity; membrane; monoatomic ion transport; plasma membrane; potassium ion import across plasma membrane; potassium ion transmembrane transport; potassium:chloride symporter activity; protein binding; protein-containing complex; transmembrane transport; transmembrane transporter activity,kegg: Collecting duct acid secretion - Homo sapiens (human); netpath: EGFR1; reactome: Cation-coupled Chloride cotransporters; reactome: SLC-mediated transmembrane transport; reactome: SLC-mediated transport of inorganic anions; reactome: Transport of small molecules,https://mygene.info/v3/query?q=ensembl.gene%3AENSG00000113504&species=human&fields=symbol%2Ctaxid%2Censembl.gene%2Cgo%2Cpathway&size=10,0,0,0,0,15,6,,,,,,,,,,,,,,,,,,,not_reviewed,,,,,,,,,,
SLC22A25,queried,membrane; plasma membrane; transmembrane transport; transmembrane transporter activity,,https://mygene.info/v3/query?q=ensembl.gene%3AENSG00000196600&species=human&fields=symbol%2Ctaxid%2Censembl.gene%2Cgo%2Cpathway&size=10,0,0,0,0,4,0,,,,,,,,,,,,,,,,,,,not_reviewed,,,,,,,,,,
SLC25A12,queried,"3-sulfino-L-alanine: proton, glutamate antiporter activity; L-aspartate transmembrane transport; L-aspartate transmembrane transporter activity; L-glutamate transmembrane transport; L-glutamate transmembrane transporter activity; NAD+ metabolic process; acidic amino acid transmembrane transporter activity; antiporter activity; aspartate transmembrane transport; aspartate:glutamate, proton antiporter activity; calcium ion binding; identical protein binding; malate-aspartate shuttle; membrane; mitochondrial inner membrane; mitochondrion; neutral amino acid transport; protein binding; proton transmembrane transport; response to calcium ion; transmembrane transport",reactome: Aerobic respiration and respiratory electron transport; reactome: Aspartate and asparagine metabolism; reactome: Malate-aspartate shuttle; reactome: Metabolism; reactome: Metabolism of amino acids and derivatives; reactome: Mitochondrial protein import; reactome: Protein localization; reactome: Respiratory electron transport; smpdb: Argininemia; smpdb: Argininosuccinic Aciduria; smpdb: Carbamoyl Phosphate Synthetase Deficiency; smpdb: Citrullinemia Type I; smpdb: Malate-Aspartate Shuttle; smpdb: Ornithine Transcarbamylase Deficiency (OTC Deficiency); smpdb: Urea Cycle,https://mygene.info/v3/query?q=ensembl.gene%3AENSG00000115840&species=human&fields=symbol%2Ctaxid%2Censembl.gene%2Cgo%2Cpathway&size=10,0,0,0,0,21,15,,,,,,,,,,,,,,,,,,,not_reviewed,,,,,,,,,,
SLC29A2,queried,adenine transmembrane transporter activity; adenine transport; adenosine transport; apical plasma membrane; basolateral plasma membrane; cytidine transmembrane transporter activity; cytidine transport; guanine transmembrane transport; guanine transmembrane transporter activity; guanine transport; hypoxanthine transport; inosine transport; membrane; neurotransmitter transmembrane transporter activity; neurotransmitter transport; neurotransmitter uptake; nucleobase transmembrane transporter activity; nucleobase transport; nucleolus; nucleoside transmembrane transport; nucleoside transmembrane transporter activity; nucleoside transport; plasma membrane; purine nucleobase transmembrane transport; purine nucleoside transmembrane transport; purine nucleoside transmembrane transporter activity; pyrimidine-containing compound transmembrane transport; thymine transport; transport across blood-brain barrier; uracil transmembrane transport; uracil transmembrane transporter activity; urate transport; uridine transmembrane transport; uridine transmembrane transporter activity; xenobiotic transmembrane transport,"kegg: Alcoholism - Homo sapiens (human); reactome: Azathioprine ADME; reactome: Drug ADME; reactome: SLC-mediated transmembrane transport; reactome: Transport of nucleosides and free purine and pyrimidine bases across the plasma membrane; reactome: Transport of small molecules; reactome: Transport of vitamins, nucleosides, and related molecules; smpdb: Azathioprine Action Pathway; smpdb: Mercaptopurine Action Pathway; smpdb: Mercaptopurine Metabolism Pathway; smpdb: Thioguanine Action Pathway",https://mygene.info/v3/query?q=ensembl.gene%3AENSG00000174669&species=human&fields=symbol%2Ctaxid%2Censembl.gene%2Cgo%2Cpathway&size=10,0,0,0,0,35,11,,,,,,,,,,,,,,,,,,,not_reviewed,,,,,,,,,,
SNORD46,queried,,,https://mygene.info/v3/query?q=ensembl.gene%3AENSG00000200913&species=human&fields=symbol%2Ctaxid%2Censembl.gene%2Cgo%2Cpathway&size=10,0,0,0,0,0,0,,,,,,,,,,,,,,,,,,,not_reviewed,,,,,,,,,,
SPTLC2,queried,adipose tissue development; ceramide biosynthetic process; cytoplasmic side of endoplasmic reticulum membrane; endoplasmic reticulum membrane; glycosphingolipid biosynthetic process; positive regulation of lipophagy; protein binding; pyridoxal phosphate binding; serine C-palmitoyltransferase activity; serine palmitoyltransferase complex; sphingolipid biosynthetic process; sphingolipid metabolic process; sphingomyelin biosynthetic process; sphingosine biosynthetic process; transferase activity,humancyc: ceramide <i>de novo</i> biosynthesis; kegg: Sphingolipid metabolism - Homo sapiens (human); kegg: Sphingolipid signaling pathway - Homo sapiens (human); reactome: Metabolism; reactome: Metabolism of lipids; reactome: Sphingolipid de novo biosynthesis; reactome: Sphingolipid metabolism; smpdb: Fabry disease; smpdb: Gaucher Disease; smpdb: Globoid Cell Leukodystrophy; smpdb: Krabbe disease; smpdb: Metachromatic Leukodystrophy (MLD); smpdb: Sphingolipid Metabolism; wikipathways: Sphingolipid Metabolism (general overview); wikipathways: Sphingolipid Metabolism (integrated pathway); wikipathways: Sphingolipid pathway,https://mygene.info/v3/query?q=ensembl.gene%3AENSG00000100596&species=human&fields=symbol%2Ctaxid%2Censembl.gene%2Cgo%2Cpathway&size=10,0,0,0,0,15,16,,,,,,,,,,,,,,,,,,,not_reviewed,,,,,,,,,,
SRXN1,queried,"cellular oxidant detoxification; cellular response to oxidative stress; cytoplasm; cytosol; endoplasmic reticulum membrane; oxidoreductase activity, acting on a sulfur group of donors; protein binding; response to oxidative stress; sulfiredoxin activity",reactome: Cellular response to chemical stress; reactome: Cellular responses to stimuli; reactome: Cellular responses to stress; reactome: KEAP1-NFE2L2 pathway; reactome: NFE2L2 regulating anti-oxidant/detoxification enzymes; reactome: Nuclear events mediated by NFE2L2; wikipathways: NRF2 pathway; wikipathways: Nuclear Receptors Meta-Pathway; wikipathways: Photodynamic therapy-induced NFE2L2 (NRF2) survival signaling,https://mygene.info/v3/query?q=ensembl.gene%3AENSG00000271303&species=human&fields=symbol%2Ctaxid%2Censembl.gene%2Cgo%2Cpathway&size=10,0,0,0,0,9,9,,,,,,,,,,,,,,,,,,,not_reviewed,,,,,,,,,,
STAM2,queried,ESCRT-0 complex; cytoplasm; cytosol; early endosome membrane; endocytic vesicle; macroautophagy; membrane fission; multivesicular body assembly; phosphatidylinositol binding; protein binding; protein transport to vacuole involved in ubiquitin-dependent protein catabolic process via the multivesicular body sorting pathway; signal transduction; ubiquitin binding,"kegg: Endocytosis - Homo sapiens (human); kegg: JAK-STAT signaling pathway - Homo sapiens (human); netpath: EGFR1; netpath: Fibroblast growth factor-1; netpath: IL2; netpath: TCR; pid: IL2-mediated signaling events; reactome: Bacterial Infection Pathways; reactome: Cargo recognition for clathrin-mediated endocytosis; reactome: Clathrin-mediated endocytosis; reactome: Deubiquitination; reactome: Disease; reactome: EGFR downregulation; reactome: Endosomal Sorting Complex Required For Transport (ESCRT); reactome: Infectious disease; reactome: InlB-mediated entry of Listeria monocytogenes into host cell; reactome: Listeria monocytogenes entry into host cells; reactome: Membrane Trafficking; reactome: Metabolism of proteins; reactome: Negative regulation of MET activity; reactome: Post-translational protein modification; reactome: RHO GTPase cycle; reactome: RHOU GTPase cycle; reactome: Signal Transduction; reactome: Signaling by EGFR; reactome: Signaling by MET; reactome: Signaling by Receptor Tyrosine Kinases; reactome: Signaling by Rho GTPases; reactome: Signaling by Rho GTPases, Miro GTPases and RHOBTB3; reactome: Ub-specific processing proteases; reactome: Vesicle-mediated transport; wikipathways: EGF-EGFR signaling pathway",https://mygene.info/v3/query?q=ensembl.gene%3AENSG00000115145&species=human&fields=symbol%2Ctaxid%2Censembl.gene%2Cgo%2Cpathway&size=10,0,0,0,0,13,32,,,,,,,,,,,,,,,,,,,not_reviewed,,,,,,,,,,
TMED8,queried,protein binding; protein-macromolecule adaptor activity; vesicle-mediated transport,,https://mygene.info/v3/query?q=ensembl.gene%3AENSG00000100580&species=human&fields=symbol%2Ctaxid%2Censembl.gene%2Cgo%2Cpathway&size=10,0,0,0,0,3,0,,,,,,,,,,,,,,,,,,,not_reviewed,,,,,,,,,,
TMEM100,queried,BMP signaling pathway; cellular response to BMP stimulus; endoplasmic reticulum; membrane; perikaryon; perinuclear region of cytoplasm; plasma membrane; positive regulation of endothelial cell differentiation; positive regulation of vasculogenesis; protein binding; regulation of sensory perception of pain,,https://mygene.info/v3/query?q=ensembl.gene%3AENSG00000166292&species=human&fields=symbol%2Ctaxid%2Censembl.gene%2Cgo%2Cpathway&size=10,0,0,0,0,11,0,,,,,,,,,,,,,,,,,,,not_reviewed,,,,,,,,,,
TMEM14A,queried,endoplasmic reticulum membrane; membrane; mitochondrial membrane; negative regulation of apoptotic process; negative regulation of mitochondrial outer membrane permeabilization involved in apoptotic signaling pathway; protein binding,,https://mygene.info/v3/query?q=ensembl.gene%3AENSG00000096092&species=human&fields=symbol%2Ctaxid%2Censembl.gene%2Cgo%2Cpathway&size=10,0,0,0,0,6,0,,,,,,,,,,,,,,,,,,,not_reviewed,,,,,,,,,,
TMEM214,queried,cytoplasmic microtubule; endoplasmic reticulum; endoplasmic reticulum membrane,,https://mygene.info/v3/query?q=ensembl.gene%3AENSG00000119777&species=human&fields=symbol%2Ctaxid%2Censembl.gene%2Cgo%2Cpathway&size=10,0,0,0,0,3,0,,,,,,,,,,,,,,,,,,,not_reviewed,,,,,,,,,,
TRIM16L,queried,,,https://mygene.info/v3/query?q=ensembl.gene%3AENSG00000108448&species=human&fields=symbol%2Ctaxid%2Censembl.gene%2Cgo%2Cpathway&size=10,0,0,0,0,0,0,,,,,,,,,,,,,,,,,,,not_reviewed,,,,,,,,,,
TSSK3,queried,ATP binding; magnesium ion binding; manganese ion binding; motile cilium; protein binding; protein serine kinase activity; protein serine/threonine kinase activity; sperm flagellum; spermatid development; spermatogenesis,,https://mygene.info/v3/query?q=ensembl.gene%3AENSG00000162526&species=human&fields=symbol%2Ctaxid%2Censembl.gene%2Cgo%2Cpathway&size=10,0,0,0,0,10,0,,,,,,,,,,,,,,,,,,,not_reviewed,,,,,,,,,,
TXNDC17,queried,cytoplasm; cytosol; extracellular exosome; protein binding; protein-disulfide reductase [NAD(P)H] activity; tumor necrosis factor-mediated signaling pathway,,https://mygene.info/v3/query?q=ensembl.gene%3AENSG00000129235&species=human&fields=symbol%2Ctaxid%2Censembl.gene%2Cgo%2Cpathway&size=10,0,0,0,0,6,0,,,,,,,,,,,,,,,,,,,not_reviewed,,,,,,,,,,
ZMIZ2,queried,SMAD protein signal transduction; SUMO ligase activity; chromatin; nuclear replication fork; nucleoplasm; nucleus; positive regulation of transcription by RNA polymerase II; protein binding; protein sumoylation; regulation of transcription by RNA polymerase II; transcription coactivator activity; transforming growth factor beta receptor signaling pathway; zinc ion binding,netpath: AndrogenReceptor; pid: Regulation of Androgen receptor activity,https://mygene.info/v3/query?q=ensembl.gene%3AENSG00000122515&species=human&fields=symbol%2Ctaxid%2Censembl.gene%2Cgo%2Cpathway&size=10,0,0,0,0,13,2,,,,,,,,,,,,,,,,,,,not_reviewed,,,,,,,,,,
ZNF157,queried,nucleus; regulation of DNA-templated transcription,kegg: Herpes simplex virus 1 infection - Homo sapiens (human); reactome: Gene expression (Transcription); reactome: Generic Transcription Pathway; reactome: RNA Polymerase II Transcription,https://mygene.info/v3/query?q=ensembl.gene%3AENSG00000147117&species=human&fields=symbol%2Ctaxid%2Censembl.gene%2Cgo%2Cpathway&size=10,0,0,0,0,2,4,,,,,,,,,,,,,,,,,,,not_reviewed,,,,,,,,,,
ZNF219,queried,"DNA binding; DNA-binding transcription factor activity; DNA-binding transcription factor activity, RNA polymerase II-specific; DNA-binding transcription repressor activity, RNA polymerase II-specific; G protein-coupled receptor signaling pathway; RNA polymerase II cis-regulatory region sequence-specific DNA binding; histamine receptor activity; limb bud formation; membrane; negative regulation of DNA-templated transcription; negative regulation of transcription by RNA polymerase II; nucleoplasm; nucleus; positive regulation of chondrocyte differentiation; positive regulation of transcription by RNA polymerase II; protein binding; regulation of DNA-templated transcription",wikipathways: Ectoderm Differentiation; wikipathways: IL-18 signaling pathway,https://mygene.info/v3/query?q=ensembl.gene%3AENSG00000165804&species=human&fields=symbol%2Ctaxid%2Censembl.gene%2Cgo%2Cpathway&size=10,0,0,0,0,17,2,,,,,,,,,,,,,,,,,,,not_reviewed,,,,,,,,,,
ZNF417,queried,"DNA-binding transcription factor activity, RNA polymerase II-specific; RNA polymerase II cis-regulatory region sequence-specific DNA binding; nucleus; protein binding; regulation of DNA-templated transcription; regulation of transcription by RNA polymerase II; sequence-specific double-stranded DNA binding",kegg: Herpes simplex virus 1 infection - Homo sapiens (human); reactome: Gene expression (Transcription); reactome: Generic Transcription Pathway; reactome: RNA Polymerase II Transcription,https://mygene.info/v3/query?q=ensembl.gene%3AENSG00000173480&species=human&fields=symbol%2Ctaxid%2Censembl.gene%2Cgo%2Cpathway&size=10,0,0,0,0,7,4,,,,,,,,,,,,,,,,,,,not_reviewed,,,,,,,,,,
