gene,median_log2fc,combined_p,significant_fraction,evidence_score,gene_name,gene_type,aliases,gene_summary,go_terms,pathways,known_ad_evidence,ad_evidence_type,amyloid_related,tau_related,neuroinflammation_related,synaptic_related,rna_processing_related,literature_notes
VGF,-2.0929046703202907,5.939818476661909e-06,0.3333333333333333,1.7440872252669088,VGF nerve growth factor inducible,protein-coding,SCG7; SgVII,"This gene is specifically expressed in a subpopulation of neuroendocrine cells, and is upregulated by nerve growth factor. The structural organization of this gene is similar to that of the rat gene, and both the translated and the untranslated regions show a high degree of sequence similarity to the rat gene. The encoded secretory protein also shares similarities with the secretogranin/chromogranin family, however, its exact function is not known. [provided by RefSeq, Jul 2008].",Golgi apparatus; cytoplasmic vesicle; endoplasmic reticulum lumen; extracellular region; neuropeptide hormone activity; regulation of neuronal synaptic plasticity; response to cAMP; signal transduction; synapse; synaptic signaling via neuropeptide; transport vesicle,reactome: Metabolism of proteins; reactome: NGF-stimulated transcription; reactome: Nuclear Events (kinase and transcription factor activation); reactome: Post-translational protein modification; reactome: Post-translational protein phosphorylation; reactome: Regulation of Insulin-like Growth Factor (IGF) transport and uptake by Insulin-like Growth Factor Binding Proteins (IGFBPs); reactome: Signal Transduction; reactome: Signaling by NTRK1 (TRKA); reactome: Signaling by NTRKs; reactome: Signaling by Receptor Tyrosine Kinases,,,,,,,,
RPH3A,-1.5832182897068794,5.157783410583074e-06,0.3333333333333333,1.3193485747557328,rabphilin 3A,protein-coding,,"The protein encoded by this gene is thought to be an effector for RAB3A, which is a small G protein that acts in the late stages of neurotransmitter exocytosis. The encoded protein may be involved in neurotransmitter release and synaptic vesicle traffic. [provided by RefSeq, Dec 2016].","calcium ion binding; calcium-dependent activation of synaptic vesicle fusion; calcium-dependent phospholipid binding; dendritic spine; extrinsic component of membrane; extrinsic component of synaptic vesicle membrane; inositol 1,4,5 trisphosphate binding; intracellular protein transport; membrane; neuron projection; phosphate ion binding; phosphatidylinositol phosphate binding; phosphatidylinositol-4,5-bisphosphate binding; positive regulation of calcium ion-dependent exocytosis; postsynaptic membrane; protein binding; protein-containing complex; protein-containing complex binding; secretory granule; selenium binding; small GTPase binding; synapse; synaptic vesicle; synaptic vesicle membrane; synaptic vesicle priming; zinc ion binding",wikipathways: Deregulation of Rab and Rab Effector Genes in Bladder Cancer; wikipathways: Disruption of postsynaptic signaling by CNV,,,,,,,,
NEUROD6,-1.4229184371828634,5.721513915920362e-05,0.3333333333333333,1.1857653643190529,neuronal differentiation 6,protein-coding,Atoh2; MATH2; Math-2; NEX1M; Nex1; bHLHa2,"This gene is a member of the NEUROD family of basic helix-loop-helix transcription factors. The encoded protein may be involved in the development and differentiation of the nervous system. [provided by RefSeq, Nov 2012].","DNA-binding transcription activator activity, RNA polymerase II-specific; DNA-binding transcription factor activity, RNA polymerase II-specific; E-box binding; RNA polymerase II cis-regulatory region sequence-specific DNA binding; axon development; chromatin; nervous system development; nucleus; positive regulation of transcription by RNA polymerase II; protein dimerization activity; regulation of DNA-templated transcription; sensory organ development",,,,,,,,,
FKBP5,1.20251965462713,0.0034837466156288,0.3333333333333333,1.002099712189275,FKBP prolyl isomerase 5,protein-coding,AIG6; FKBP51; FKBP54; P54; PPIase; Ptg-10,"The protein encoded by this gene is a member of the immunophilin protein family, which play a role in immunoregulation and basic cellular processes involving protein folding and trafficking. This encoded protein is a cis-trans prolyl isomerase that binds to the immunosuppressants FK506 and rapamycin. It is thought to mediate calcineurin inhibition. It also interacts functionally with mature hetero-oligomeric progesterone receptor complexes along with the 90 kDa heat shock protein and P23 protein. This gene has been found to have multiple polyadenylation sites. Alternative splicing results in multiple transcript variants.[provided by RefSeq, Mar 2009].",FK506 binding; cytoplasm; cytosol; extracellular exosome; heat shock protein binding; membrane; negative regulation of phosphatidylinositol 3-kinase/protein kinase B signal transduction; nucleus; peptidyl-prolyl cis-trans isomerase activity; protein binding; protein folding; protein-macromolecule adaptor activity,kegg: Estrogen signaling pathway - Homo sapiens (human); netpath: TNFalpha; pid: Glucocorticoid receptor regulatory network; reactome: Cellular responses to stimuli; reactome: Cellular responses to stress; reactome: Cytokine Signaling in Immune system; reactome: ESR-mediated signaling; reactome: Gene expression (Transcription); reactome: Generic Transcription Pathway; reactome: HSP90 chaperone cycle for steroid hormone receptors (SHR) in the presence of ligand; reactome: Immune System; reactome: Interferon Signaling; reactome: MECP2 regulates neuronal receptors and channels; reactome: Modulation of host responses by IFN-stimulated genes; reactome: RNA Polymerase II Transcription; reactome: Signal Transduction; reactome: Signaling by Nuclear Receptors; reactome: Transcriptional Regulation by MECP2; wikipathways: Farnesoid X receptor pathway; wikipathways: MECP2 and Associated Rett Syndrome; wikipathways: Nuclear Receptors Meta-Pathway,,,,,,,,
PPEF1,-1.046326136212511,0.0007226113136796,0.3333333333333333,0.871938446843759,protein phosphatase with EF-hand domain 1,protein-coding,PP7; PPEF; PPP7C; PPP7CA,"This gene encodes a member of the serine/threonine protein phosphatase with EF-hand motif family. The protein contains a protein phosphatase catalytic domain, and at least two EF-hand calcium-binding motifs in its C terminus. Although its substrate(s) is unknown, the encoded protein has been suggested to play a role in specific sensory neuron function and/or development. This gene shares high sequence similarity with the Drosophila retinal degeneration C (rdgC) gene. Several alternatively spliced transcript variants, each encoding a distinct isoform, have been described. [provided by RefSeq, Jul 2008].",calcium ion binding; cytosol; detection of stimulus involved in sensory perception; hydrolase activity; iron ion binding; manganese ion binding; negative regulation of intrinsic apoptotic signaling pathway by p53 class mediator; nucleus; phosphoprotein phosphatase activity; positive regulation of proteasomal protein catabolic process; protein binding; protein serine/threonine phosphatase activity,"reactome: Inactivation, recovery and regulation of the phototransduction cascade; reactome: Sensory Perception; reactome: The phototransduction cascade; reactome: Visual phototransduction",,,,,,,,
CRH,-1.036925261482761,0.0002661564775102,0.3333333333333333,0.8641043845689675,corticotropin releasing hormone,protein-coding,CRF; CRH1,"This gene encodes a member of the corticotropin-releasing factor family. The encoded preproprotein is proteolytically processed to generate the mature neuropeptide hormone. In response to stress, this hormone is secreted by the paraventricular nucleus (PVN) of the hypothalamus, binds to corticotropin releasing hormone receptors and stimulates the release of adrenocorticotropic hormone from the pituitary gland. Marked reduction in this protein has been observed in association with Alzheimer's disease. Autosomal recessive hypothalamic corticotropin deficiency has multiple and potentially fatal metabolic consequences including hypoglycemia and hepatitis. In addition to production in the hypothalamus, this protein is also synthesized in peripheral tissues, such as T lymphocytes, and is highly expressed in the placenta. In the placenta it is a marker that determines the length of gestation and the timing of parturition and delivery. A rapid increase in circulating levels of the hormone occurs at the onset of parturition, suggesting that, in addition to its metabolic functions, this protein may act as a trigger for parturition. [provided by RefSeq, Nov 2015].","chemical synaptic transmission; corticotropin-releasing hormone activity; corticotropin-releasing hormone receptor 1 binding; corticotropin-releasing hormone receptor 2 binding; extracellular region; female pregnancy; general adaptation syndrome; hormone activity; learning or memory; negative regulation of circadian sleep/wake cycle, REM sleep; neuronal cell body; neuropeptide hormone activity; neuropeptide signaling pathway; parturition; positive regulation of circadian sleep/wake cycle, wakefulness; positive regulation of corticotropin secretion; positive regulation of cortisol secretion; protein binding; regulation of NMDA receptor activity; signal transduction; signaling receptor binding; social behavior; synapse; synaptic transmission, dopaminergic",kegg: Alcoholism - Homo sapiens (human); kegg: Cushing syndrome - Homo sapiens (human); kegg: Long-term depression - Homo sapiens (human); kegg: Neuroactive ligand-receptor interaction - Homo sapiens (human); netpath: CRH; reactome: Class B/2 (Secretin family receptors); reactome: G alpha (s) signalling events; reactome: GPCR downstream signalling; reactome: GPCR ligand binding; reactome: Gene expression (Transcription); reactome: Generic Transcription Pathway; reactome: MECP2 regulates transcription of neuronal ligands; reactome: RNA Polymerase II Transcription; reactome: Signal Transduction; reactome: Signaling by GPCR; reactome: Transcriptional Regulation by MECP2; wikipathways: Corticotropin-releasing hormone signaling pathway; wikipathways: Myometrial relaxation and contraction pathways; wikipathways: Serotonin and anxiety; wikipathways: Serotonin and anxiety-related events,,,,,,,,
MAS1,-0.9647771907829426,0.0008807607372346,0.3333333333333333,0.8039809923191187,"MAS1 proto-oncogene, G protein-coupled receptor",protein-coding,MAS; MGRA,"This gene encodes a class I seven-transmembrane G-protein-coupled receptor. The encoded protein is a receptor for angiotensin-(1-7) and preferentially couples to the Gq protein, activating the phospholipase C signaling pathway. The encoded protein may play a role in multiple processes including hypotension, smooth muscle relaxation and cardioprotection by mediating the effects of angiotensin-(1-7). [provided by RefSeq, May 2012].",C-C chemokine receptor activity; G protein-coupled receptor activity; G protein-coupled receptor signaling pathway; angiotensin receptor activity; angiotensin type II receptor activity; cell migration; chemokine-mediated signaling pathway; membrane; peptide binding; phospholipase C-activating angiotensin-activated signaling pathway; plasma membrane; protein binding,"kegg: Coronavirus disease - COVID-19 - Homo sapiens (human); kegg: Neuroactive ligand-receptor interaction - Homo sapiens (human); kegg: Renin-angiotensin system - Homo sapiens (human); reactome: Class A/1 (Rhodopsin-like receptors); reactome: GPCR ligand binding; reactome: Peptide ligand-binding receptors; reactome: Signal Transduction; reactome: Signaling by GPCR; wikipathways: ACE Inhibitor Pathway; wikipathways: GPCRs, Class A Rhodopsin-like; wikipathways: SARS-CoV-2 and angiotensin-converting enzyme 2 receptor- molecular mechanisms",,,,,,,,
NRN1,-0.9407119325868752,0.0004677560793853,0.3333333333333333,0.7839266104890626,neuritin 1,protein-coding,NRN; dJ380B8.2,"This gene encodes a member of the neuritin family, and is expressed in postmitotic-differentiating neurons of the developmental nervous system and neuronal structures associated with plasticity in the adult. The expression of this gene can be induced by neural activity and neurotrophins. The encoded protein contains a consensus cleavage signal found in glycosylphoshatidylinositol (GPI)-anchored proteins. The encoded protein promotes neurite outgrowth and arborization, suggesting its role in promoting neuritogenesis. Overexpression of the encoded protein may be associated with astrocytoma progression. Alternative splicing results in multiple transcript variants. [provided by RefSeq, Jul 2013].",AMPA glutamate receptor complex; extracellular region; glutamatergic synapse; identical protein binding; nervous system development; neuron projection extension; plasma membrane; presynapse; presynaptic modulation of chemical synaptic transmission; regulation of synapse maturation; synapse,reactome: Metabolism of proteins; reactome: Post-translational modification: synthesis of GPI-anchored proteins; reactome: Post-translational protein modification; wikipathways: IL-18 signaling pathway,,,,,,,,
MCHR1,-0.91366670070362,0.0026369313063369,0.3333333333333333,0.7613889172530166,melanin concentrating hormone receptor 1,protein-coding,GPR24; MCH-1R; MCH1R; SLC-1; SLC1,"The protein encoded by this gene, a member of the G protein-coupled receptor family 1, is an integral plasma membrane protein which binds melanin-concentrating hormone. The encoded protein can inhibit cAMP accumulation and stimulate intracellular calcium flux, and is probably involved in the neuronal regulation of food consumption. Although structurally similar to somatostatin receptors, this protein does not seem to bind somatostatin. [provided by RefSeq, Jul 2008].",9+0 non-motile cilium; G protein-coupled receptor activity; G protein-coupled receptor signaling pathway; adenylate cyclase-inhibiting G protein-coupled receptor signaling pathway; cell surface receptor signaling pathway; ciliary membrane; cilium; energy homeostasis; feeding behavior; generation of precursor metabolites and energy; hormone binding; melanin-concentrating hormone receptor activity; membrane; neuron projection; neuropeptide binding; neuropeptide receptor activity; neuropeptide signaling pathway; non-motile cilium; phospholipase C-activating G protein-coupled receptor signaling pathway; plasma membrane; positive regulation of calcium ion transport; positive regulation of cytosolic calcium ion concentration; protein binding; regulation of feeding behavior; response to stress; signaling receptor binding; sleep,"kegg: Neuroactive ligand-receptor interaction - Homo sapiens (human); reactome: Assembly of the 9+0 primary cilium; reactome: BBSome-mediated cargo-targeting to cilium; reactome: Cargo trafficking to the periciliary membrane; reactome: Cilium Assembly; reactome: Class A/1 (Rhodopsin-like receptors); reactome: G alpha (i) signalling events; reactome: G alpha (q) signalling events; reactome: GPCR downstream signalling; reactome: GPCR ligand binding; reactome: Organelle biogenesis and maintenance; reactome: Peptide ligand-binding receptors; reactome: Signal Transduction; reactome: Signaling by GPCR; wikipathways: GPCRs, Class A Rhodopsin-like",,,,,,,,
SCG2,-0.9040129035145216,0.0086170752917527,0.3333333333333333,0.7533440862621013,secretogranin II,protein-coding,CHGC; EM66; SN; SgII,"The protein encoded by this gene is a member of the chromogranin/secretogranin family of neuroendocrine secretory proteins. Studies in rodents suggest that the full-length protein, secretogranin II, is involved in the packaging or sorting of peptide hormones and neuropeptides into secretory vesicles. The full-length protein is cleaved to produce the active peptide secretoneurin, which exerts chemotaxic effects on specific cell types, and EM66, whose function is unknown. [provided by RefSeq, Jul 2008].",MAPK cascade; angiogenesis; chemoattractant activity; cytokine activity; dense core granule; endoplasmic reticulum lumen; endothelial cell migration; eosinophil chemotaxis; extracellular region; induction of positive chemotaxis; inflammatory response; intracellular signal transduction; negative regulation of endothelial cell apoptotic process; negative regulation of endothelial cell proliferation; negative regulation of extrinsic apoptotic signaling pathway; neuronal dense core vesicle; positive chemotaxis; positive regulation of endothelial cell proliferation; protein binding; protein secretion; secretory granule,reactome: Metabolism of proteins; reactome: Post-translational protein modification; reactome: Post-translational protein phosphorylation; reactome: Regulation of Insulin-like Growth Factor (IGF) transport and uptake by Insulin-like Growth Factor Binding Proteins (IGFBPs),,,,,,,,
ADAMTS2,0.8656690105555511,0.0088987778603084,0.3333333333333333,0.7213908421296259,ADAM metallopeptidase with thrombospondin type 1 motif 2,protein-coding,ADAM-TS2; ADAMTS-2; ADAMTS-3; EDSDERMS; NPI; PC I-NP; PCI-NP; PCINP; PCPNI; PNPI,"This gene encodes a member of the ADAMTS (a disintegrin and metalloproteinase with thrombospondin motifs) protein family. Members of the family share several distinct protein modules, including a propeptide region, a metalloproteinase domain, a disintegrin-like domain, and a thrombospondin type 1 (TS) motif. Individual members of this family differ in the number of C-terminal TS motifs, and some have unique C-terminal domains. The encoded preproprotein is proteolytically processed to generate the mature procollagen N-proteinase. This proteinase excises the N-propeptide of the fibrillar procollagens types I-III and type V. Mutations in this gene cause Ehlers-Danlos syndrome type VIIC, a recessively inherited connective-tissue disorder. Alternative splicing results in multiple transcript variants, at least one of which encodes an isoform that is proteolytically processed. [provided by RefSeq, Feb 2016].",collagen fibril organization; extracellular matrix; extracellular matrix organization; extracellular region; metalloendopeptidase activity; metallopeptidase activity; peptidase activity; proteolysis; zinc ion binding,reactome: Collagen biosynthesis and modifying enzymes; reactome: Collagen formation; reactome: Defective B3GALTL causes PpS; reactome: Disease; reactome: Diseases associated with O-glycosylation of proteins; reactome: Diseases of glycosylation; reactome: Diseases of metabolism; reactome: Extracellular matrix organization; reactome: Metabolism of proteins; reactome: O-glycosylation of TSR domain-containing proteins; reactome: O-linked glycosylation; reactome: Post-translational protein modification; wikipathways: Type I collagen synthesis in the context of Osteogenesis imperfecta,,,,,,,,
DUSP6,-0.8585677226327464,6.847381093492322e-09,0.3333333333333333,0.7154731021939552,dual specificity phosphatase 6,protein-coding,HH19; MKP3; PYST1,"The protein encoded by this gene is a member of the dual specificity protein phosphatase subfamily. These phosphatases inactivate their target kinases by dephosphorylating both the phosphoserine/threonine and phosphotyrosine residues. They negatively regulate members of the mitogen-activated protein (MAP) kinase superfamily (MAPK/ERK, SAPK/JNK, p38), which are associated with cellular proliferation and differentiation. Different members of the family of dual specificity phosphatases show distinct substrate specificities for various MAP kinases, different tissue distribution and subcellular localization, and different modes of inducibility of their expression by extracellular stimuli. This gene product inactivates ERK2, is expressed in a variety of tissues with the highest levels in heart and pancreas, and unlike most other members of this family, is localized in the cytoplasm. Mutations in this gene have been associated with congenital hypogonadotropic hypogonadism. Alternatively spliced transcript variants have been found for this gene. [provided by RefSeq, Jan 2014].",ERK1 and ERK2 cascade; MAP kinase tyrosine phosphatase activity; MAP kinase tyrosine/serine/threonine phosphatase activity; MAPK cascade; cell differentiation; cytoplasm; cytosol; negative regulation of ERK1 and ERK2 cascade; negative regulation of MAPK cascade; nucleoplasm; peptidyl-tyrosine dephosphorylation; phosphoprotein phosphatase activity; positive regulation of apoptotic process; protein binding; protein serine/threonine phosphatase activity; protein tyrosine phosphatase activity; protein tyrosine/serine/threonine phosphatase activity; protein tyrosine/threonine phosphatase activity; regulation of heart growth; response to growth factor; response to nitrosative stress; response to xenobiotic stimulus; signal transduction,biocarta: regulation of map kinase pathways through dual specificity phosphatases; kegg: Acute myeloid leukemia - Homo sapiens (human); kegg: MAPK signaling pathway - Homo sapiens (human); kegg: Transcriptional misregulation in cancer - Homo sapiens (human); pid: ErbB1 downstream signaling; pid: FGF signaling pathway; reactome: Cytokine Signaling in Immune system; reactome: Disease; reactome: Diseases of signal transduction by growth factor receptors and second messengers; reactome: ERK/MAPK targets; reactome: ERKs are inactivated; reactome: Immune System; reactome: Innate Immune System; reactome: Interleukin-17 signaling; reactome: MAP kinase activation; reactome: MAPK family signaling cascades; reactome: MAPK targets/ Nuclear events mediated by MAP kinases; reactome: MAPK1/MAPK3 signaling; reactome: MyD88 cascade initiated on plasma membrane; reactome: MyD88 dependent cascade initiated on endosome; reactome: MyD88-independent TLR4 cascade ; reactome: MyD88:MAL(TIRAP) cascade initiated on plasma membrane; reactome: Negative regulation of MAPK pathway; reactome: Nuclear Events (kinase and transcription factor activation); reactome: Oncogenic MAPK signaling; reactome: RAF-independent MAPK1/3 activation; reactome: RAF/MAP kinase cascade; reactome: Signal Transduction; reactome: Signaling by Interleukins; reactome: Signaling by MAPK mutants; reactome: Signaling by NTRK1 (TRKA); reactome: Signaling by NTRKs; reactome: Signaling by Receptor Tyrosine Kinases; reactome: TRAF6 mediated induction of NFkB and MAP kinases upon TLR7/8 or 9 activation; reactome: TRIF (TICAM1)-mediated TLR4 signaling ; reactome: Toll Like Receptor 10 (TLR10) Cascade; reactome: Toll Like Receptor 2 (TLR2) Cascade; reactome: Toll Like Receptor 3 (TLR3) Cascade; reactome: Toll Like Receptor 4 (TLR4) Cascade; reactome: Toll Like Receptor 5 (TLR5) Cascade; reactome: Toll Like Receptor 7/8 (TLR7/8) Cascade; reactome: Toll Like Receptor 9 (TLR9) Cascade; reactome: Toll Like Receptor TLR1:TLR2 Cascade; reactome: Toll Like Receptor TLR6:TLR2 Cascade; reactome: Toll-like Receptor Cascades; wikipathways: FBXL10 enhancement of MAP-ERK signaling in diffuse large B-cell lymphoma; wikipathways: MAPK Signaling Pathway; wikipathways: Pancreatic adenocarcinoma pathway,,,,,,,,
ABCC12,-0.823728592211697,2.6357246739019636e-05,0.3333333333333333,0.6864404935097475,ATP binding cassette subfamily C member 12,protein-coding,MRP9,"This gene is a member of the superfamily of ATP-binding cassette (ABC) transporters and the encoded protein contains two ATP-binding domains and 12 transmembrane regions. ABC proteins transport various molecules across extra- and intracellular membranes. ABC genes are divided into seven distinct subfamilies: ABC1, MDR/TAP, MRP, ALD, OABP, GCN20, and White. This gene is a member of the MRP subfamily which is involved in multi-drug resistance. This gene and another subfamily member are arranged head-to-tail on chromosome 16q12.1. Increased expression of this gene is associated with breast cancer. [provided by RefSeq, Jul 2008].",ABC-type transporter activity; ATP binding; ATP hydrolysis activity; endoplasmic reticulum; endoplasmic reticulum membrane; membrane; transmembrane transport,kegg: ABC transporters - Homo sapiens (human),,,,,,,,
CPM,0.707883304559652,0.0008664108142573,0.3333333333333333,0.5899027537997099,carboxypeptidase M,protein-coding,,"The protein encoded by this gene is a membrane-bound arginine/lysine carboxypeptidase. Its expression is associated with monocyte to macrophage differentiation. This encoded protein contains hydrophobic regions at the amino and carboxy termini and has 6 potential asparagine-linked glycosylation sites. The active site residues of carboxypeptidases A and B are conserved in this protein. Three alternatively spliced transcript variants encoding the same protein have been described for this gene. [provided by RefSeq, Jul 2008].",anatomical structure morphogenesis; carboxypeptidase activity; cell surface; extracellular exosome; extracellular region; metallocarboxypeptidase activity; peptide metabolic process; plasma membrane; protein processing; proteolysis; zinc ion binding,reactome: Metabolism of proteins; reactome: Post-translational modification: synthesis of GPI-anchored proteins; reactome: Post-translational protein modification,,,,,,,,
BDNF,-0.7005871131380594,0.003674649622338,0.3333333333333333,0.5838225942817161,brain derived neurotrophic factor,protein-coding,ANON2; BULN2,"This gene encodes a member of the nerve growth factor family of proteins. Alternative splicing results in multiple transcript variants, at least one of which encodes a preproprotein that is proteolytically processed to generate the mature protein. Binding of this protein to its cognate receptor promotes neuronal survival in the adult brain. Expression of this gene is reduced in Alzheimer's, Parkinson's, and Huntington's disease patients. This gene may play a role in the regulation of the stress response and in the biology of mood disorders. [provided by RefSeq, Nov 2015].","axon; axon guidance; brain-derived neurotrophic factor receptor signaling pathway; cell surface receptor protein tyrosine kinase signaling pathway; circadian rhythm; collateral sprouting; cytoplasm; cytoplasmic vesicle; dendrite; endoplasmic reticulum lumen; extracellular region; glutamatergic synapse; growth factor activity; hippocampal mossy fiber to CA3 synapse; modulation of chemical synaptic transmission; negative regulation of apoptotic signaling pathway; negative regulation of myotube differentiation; negative regulation of neuron apoptotic process; nerve development; nerve growth factor signaling pathway; nervous system development; neuron projection morphogenesis; neuronal dense core vesicle; perinuclear region of cytoplasm; positive regulation of brain-derived neurotrophic factor receptor signaling pathway; positive regulation of collateral sprouting; positive regulation of neuron projection development; positive regulation of synapse assembly; presynapse; protein binding; regulation of protein localization to cell surface; secretory granule; secretory vesicle; signaling receptor binding; synapse assembly; synaptic vesicle; trans-synaptic signaling by BDNF, modulating synaptic transmission","biocarta: role of erk5 in neuronal survival pathway; kegg: Alcoholism - Homo sapiens (human); kegg: Cocaine addiction - Homo sapiens (human); kegg: Huntington disease - Homo sapiens (human); kegg: MAPK signaling pathway - Homo sapiens (human); kegg: Neurotrophin signaling pathway - Homo sapiens (human); kegg: PI3K-Akt signaling pathway - Homo sapiens (human); kegg: Pathways of neurodegeneration - multiple diseases - Homo sapiens (human); kegg: Ras signaling pathway - Homo sapiens (human); kegg: cAMP signaling pathway - Homo sapiens (human); netpath: BDNF; pid: Neurotrophic factor-mediated Trk receptor signaling; pid: Posttranslational regulation of adherens junction stability and dissassembly; pid: SHP2 signaling; pid: p75(NTR)-mediated signaling; reactome: Activated NTRK2 signals through CDK5; reactome: Activated NTRK2 signals through FRS2 and FRS3; reactome: Activated NTRK2 signals through FYN; reactome: Activated NTRK2 signals through PI3K; reactome: Activated NTRK2 signals through PLCG1; reactome: Activated NTRK2 signals through RAS; reactome: BDNF activates NTRK2 (TRKB) signaling; reactome: Constitutive Signaling by Aberrant PI3K in Cancer; reactome: Disease; reactome: Diseases of signal transduction by growth factor receptors and second messengers; reactome: Gene expression (Transcription); reactome: Generic Transcription Pathway; reactome: Intracellular signaling by second messengers; reactome: MECP2 regulates transcription of neuronal ligands; reactome: NPAS4 regulates expression of target genes; reactome: NTRK2 activates RAC1; reactome: Negative regulation of the PI3K/AKT network; reactome: PI3K/AKT Signaling in Cancer; reactome: PI5P, PP2A and IER3 Regulate PI3K/AKT Signaling; reactome: PIP3 activates AKT signaling; reactome: RNA Polymerase II Transcription; reactome: Signal Transduction; reactome: Signaling by NTRK2 (TRKB); reactome: Signaling by NTRKs; reactome: Signaling by Receptor Tyrosine Kinases; reactome: Transcriptional Regulation by MECP2; reactome: Transcriptional Regulation by NPAS4; wikipathways: BDNF-TrkB Signaling; wikipathways: Brain-derived neurotrophic factor (BDNF) signaling pathway; wikipathways: Cell migration and invasion through p75NTR; wikipathways: ERK Pathway in Huntington,s Disease; wikipathways: Follicle Stimulating Hormone (FSH) signaling pathway; wikipathways: Fragile X Syndrome; wikipathways: MAPK Signaling Pathway; wikipathways: MECP2 and Associated Rett Syndrome; wikipathways: Neural Crest Cell Migration during Development; wikipathways: Neural Crest Cell Migration in Cancer; wikipathways: PI3K-Akt signaling pathway; wikipathways: Spinal Cord Injury; wikipathways: Sudden Infant Death Syndrome (SIDS) Susceptibility Pathways; wikipathways: Synaptic signaling pathways associated with autism spectrum disorder; wikipathways: mBDNF and proBDNF regulation of GABA neurotransmission",,,,,,,,
CEND1,-0.6685435145607768,0.0040994876782954,0.3333333333333333,0.5571195954673139,cell cycle exit and neuronal differentiation 1,protein-coding,BM88,"The protein encoded by this gene is a neuron-specific protein. The similar protein in pig enhances neuroblastoma cell differentiation in vitro and may be involved in neuronal differentiation in vivo. Multiple pseudogenes have been reported for this gene. [provided by RefSeq, Jul 2008].",cerebellar Purkinje cell differentiation; cerebellar granular layer maturation; cerebellum development; membrane; mitochondrion; neuron differentiation; protein binding; radial glia guided migration of cerebellar granule cell; vesicle,,,,,,,,,
SERPINA5,0.6606237518961269,0.0003055855104729,0.3333333333333333,0.5505197932467724,serpin family A member 5,protein-coding,PAI-3; PAI3; PCI; PCI-B; PLANH3; PROCI,"The protein encoded by this gene is a member of the serpin family of proteins, a group of proteins that inhibit serine proteases. This gene is one in a cluster of serpin genes located on the q arm of chromosome 14. This family member is a glycoprotein that can inhibit several serine proteases, including protein C and various plasminogen activators and kallikreins, and it thus plays diverse roles in hemostasis and thrombosis in multiple organs. [provided by RefSeq, Aug 2012].",acrosin binding; acrosomal membrane; external side of plasma membrane; extracellular exosome; extracellular matrix; extracellular region; fusion of sperm to egg plasma membrane involved in single fertilization; glycosaminoglycan binding; heparin binding; membrane; phosphatidylcholine binding; platelet alpha granule; platelet dense tubular network; protease binding; protein C inhibitor-KLK3 complex; protein C inhibitor-PLAT complex; protein C inhibitor-PLAU complex; protein C inhibitor-TMPRSS11E complex; protein C inhibitor-TMPRSS7 complex; protein C inhibitor-coagulation factor V complex; protein C inhibitor-coagulation factor XI complex; protein C inhibitor-coagulation factor Xa complex; protein C inhibitor-plasma kallikrein complex; protein C inhibitor-thrombin complex; protein binding; protein-containing complex; retinoic acid binding; seminal clot liquefaction; serine-type endopeptidase inhibitor activity; spermatogenesis,kegg: Complement and coagulation cascades - Homo sapiens (human); reactome: Amplification and propagation of coagulation cascade; reactome: Coagulation pathway; reactome: Fibrin formation; reactome: Hemostasis; reactome: Regulation of clotting cascade; wikipathways: Complement and Coagulation Cascades,,,,,,,,
BEX5,-0.6477491768298465,0.0003685511290932,0.3333333333333333,0.5397909806915386,brain expressed X-linked 5,protein-coding,NGFRAP1L1,"Predicted to enable signaling receptor binding activity. Predicted to be involved in signal transduction. Predicted to be active in cytoplasm. [provided by Alliance of Genome Resources, Apr 2022]",cytoplasm; protein binding; signal transduction; signaling receptor binding,,,,,,,,,
ZNF652,0.6383090923877681,0.0075436531645047,0.3333333333333333,0.5319242436564734,zinc finger protein 652,protein-coding,,"Predicted to enable DNA-binding transcription factor activity, RNA polymerase II-specific and RNA polymerase II cis-regulatory region sequence-specific DNA binding activity. Predicted to be involved in regulation of transcription by RNA polymerase II. Predicted to be active in nucleus. [provided by Alliance of Genome Resources, Apr 2022]","DNA-binding transcription factor activity, RNA polymerase II-specific; DNA-binding transcription repressor activity, RNA polymerase II-specific; negative regulation of transcription by RNA polymerase II; nucleus; protein binding; regulation of transcription by RNA polymerase II",,,,,,,,,
KRT5,-0.6346358720489372,0.0002351765399151,0.3333333333333333,0.5288632267074477,keratin 5,protein-coding,CK5; DDD; DDD1; EBS1; EBS2; EBS2A; EBS2B; EBS2C; EBS2D; EBS2E; EBS2F; K5; KRT5A,"The protein encoded by this gene is a member of the keratin gene family. The type II cytokeratins consist of basic or neutral proteins which are arranged in pairs of heterotypic keratin chains coexpressed during differentiation of simple and stratified epithelial tissues. This type II cytokeratin is specifically expressed in the basal layer of the epidermis with family member KRT14. Mutations in these genes have been associated with a complex of diseases termed epidermolysis bullosa simplex. The type II cytokeratins are clustered in a region of chromosome 12q12-q13. [provided by RefSeq, Jul 2008].",cytoplasm; cytosol; epidermis development; extracellular exosome; intermediate filament; intermediate filament organization; intermediate filament polymerization; keratin filament; keratinization; membrane; nucleus; protein binding; protein-containing complex; regulation of cell migration; regulation of protein localization; response to mechanical stimulus; scaffold protein binding; structural constituent of cytoskeleton; structural constituent of skin epidermis,netpath: EGFR1; pid: Glucocorticoid receptor regulatory network; pid: Validated transcriptional targets of deltaNp63 isoforms; reactome: Cell junction organization; reactome: Cell-Cell communication; reactome: Developmental Biology; reactome: Developmental Cell Lineages; reactome: Developmental Cell Lineages of the Integumentary System; reactome: Developmental Lineage of Mammary Gland Luminal Epithelial Cells; reactome: Developmental Lineage of Mammary Gland Myoepithelial Cells; reactome: Developmental Lineage of Mammary Stem Cells; reactome: Developmental Lineages of the Mammary Gland; reactome: Differentiation of Keratinocytes in Interfollicular Epidermis in Mammalian Skin; reactome: Formation of the cornified envelope; reactome: Keratinization; reactome: Type I hemidesmosome assembly,,,,,,,,
PRKX,0.6052423695383164,0.0001338531053882,0.3333333333333333,0.5043686412819304,protein kinase cAMP-dependent X-linked catalytic subunit,protein-coding,PKX1,"This gene encodes a serine threonine protein kinase that has similarity to the catalytic subunit of cyclic AMP dependent protein kinases. The encoded protein is developmentally regulated and may be involved in renal epithelial morphogenesis. This protein may also be involved in macrophage and granulocyte maturation. Abnormal recombination between this gene and a related pseudogene on chromosome Y is a frequent cause of sex reversal disorder in XX males and XY females. Pseudogenes of this gene are found on chromosomes X, 15 and Y. [provided by RefSeq, Feb 2010].",ATP binding; adenylate cyclase-activating G protein-coupled receptor signaling pathway; angiogenesis; cAMP-dependent protein kinase activity; cAMP-dependent protein kinase complex; cell adhesion; cell-substrate adhesion; cytoplasm; cytosol; endothelial cell migration; endothelial cell proliferation; epithelial tube morphogenesis; kidney morphogenesis; myeloid cell differentiation; nucleoplasm; nucleus; peptidyl-serine phosphorylation; protein autophosphorylation; protein binding; protein kinase activity; protein serine kinase activity; protein serine/threonine kinase activity; regulation of cell adhesion; regulation of cell migration; regulation of epithelial cell differentiation involved in kidney development,netpath: EGFR1; reactome: ADORA2B mediated anti-inflammatory cytokines production; reactome: Activation of NMDA receptors and postsynaptic events; reactome: Anti-inflammatory response favouring Leishmania parasite infection; reactome: CREB1 phosphorylation through the activation of Adenylate Cyclase; reactome: Ca-dependent events; reactome: CaM pathway; reactome: Calmodulin induced events; reactome: DAG and IP3 signaling; reactome: Disease; reactome: FCGR3A-mediated IL10 synthesis; reactome: G alpha (i) signalling events; reactome: G-protein mediated events; reactome: GPCR downstream signalling; reactome: Infectious disease; reactome: Intracellular signaling by second messengers; reactome: Leishmania infection; reactome: Leishmania parasite growth and survival; reactome: Neuronal System; reactome: Neurotransmitter receptors and postsynaptic signal transmission; reactome: Opioid Signalling; reactome: PKA-mediated phosphorylation of CREB; reactome: PLC beta mediated events; reactome: Parasitic Infection Pathways; reactome: Post NMDA receptor activation events; reactome: Signal Transduction; reactome: Signaling by GPCR; reactome: Transmission across Chemical Synapses; wikipathways: Chemokine signaling pathway,,,,,,,,
COL12A1,-0.5667024366252562,0.0019925816404517,0.3333333333333333,0.4722520305210468,collagen type XII alpha 1 chain,protein-coding,BA209D8.1; BTHLM2; COL12A1L; DJ234P15.1; EDSMYP; UCMD2,"This gene encodes the alpha chain of type XII collagen, a member of the FACIT (fibril-associated collagens with interrupted triple helices) collagen family. Type XII collagen is a homotrimer found in association with type I collagen, an association that is thought to modify the interactions between collagen I fibrils and the surrounding matrix. Alternatively spliced transcript variants encoding different isoforms have been identified. [provided by RefSeq, Jul 2008].",FACIT collagen trimer; animal gross anatomical part developmental process; collagen fibril organization; collagen type XII trimer; endodermal cell differentiation; endoplasmic reticulum lumen; extracellular exosome; extracellular matrix; extracellular matrix structural constituent conferring tensile strength; extracellular region; extracellular vesicle; tissue development,kegg: Protein digestion and absorption - Homo sapiens (human); reactome: Assembly of collagen fibrils and other multimeric structures; reactome: Collagen biosynthesis and modifying enzymes; reactome: Collagen chain trimerization; reactome: Collagen degradation; reactome: Collagen formation; reactome: Degradation of the extracellular matrix; reactome: Extracellular matrix organization,,,,,,,,
FIBP,-0.5646696147735728,0.0002835146792549,0.3333333333333333,0.4705580123113106,FGF1 intracellular binding protein,protein-coding,FGFIBP; FIBP-1; TROFAS,"Acidic fibroblast growth factor is mitogenic for a variety of different cell types and acts by stimulating mitogenesis or inducing morphological changes and differentiation. The FIBP protein is an intracellular protein that binds selectively to acidic fibroblast growth factor (aFGF). It is postulated that FIBP may be involved in the mitogenic action of aFGF. Two transcript variants encoding different isoforms have been found for this gene. [provided by RefSeq, Jul 2008].",endomembrane system; fibroblast growth factor binding; fibroblast growth factor receptor signaling pathway; membrane; mitochondrion; nuclear speck; nucleus; platelet aggregation,netpath: Fibroblast growth factor-1; wikipathways: Modulators of TCR signaling and T cell activation,,,,,,,,
PHF19,0.5515909931789547,0.0019455346129604,0.3333333333333333,0.4596591609824622,PHD finger protein 19,protein-coding,MTF2L1; PCL3; TDRD19B,"Enables methylated histone binding activity. Involved in positive regulation of histone H3-K27 methylation. Colocalizes with ESC/E(Z) complex. [provided by Alliance of Genome Resources, Apr 2022]","DNA binding; ESC/E(Z) complex; chromatin binding; epigenetic regulation of gene expression; heterochromatin formation; histone H3K36me3 reader activity; histone H3K4me3 reader activity; negative regulation of gene expression, epigenetic; negative regulation of transcription by RNA polymerase II; nucleoplasm; nucleus; protein binding; stem cell differentiation; stem cell population maintenance",reactome: Epigenetic regulation of gene expression; reactome: Gene expression (Transcription); reactome: PRC2 methylates histones and DNA,,,,,,,,
EFR3B,-0.5346195308146546,0.0013378166173018,0.3333333333333333,0.4455162756788788,EFR3 homolog B,protein-coding,KIAA0953,"Involved in phosphatidylinositol phosphate biosynthetic process and protein localization to plasma membrane. Located in actin cytoskeleton; cytosol; and plasma membrane. [provided by Alliance of Genome Resources, Apr 2022]",cytosol; phosphatidylinositol phosphate biosynthetic process; plasma membrane; protein binding; protein localization to plasma membrane,,,,,,,,,
PDE10A,-0.5308423941319349,0.0003127953367866,0.3333333333333333,0.4423686617766124,phosphodiesterase 10A,protein-coding,ADSD2; HSPDE10A; IOLOD; PDE10A19,"The protein encoded by this gene belongs to the cyclic nucleotide phosphodiesterase family. It plays a role in signal transduction by regulating the intracellular concentration of cyclic nucleotides. This protein can hydrolyze both cAMP and cGMP to the corresponding nucleoside 5' monophosphate, but has higher affinity for cAMP, and is more efficient with cAMP as substrate. Alternatively spliced transcript variants have been described for this gene. [provided by RefSeq, Dec 2011].","3',5'-cGMP-stimulated cyclic-nucleotide phosphodiesterase activity; 3',5'-cyclic-AMP phosphodiesterase activity; 3',5'-cyclic-GMP phosphodiesterase activity; 3',5'-cyclic-nucleotide phosphodiesterase activity; cAMP binding; cAMP catabolic process; cGMP binding; cGMP catabolic process; cytosol; glutamatergic synapse; negative regulation of cAMP/PKA signal transduction; negative regulation of receptor guanylyl cyclase signaling pathway; phosphoric diester hydrolase activity; signal transduction; synapse",kegg: Morphine addiction - Homo sapiens (human); kegg: Purine metabolism - Homo sapiens (human); kegg: cAMP signaling pathway - Homo sapiens (human); reactome: G alpha (s) signalling events; reactome: GPCR downstream signalling; reactome: Hemostasis; reactome: Nitric oxide stimulates guanylate cyclase; reactome: Platelet homeostasis; reactome: Signal Transduction; reactome: Signaling by GPCR; reactome: cGMP effects; smpdb: AICA-Ribosiduria; smpdb: Adenine phosphoribosyltransferase deficiency (APRT); smpdb: Adenosine Deaminase Deficiency; smpdb: Adenylosuccinate Lyase Deficiency; smpdb: Azathioprine Action Pathway; smpdb: Gout or Kelley-Seegmiller Syndrome; smpdb: Lesch-Nyhan Syndrome (LNS); smpdb: Mercaptopurine Action Pathway; smpdb: Mitochondrial DNA depletion syndrome; smpdb: Molybdenum Cofactor Deficiency; smpdb: Myoadenylate deaminase deficiency; smpdb: Purine Metabolism; smpdb: Purine Nucleoside Phosphorylase Deficiency; smpdb: Thioguanine Action Pathway; smpdb: Xanthine Dehydrogenase Deficiency (Xanthinuria); smpdb: Xanthinuria type I; smpdb: Xanthinuria type II; wikipathways: Phosphodiesterases in neuronal function,,,,,,,,
P2RX7,0.528166356429534,0.0005700825823161,0.3333333333333333,0.440138630357945,purinergic receptor P2X 7,protein-coding,P2X7,"The product of this gene belongs to the family of purinoceptors for ATP. This receptor functions as a ligand-gated ion channel and is responsible for ATP-dependent lysis of macrophages through the formation of membrane pores permeable to large molecules. Activation of this nuclear receptor by ATP in the cytoplasm may be a mechanism by which cellular activity can be coupled to changes in gene expression. Multiple alternatively spliced variants have been identified, most of which fit nonsense-mediated decay (NMD) criteria. [provided by RefSeq, Jul 2010].",ATP binding; apoptotic signaling pathway; bleb; bleb assembly; calcium ion transmembrane transport; calcium-mediated signaling; cell surface receptor signaling pathway; cell-cell junction; cellular response to ATP; channel activity; cytoplasm; excitatory postsynaptic potential; external side of plasma membrane; extracellularly ATP-gated monoatomic cation channel activity; extrinsic apoptotic signaling pathway; identical protein binding; lipopolysaccharide binding; membrane; membrane depolarization; monoatomic cation transmembrane transport; monoatomic ion channel activity; monoatomic ion transport; negative regulation of MAPK cascade; negative regulation of bone resorption; negative regulation of cell volume; neuromuscular junction; neuronal cell body; organophosphate ester transport; plasma membrane; plasma membrane phospholipid scrambling; pore complex assembly; positive regulation of NLRP3 inflammasome complex assembly; positive regulation of bleb assembly; positive regulation of bone mineralization; positive regulation of calcium ion transport into cytosol; positive regulation of cellular component organization; positive regulation of cytoskeleton organization; positive regulation of gene expression; positive regulation of glycolytic process; positive regulation of interleukin-1 beta production; positive regulation of monoatomic ion transmembrane transport; postsynapse; potassium channel activity; potassium ion transmembrane transport; protein binding; protein homotrimerization; purinergic nucleotide receptor activity; purinergic nucleotide receptor signaling pathway; regulation of sodium ion transport; regulation of transport; response to ATP; response to ischemia; sensory perception of pain; signaling receptor activity; signaling receptor binding; sodium channel activity; sodium ion transmembrane transport; synapse,"kegg: Calcium signaling pathway - Homo sapiens (human); kegg: NOD-like receptor signaling pathway - Homo sapiens (human); kegg: Neuroactive ligand-receptor interaction - Homo sapiens (human); reactome: Cell recruitment (pro-inflammatory response); reactome: Cellular responses to mechanical stimuli; reactome: Cellular responses to stimuli; reactome: Disease; reactome: Elevation of cytosolic Ca2+ levels; reactome: Hemostasis; reactome: Immune System; reactome: Infectious disease; reactome: Inflammasomes; reactome: Innate Immune System; reactome: Leishmania infection; reactome: Mechanical load activates signaling by PIEZO1 and integrins in osteocytes; reactome: Nucleotide-binding domain, leucine rich repeat containing receptor (NLR) signaling pathways; reactome: Parasitic Infection Pathways; reactome: Platelet calcium homeostasis; reactome: Platelet homeostasis; reactome: Purinergic signaling in leishmaniasis infection; reactome: The NLRP3 inflammasome; wikipathways: Purinergic signaling",,,,,,,,
NCALD,-0.8629155644634805,0.0029836154593187,0.0,0.4314577822317402,neurocalcin delta,protein-coding,,"This gene encodes a member of the neuronal calcium sensor (NCS) family of calcium-binding proteins. The protein contains an N-terminal myristoylation signal and four EF-hand calcium binding loops. The protein is cytosolic at resting calcium levels; however, elevated intracellular calcium levels induce a conformational change that exposes the myristoyl group, resulting in protein association with membranes and partial co-localization with the perinuclear trans-golgi network. The protein is thought to be a regulator of G protein-coupled receptor signal transduction. Several alternatively spliced variants of this gene have been determined, all of which encode the same protein; additional variants may exist but their biological validity has not been determined. [provided by RefSeq, Jul 2008].",actin binding; alpha-tubulin binding; calcium ion binding; calcium-mediated signaling; clathrin binding; clathrin coat of trans-Golgi network vesicle; cytosol; protein binding; regulation of signal transduction; tubulin binding; vesicle-mediated transport,kegg: Olfactory transduction - Homo sapiens (human); reactome: Activation of Ca-permeable Kainate Receptor; reactome: Activation of kainate receptors upon glutamate binding; reactome: Ionotropic activity of kainate receptors; reactome: Neuronal System; reactome: Neurotransmitter receptors and postsynaptic signal transmission; reactome: Transmission across Chemical Synapses,,,,,,,,
GFAP,0.8470036751661176,0.0024507363054068,0.0,0.4235018375830588,glial fibrillary acidic protein,protein-coding,ALXDRD,"This gene encodes one of the major intermediate filament proteins of mature astrocytes. It is used as a marker to distinguish astrocytes from other glial cells during development. Mutations in this gene cause Alexander disease, a rare disorder of astrocytes in the central nervous system. Alternative splicing results in multiple transcript variants encoding distinct isoforms. [provided by RefSeq, Oct 2008].",astrocyte end-foot; astrocyte projection; cell body; cytoplasm; cytoplasmic side of lysosomal membrane; cytoskeleton; cytosol; enteric nervous system development; glial cell projection; identical protein binding; integrin binding; intermediate filament; intermediate filament cytoskeleton; intermediate filament organization; kinase binding; lysosome; membrane; neural crest cell migration; positive regulation of glial cell proliferation; protein binding; regulation of chaperone-mediated autophagy; regulation of protein-containing complex assembly; response to ethanol; structural constituent of cytoskeleton,biocarta: prion pathway; kegg: JAK-STAT signaling pathway - Homo sapiens (human); reactome: Autophagy; reactome: Chaperone Mediated Autophagy; reactome: Nuclear signaling by ERBB4; reactome: Signal Transduction; reactome: Signaling by ERBB4; reactome: Signaling by Receptor Tyrosine Kinases; wikipathways: Neural Crest Differentiation; wikipathways: Spinal Cord Injury,,,,,,,,
SLC38A2,0.5004470268434797,0.0005295908253427,0.3333333333333333,0.4170391890362331,solute carrier family 38 member 2,protein-coding,ATA2; PRO1068; SAT2; SNAT2,"Enables neutral amino acid:sodium symporter activity. Involved in several processes, including amino acid transport; cellular response to arsenite(3-); and positive regulation of RNA splicing. Located in cytoplasm and plasma membrane. [provided by Alliance of Genome Resources, Apr 2022]","L-asparagine:sodium symporter activity; L-glutamine import across plasma membrane; L-glutamine transmembrane transporter activity; L-glutamine transport; L-proline import across plasma membrane; L-serine import across plasma membrane; L-serine transmembrane transporter activity; L-serine transport; acidic amino acid transmembrane transporter activity; acidic amino acid transport; alanine transport; alanine:sodium symporter activity; amino acid import; amino acid transmembrane transport; amino acid transmembrane transporter activity; amino acid transport; amino acid:sodium symporter activity; asparagine transport; axon; brush border; cellular response to amino acid starvation; cellular response to arsenite(3-); cellular response to mechanical stimulus; cerebral cortex development; cytoplasm; dendrite; female pregnancy; glycine betaine transport; glycine transport; glycine:sodium symporter activity; neuronal cell body; neurotransmitter transport; neutral L-amino acid transmembrane transporter activity; neutral L-amino acid:sodium symporter activity; neutral amino acid transport; plasma membrane; positive regulation of RNA splicing; positive regulation of gene expression; proline transport; proline:sodium symporter activity; protein binding; regulation of cellular response to stress; regulation of glutamate secretion, neurotransmission; response to muscle activity; sarcolemma; sodium ion transmembrane transport; transport across blood-brain barrier",kegg: GABAergic synapse - Homo sapiens (human); kegg: Glutamatergic synapse - Homo sapiens (human); kegg: Protein digestion and absorption - Homo sapiens (human); netpath: EGFR1; reactome: Amino acid transport across the plasma membrane; reactome: Glutamate Neurotransmitter Release Cycle; reactome: Neuronal System; reactome: Neurotransmitter release cycle; reactome: SLC-mediated transmembrane transport; reactome: SLC-mediated transport of amino acids; reactome: Transmission across Chemical Synapses; reactome: Transport of small molecules; wikipathways: Endochondral Ossification; wikipathways: Endochondral Ossification with Skeletal Dysplasias,,,,,,,,
ZDHHC23,-0.8246868219390371,0.0091826008610947,0.0,0.4123434109695185,zDHHC palmitoyltransferase 23,protein-coding,DHHC-23; NIDD,"Predicted to enable protein-cysteine S-palmitoyltransferase activity. Involved in protein localization to plasma membrane and protein palmitoylation. Predicted to be located in Golgi membrane. Predicted to be integral component of membrane. Predicted to be active in Golgi apparatus and endoplasmic reticulum. [provided by Alliance of Genome Resources, Apr 2022]",Golgi apparatus; Golgi membrane; endoplasmic reticulum; palmitoyltransferase activity; protein binding; protein localization to plasma membrane; protein palmitoylation; protein targeting to membrane; protein-cysteine S-palmitoyltransferase activity,,,,,,,,,
GAD1,-0.8220035477581007,0.0059085408347599,0.0,0.4110017738790503,glutamate decarboxylase 1,protein-coding,CPSQ1; DEE89; GAD; GAD-67; SCP,"This gene encodes one of several forms of glutamic acid decarboxylase, identified as a major autoantigen in insulin-dependent diabetes. The enzyme encoded is responsible for catalyzing the production of gamma-aminobutyric acid from L-glutamic acid. A pathogenic role for this enzyme has been identified in the human pancreas since it has been identified as an autoantigen and an autoreactive T cell target in insulin-dependent diabetes. This gene may also play a role in the stiff man syndrome. Deficiency in this enzyme has been shown to lead to pyridoxine dependency with seizures. Alternative splicing of this gene results in two products, the predominant 67-kD form and a less-frequent 25-kD form. [provided by RefSeq, Jul 2008].",GABA biosynthetic process; GABA shunt; GABA-ergic synapse; L-glutamate catabolic process; axon; axon terminus; carbon-carbon lyase activity; carboxy-lyase activity; cell cortex; chemical synaptic transmission; clathrin-sculpted gamma-aminobutyric acid transport vesicle membrane; cytoplasm; glutamate decarboxylase activity; identical protein binding; inhibitory synapse; neuron projection terminus; perinuclear region of cytoplasm; plasma membrane; presynapse; presynaptic active zone; protein binding; pyridoxal phosphate binding; synapse; vesicle membrane,"humancyc: GABA shunt; humancyc: glutamate dependent acid resistance; kegg: Alanine, aspartate and glutamate metabolism - Homo sapiens (human); kegg: Butanoate metabolism - Homo sapiens (human); kegg: GABAergic synapse - Homo sapiens (human); kegg: Taurine and hypotaurine metabolism - Homo sapiens (human); kegg: Type I diabetes mellitus - Homo sapiens (human); kegg: beta-Alanine metabolism - Homo sapiens (human); reactome: GABA synthesis; reactome: GABA synthesis, release, reuptake and degradation; reactome: Gene expression (Transcription); reactome: Generic Transcription Pathway; reactome: MECP2 regulates transcription of genes involved in GABA signaling; reactome: Neuronal System; reactome: Neurotransmitter release cycle; reactome: RNA Polymerase II Transcription; reactome: Transcriptional Regulation by MECP2; reactome: Transmission across Chemical Synapses; smpdb: 2-Hydroxyglutric Aciduria (D And L Form); smpdb: 4-Hydroxybutyric Aciduria/Succinic Semialdehyde Dehydrogenase Deficiency; smpdb: Aspartate Metabolism; smpdb: Beta-Alanine Metabolism; smpdb: Canavan Disease; smpdb: Carnosinuria, carnosinemia; smpdb: GABA-Transaminase Deficiency; smpdb: Glutamate Metabolism; smpdb: Homocarnosinosis; smpdb: Hyperinsulinism-Hyperammonemia Syndrome; smpdb: Hypoacetylaspartia; smpdb: Succinic semialdehyde dehydrogenase deficiency; smpdb: Taurine and Hypotaurine Metabolism; smpdb: Ureidopropionase deficiency; wikipathways: Alanine and aspartate metabolism; wikipathways: Biogenic Amine Synthesis; wikipathways: Fragile X Syndrome; wikipathways: MECP2 and Associated Rett Syndrome; wikipathways: One-carbon metabolism and related pathways",,,,,,,,
TSPAN7,-0.7992562184751808,0.0074980355678867,0.0,0.3996281092375904,tetraspanin 7,protein-coding,A15; CCG-B7; CD231; DXS1692E; MRX58; MXS1; TALLA-1; TM4SF2; TM4SF2b; XLID58,"The protein encoded by this gene is a member of the transmembrane 4 superfamily, also known as the tetraspanin family. Most of these members are cell-surface proteins that are characterized by the presence of four hydrophobic domains. The proteins mediate signal transduction events that play a role in the regulation of cell development, activation, growth and motility. This encoded protein is a cell surface glycoprotein and may have a role in the control of neurite outgrowth. It is known to complex with integrins. This gene is associated with X-linked cognitive disability and neuropsychiatric diseases such as Huntington's chorea, fragile X syndrome and myotonic dystrophy. [provided by RefSeq, Jul 2008].",membrane; plasma membrane; protein binding,"kegg: Transcriptional misregulation in cancer - Homo sapiens (human); reactome: Cell surface interactions at the vascular wall; reactome: Glutamate binding, activation of AMPA receptors and synaptic plasticity; reactome: Hemostasis; reactome: Neuronal System; reactome: Neurotransmitter receptors and postsynaptic signal transmission; reactome: Trafficking of AMPA receptors; reactome: Trafficking of GluR2-containing AMPA receptors; reactome: Transmission across Chemical Synapses",,,,,,,,
HTR3B,-0.7619581230560679,0.0060232060963247,0.0,0.3809790615280339,5-hydroxytryptamine receptor 3B,protein-coding,5-HT3B,"The product of this gene belongs to the ligand-gated ion channel receptor superfamily. This gene encodes subunit B of the type 3 receptor for 5-hydroxytryptamine (serotonin), a biogenic hormone that functions as a neurotransmitter, a hormone, and a mitogen. This receptor causes fast, depolarizing responses in neurons after activation. It is not functional as a homomeric complex, but a pentaheteromeric complex with subunit A (HTR3A) displays the full functional features of this receptor. [provided by RefSeq, Aug 2011].",calcium ion transport; cell surface; extracellular ligand-gated monoatomic ion channel activity; ligand-gated monoatomic ion channel activity; membrane; monoatomic ion channel activity; monoatomic ion transmembrane transport; monoatomic ion transport; plasma membrane; postsynaptic membrane; serotonin receptor signaling pathway; serotonin-activated cation-selective channel complex; serotonin-gated cation-selective signaling pathway; serotonin-gated monoatomic cation channel activity; transmembrane signaling receptor activity; transmembrane transport,kegg: Serotonergic synapse - Homo sapiens (human); kegg: Taste transduction - Homo sapiens (human); reactome: Neuronal System; reactome: Neurotransmitter receptors and postsynaptic signal transmission; reactome: Transmission across Chemical Synapses,,,,,,,,
CSF1,0.7460248745297351,0.0033970653980611,0.0,0.3730124372648675,colony stimulating factor 1,protein-coding,CSF-1; MCSF; PG-M-CSF,"The protein encoded by this gene is a cytokine that controls the production, differentiation, and function of macrophages. The active form of the protein is found extracellularly as a disulfide-linked homodimer, and is thought to be produced by proteolytic cleavage of membrane-bound precursors. The encoded protein may be involved in development of the placenta. Alternate splicing results in multiple transcript variants. [provided by RefSeq, Sep 2011].",CSF1-CSF1R complex; cell surface receptor protein tyrosine kinase signaling pathway; cytokine activity; developmental process involved in reproduction; endoplasmic reticulum lumen; extracellular region; growth factor activity; identical protein binding; innate immune response; macrophage colony-stimulating factor receptor binding; macrophage colony-stimulating factor signaling pathway; macrophage differentiation; membrane; microglial cell proliferation; monocyte activation; osteoclast differentiation; perinuclear region of cytoplasm; plasma membrane; positive regulation of cell migration; positive regulation of cell population proliferation; positive regulation of cell-matrix adhesion; positive regulation of gene expression; positive regulation of immune system process; positive regulation of macrophage chemotaxis; positive regulation of macrophage colony-stimulating factor signaling pathway; positive regulation of macrophage derived foam cell differentiation; positive regulation of macrophage differentiation; positive regulation of macrophage migration; positive regulation of microglial cell migration; positive regulation of monocyte differentiation; positive regulation of mononuclear cell proliferation; positive regulation of osteoclast differentiation; positive regulation of protein metabolic process; protein binding; protein homodimerization activity; regulation of macrophage derived foam cell differentiation; response to ischemia; signaling receptor complex,biocarta: mets affect on macrophage differentiation; kegg: Alzheimer disease - Homo sapiens (human); kegg: Cytokine-cytokine receptor interaction - Homo sapiens (human); kegg: Hematopoietic cell lineage - Homo sapiens (human); kegg: MAPK signaling pathway - Homo sapiens (human); kegg: Osteoclast differentiation - Homo sapiens (human); kegg: PI3K-Akt signaling pathway - Homo sapiens (human); kegg: Pathways of neurodegeneration - multiple diseases - Homo sapiens (human); kegg: Rap1 signaling pathway - Homo sapiens (human); kegg: Ras signaling pathway - Homo sapiens (human); kegg: Rheumatoid arthritis - Homo sapiens (human); kegg: TNF signaling pathway - Homo sapiens (human); kegg: Viral protein interaction with cytokine and cytokine receptor - Homo sapiens (human); pid: Integrins in angiogenesis; pid: Signaling events mediated by PTP1B; pid: Signaling events mediated by TCPTP; reactome: Cytokine Signaling in Immune system; reactome: Developmental Biology; reactome: Developmental Cell Lineages; reactome: Differentiation of Circulating Monocytes; reactome: Immune System; reactome: Interleukin-10 signaling; reactome: MITF-M-regulated melanocyte development; reactome: Metabolism of proteins; reactome: Other interleukin signaling; reactome: Post-translational protein modification; reactome: Post-translational protein phosphorylation; reactome: Regulation of Insulin-like Growth Factor (IGF) transport and uptake by Insulin-like Growth Factor Binding Proteins (IGFBPs); reactome: Signaling by CSF1 (M-CSF) in myeloid cells; reactome: Signaling by Interleukins; reactome: Transcriptional and post-translational regulation of MITF-M expression and activity; wikipathways: Cytokines and Inflammatory Response; wikipathways: Development of pulmonary dendritic cells and macrophage subsets; wikipathways: Differentiation Pathway; wikipathways: Focal Adhesion-PI3K-Akt-mTOR-signaling pathway; wikipathways: Folate Metabolism; wikipathways: PI3K-Akt signaling pathway,,,,,,,,
UHRF1,0.7388361900380738,0.0091661838123437,0.0,0.3694180950190369,ubiquitin like with PHD and ring finger domains 1,protein-coding,ICBP90; Np95; RNF106; TDRD22; hNP95; hUHRF1; huNp95,"This gene encodes a member of a subfamily of RING-finger type E3 ubiquitin ligases. The protein binds to specific DNA sequences, and recruits a histone deacetylase to regulate gene expression. Its expression peaks at late G1 phase and continues during G2 and M phases of the cell cycle. It plays a major role in the G1/S transition by regulating topoisomerase IIalpha and retinoblastoma gene expression, and functions in the p53-dependent DNA damage checkpoint. It is regarded as a hub protein for the integration of epigenetic information. This gene is up-regulated in various cancers, and it is therefore considered to be a therapeutic target. Multiple transcript variants encoding different isoforms have been found for this gene. A related pseudogene exists on chromosome 12. [provided by RefSeq, Feb 2014].",DNA damage response; DNA damage sensor activity; chromatin; chromosomal DNA methylation maintenance following DNA replication; chromosome; cis-regulatory region sequence-specific DNA binding; double-strand break repair via homologous recombination; epigenetic regulation of gene expression; euchromatin; hemi-methylated DNA-binding; heterochromatin; heterochromatin formation; histone H3 reader activity; histone H3 ubiquitin ligase activity; histone H3K14 ubiquitin ligase activity; histone H3K18 ubiquitin ligase activity; histone H3K23 ubiquitin ligase activity; histone H3K9me2/3 reader activity; histone binding; homologous recombination; identical protein binding; methyl-CpG binding; mitotic spindle assembly; negative regulation of gene expression via chromosomal CpG island methylation; negative regulation of transcription by RNA polymerase II; nuclear matrix; nucleic acid binding; nucleoplasm; nucleus; positive regulation of protein metabolic process; positive regulation of transcription by RNA polymerase II; protein autoubiquitination; protein binding; protein localization to chromatin; protein ubiquitination; regulation of epithelial cell proliferation; replication fork; response to stress; spindle; ubiquitin protein ligase activity; ubiquitin-dependent protein catabolic process; ubiquitin-protein transferase activity; zinc ion binding,reactome: Chromatin modifications during the maternal to zygotic transition (MZT); reactome: DNA methylation; reactome: Developmental Biology; reactome: Epigenetic regulation of gene expression; reactome: Gene expression (Transcription); reactome: Maternal to zygotic transition (MZT); wikipathways: Pathways affected in adenoid cystic carcinoma,,,,,,,,
DIRAS1,-0.7235824188486291,0.0052414598364815,0.0,0.3617912094243145,DIRAS family GTPase 1,protein-coding,Di-Ras1; GBTS1; RIG,"DIRAS1 belongs to a distinct branch of the functionally diverse Ras (see HRAS; MIM 190020) superfamily of monomeric GTPases.[supplied by OMIM, Apr 2004].",GTP binding; GTPase activity; membrane; mitogen-activated protein kinase binding; plasma membrane; positive regulation of MAP kinase activity; protein binding; signal transduction; small GTPase-mediated signal transduction,,,,,,,,,
ARL4D,-0.7207203016373466,0.0001413680281844,0.0,0.3603601508186733,ARF like GTPase 4D,protein-coding,ARF4L,"ADP-ribosylation factor 4D is a member of the ADP-ribosylation factor family of GTP-binding proteins. ARL4D is closely similar to ARL4A and ARL4C and each has a nuclear localization signal and an unusually high guanine nucleotide exchange rate. This protein may play a role in membrane-associated intracellular trafficking. [provided by RefSeq, Jul 2021].",GTP binding; GTPase activity; cytoplasm; intracellular protein transport; nucleolus; nucleus; plasma membrane; protein binding; protein secretion; vesicle-mediated transport,wikipathways: IL-18 signaling pathway,,,,,,,,
IKZF2,0.6465830486587203,0.003484748633878,0.0,0.3232915243293601,IKAROS family zinc finger 2,protein-coding,ANF1A2; HELIOS; ICHAD; IMDIA; ZNF1A2; ZNFN1A2,"This gene encodes a member of the Ikaros family of zinc-finger proteins. Three members of this protein family (Ikaros, Aiolos and Helios) are hematopoietic-specific transcription factors involved in the regulation of lymphocyte development. This protein forms homo- or hetero-dimers with other Ikaros family members, and is thought to function predominantly in early hematopoietic development. Multiple transcript variants encoding different isoforms have been found for this gene, but the biological validity of some variants has not been determined. [provided by RefSeq, Jul 2008].",DNA-binding transcription factor activity; RNA polymerase II cis-regulatory region sequence-specific DNA binding; nucleoplasm; nucleus; protein binding; regulation of DNA-templated transcription; regulation of transcription by RNA polymerase II,"reactome: ATP-dependent chromatin remodelers; reactome: CHD chromatin remodelers; reactome: CHD3, CHD4, CHD5 subfamily; reactome: Chromatin organization; reactome: Interaction of NuRD complexes with transcription factors; reactome: NuRD complex assembly",,,,,,,,
OGDHL,-0.6352570067093737,0.0070655253462277,0.0,0.3176285033546868,oxoglutarate dehydrogenase L,protein-coding,YOBELN,"The protein encoded by this gene is similar to oxoglutarate dehydrogenase (OGDH) of the OGDH complex, which degrades glucose and glutamate. This gene encodes several isoforms, including some that appear to localize to mitochondria. The encoded protein down-regulates the AKT signaling cascade and can suppress the growth of cervical cancer cells. [provided by RefSeq, Dec 2016].","2-oxoglutarate metabolic process; mitochondrial matrix; mitochondrion; oxidoreductase activity, acting on the aldehyde or oxo group of donors, disulfide as acceptor; oxoglutarate dehydrogenase (succinyl-transferring) activity; oxoglutarate dehydrogenase complex; protein binding; thiamine pyrophosphate binding; tricarboxylic acid cycle",kegg: Citrate cycle (TCA cycle) - Homo sapiens (human),,,,,,,,
ITGB8,0.6352392706299028,0.0037260550504898,0.0,0.3176196353149514,integrin subunit beta 8,protein-coding,,"This gene is a member of the integrin beta chain family and encodes a single-pass type I membrane protein with a VWFA domain and four cysteine-rich repeats. This protein noncovalently binds to an alpha subunit to form a heterodimeric integrin complex. In general, integrin complexes mediate cell-cell and cell-extracellular matrix interactions and this complex plays a role in human airway epithelial proliferation. Alternatively spliced variants which encode different protein isoforms have been described; however, not all variants have been fully characterized. [provided by RefSeq, Jul 2008].",anatomical structure morphogenesis; animal gross anatomical part developmental process; cartilage development; cell adhesion; cell adhesion mediated by integrin; cell differentiation; cell migration; cell surface; cell surface receptor signaling pathway; cell-cell adhesion; cell-matrix adhesion; coreceptor activity; extracellular exosome; extracellular matrix protein binding; focal adhesion; integrin alphav-beta8 complex; integrin binding; integrin complex; integrin-mediated signaling pathway; negative regulation of gene expression; placenta blood vessel development; plasma membrane; positive regulation of angiogenesis; positive regulation of gene expression; vasculogenesis,kegg: Arrhythmogenic right ventricular cardiomyopathy - Homo sapiens (human); kegg: Cell adhesion molecules - Homo sapiens (human); kegg: Dilated cardiomyopathy - Homo sapiens (human); kegg: ECM-receptor interaction - Homo sapiens (human); kegg: Focal adhesion - Homo sapiens (human); kegg: Human papillomavirus infection - Homo sapiens (human); kegg: Hypertrophic cardiomyopathy - Homo sapiens (human); kegg: PI3K-Akt signaling pathway - Homo sapiens (human); kegg: Regulation of actin cytoskeleton - Homo sapiens (human); pid: Beta5 beta6 beta7 and beta8 integrin cell surface interactions; reactome: Elastic fibre formation; reactome: Extracellular matrix organization; reactome: Integrin cell surface interactions; reactome: Molecules associated with elastic fibres; reactome: Signal Transduction; reactome: Signaling by TGF-beta Receptor Complex; reactome: Signaling by TGFB family members; reactome: TGF-beta receptor signaling activates SMADs; wikipathways: Arrhythmogenic Right Ventricular Cardiomyopathy; wikipathways: Focal Adhesion; wikipathways: Focal Adhesion-PI3K-Akt-mTOR-signaling pathway; wikipathways: Hippo-Merlin Signaling Dysregulation; wikipathways: Integrin-mediated Cell Adhesion; wikipathways: Mechanoregulation and pathology of YAP-TAZ via Hippo and non-Hippo mechanisms; wikipathways: PI3K-Akt signaling pathway,,,,,,,,
PTGS2,-0.6223322469133659,0.0062231209592895,0.0,0.3111661234566829,prostaglandin-endoperoxide synthase 2,protein-coding,COX-2; COX2; GRIPGHS; PGG/HS; PGHS-2; PHS-2; hCox-2,"Prostaglandin-endoperoxide synthase (PTGS), also known as cyclooxygenase, is the key enzyme in prostaglandin biosynthesis, and acts both as a dioxygenase and as a peroxidase. There are two isozymes of PTGS: a constitutive PTGS1 and an inducible PTGS2, which differ in their regulation of expression and tissue distribution. This gene encodes the inducible isozyme. It is regulated by specific stimulatory events, suggesting that it is responsible for the prostanoid biosynthesis involved in inflammation and mitogenesis. [provided by RefSeq, Feb 2009].","brown fat cell differentiation; cellular oxidant detoxification; cellular response to hypoxia; cellular response to non-ionic osmotic stress; cyclooxygenase pathway; cytoplasm; endoplasmic reticulum; endoplasmic reticulum lumen; endoplasmic reticulum membrane; enzyme binding; heme binding; lipoxygenase pathway; long-chain fatty acid biosynthetic process; negative regulation of apoptotic process; negative regulation of intrinsic apoptotic signaling pathway in response to osmotic stress; neuron projection; nuclear inner membrane; nuclear outer membrane; oxidoreductase activity, acting on paired donors, with incorporation or reduction of molecular oxygen; oxidoreductase activity, acting on single donors with incorporation of molecular oxygen; oxidoreductase activity, acting on single donors with incorporation of molecular oxygen, incorporation of two atoms of oxygen; peroxidase activity; positive regulation of brown fat cell differentiation; positive regulation of cell migration involved in sprouting angiogenesis; positive regulation of fever generation; positive regulation of fibroblast growth factor production; positive regulation of nitric oxide biosynthetic process; positive regulation of platelet-derived growth factor production; positive regulation of prostaglandin biosynthetic process; positive regulation of transforming growth factor beta production; positive regulation of vascular endothelial growth factor production; prostaglandin biosynthetic process; prostaglandin-endoperoxide synthase activity; prostanoid biosynthetic process; protein binding; protein homodimerization activity; regulation of blood pressure; regulation of inflammatory response; regulation of neuroinflammatory response; response to oxidative stress","humancyc: C20 prostanoid biosynthesis; humancyc: aspirin triggered resolvin D biosynthesis; humancyc: aspirin triggered resolvin E biosynthesis; humancyc: aspirin-triggered lipoxin biosynthesis; kegg: Alzheimer disease - Homo sapiens (human); kegg: Arachidonic acid metabolism - Homo sapiens (human); kegg: C-type lectin receptor signaling pathway - Homo sapiens (human); kegg: Chemical carcinogenesis - Homo sapiens (human); kegg: Human cytomegalovirus infection - Homo sapiens (human); kegg: Human papillomavirus infection - Homo sapiens (human); kegg: IL-17 signaling pathway - Homo sapiens (human); kegg: Kaposi sarcoma-associated herpesvirus infection - Homo sapiens (human); kegg: Leishmaniasis - Homo sapiens (human); kegg: MicroRNAs in cancer - Homo sapiens (human); kegg: NF-kappa B signaling pathway - Homo sapiens (human); kegg: Ovarian steroidogenesis - Homo sapiens (human); kegg: Oxytocin signaling pathway - Homo sapiens (human); kegg: Pathways in cancer - Homo sapiens (human); kegg: Pathways of neurodegeneration - multiple diseases - Homo sapiens (human); kegg: Regulation of lipolysis in adipocytes - Homo sapiens (human); kegg: Retrograde endocannabinoid signaling - Homo sapiens (human); kegg: Serotonergic synapse - Homo sapiens (human); kegg: Small cell lung cancer - Homo sapiens (human); kegg: TNF signaling pathway - Homo sapiens (human); kegg: VEGF signaling pathway - Homo sapiens (human); pid: C-MYB transcription factor network; pid: Calcineurin-regulated NFAT-dependent transcription in lymphocytes; pid: Calcium signaling in the CD4+ TCR pathway; pid: S1P1 pathway; pid: Signaling mediated by p38-alpha and p38-beta; reactome: Arachidonate metabolism; reactome: Biosynthesis of DHA-derived SPMs; reactome: Biosynthesis of DPA-derived SPMs; reactome: Biosynthesis of DPAn-3 SPMs; reactome: Biosynthesis of EPA-derived SPMs; reactome: Biosynthesis of electrophilic ω-3 PUFA oxo-derivatives; reactome: Biosynthesis of specialized proresolving mediators (SPMs); reactome: Cytokine Signaling in Immune system; reactome: Fatty acid metabolism; reactome: Immune System; reactome: Interleukin-10 signaling; reactome: Interleukin-4 and Interleukin-13 signaling; reactome: Metabolism; reactome: Metabolism of lipids; reactome: Signaling by Interleukins; reactome: Synthesis of 15-eicosatetraenoic acid derivatives; reactome: Synthesis of Prostaglandins (PG) and Thromboxanes (TX); smpdb: Acetaminophen  Action Pathway; smpdb: Acetylsalicylic Acid Action Pathway; smpdb: Antipyrine Action Pathway; smpdb: Antrafenine Action Pathway; smpdb: Arachidonic Acid Metabolism; smpdb: Bromfenac Action Pathway; smpdb: Carprofen Action Pathway; smpdb: Celecoxib Action Pathway; smpdb: Celecoxib Metabolism Pathway; smpdb: Diclofenac Action Pathway; smpdb: Diflunisal Action Pathway; smpdb: Etodolac Action Pathway; smpdb: Etoposide Action Pathway; smpdb: Etoposide Metabolism Pathway; smpdb: Etoricoxib Action Pathway; smpdb: Fenoprofen Action Pathway; smpdb: Flurbiprofen Action Pathway; smpdb: Ibuprofen Action Pathway; smpdb: Ibuprofen Metabolism Pathway; smpdb: Indomethacin Action Pathway; smpdb: Ketoprofen Action Pathway; smpdb: Ketorolac Action Pathway; smpdb: Leukotriene C4 Synthesis Deficiency; smpdb: Lornoxicam Action Pathway; smpdb: Lumiracoxib Action Pathway; smpdb: Magnesium salicylate Action Pathway; smpdb: Mefenamic Acid Action Pathway; smpdb: Meloxicam Action Pathway; smpdb: Nabumetone Action Pathway; smpdb: Naproxen Action Pathway; smpdb: Nepafenac Action Pathway; smpdb: Oxaprozin Action Pathway; smpdb: Phenylbutazone Action Pathway; smpdb: Piroxicam Action Pathway; smpdb: Rofecoxib Action Pathway; smpdb: Salicylate-sodium Action Pathway; smpdb: Salicylic Acid Action Pathway; smpdb: Salsalate Action Pathway; smpdb: Sulindac Action Pathway; smpdb: Suprofen Action Pathway; smpdb: Tenoxicam Action Pathway; smpdb: Tiaprofenic Acid Action Pathway; smpdb: Tolmetin Action Pathway; smpdb: Trisalicylate-choline Action Pathway; smpdb: Valdecoxib Action Pathway; wikipathways: Aryl Hydrocarbon Receptor Netpath; wikipathways: Aspirin and miRNAs; wikipathways: Chromosomal and microsatellite instability in colorectal cancer; wikipathways: Eicosanoid Synthesis; wikipathways: Eicosanoid metabolism via cyclooxygenases (COX); wikipathways: Gastrin signaling pathway; wikipathways: Glucocorticoid Receptor Pathway; wikipathways: Hepatitis C and Hepatocellular Carcinoma; wikipathways: IL-18 signaling pathway; wikipathways: Nuclear Receptors Meta-Pathway; wikipathways: Overview of nanoparticle effects; wikipathways: Photodynamic therapy-induced HIF-1 survival signaling; wikipathways: Photodynamic therapy-induced NF-kB survival signaling; wikipathways: Prostaglandin Synthesis and Regulation; wikipathways: Relationship between inflammation, COX-2 and EGFR; wikipathways: Selenium Micronutrient Network; wikipathways: Small cell lung cancer; wikipathways: Spinal Cord Injury; wikipathways: VEGFA-VEGFR2 Signaling Pathway",,,,,,,,
HVCN1,0.6156990137240745,0.0091593413781506,0.0,0.3078495068620372,hydrogen voltage gated channel 1,protein-coding,HV1; VSOP,"This gene encodes a voltage-gated protein channel protein expressed more highly in certain cells of the immune system. Phagocytic cells produce superoxide anions which require this channel protein, and in B cells this same process facilitates antibody production. This same channel protein, however, can also regulate functions in other cells including spermatozoa. Multiple transcript variants encoding different isoforms have been found for this gene. [provided by RefSeq, Jan 2012].",apical plasma membrane; cell redox homeostasis; cellular response to pH; cellular response to zinc ion; identical protein binding; membrane; monoatomic ion channel activity; monoatomic ion transport; phagocytic vesicle membrane; plasma membrane; protein binding; protein homodimerization activity; proton transmembrane transport; regulation of acrosome reaction; regulation of intracellular pH; regulation of reactive oxygen species biosynthetic process; response to pH; response to zinc ion; secretory granule membrane; specific granule membrane; sperm flagellum; transmembrane transport; voltage-gated monoatomic cation channel activity; voltage-gated proton channel activity,reactome: Fertilization; reactome: Immune System; reactome: Innate Immune System; reactome: Neutrophil degranulation; reactome: ROS and RNS production in phagocytes; reactome: Reproduction; reactome: Sperm Motility And Taxes,,,,,,,,
ADAM11,-0.6108478658300376,0.0023829143536041,0.0,0.3054239329150188,ADAM metallopeptidase domain 11,protein-coding,MDC,"This gene encodes a member of the ADAM (a disintegrin and metalloprotease) protein family. Members of this family are membrane-anchored proteins structurally related to snake venom disintegrins, and have been implicated in a variety of biological processes involving cell-cell and cell-matrix interactions, including fertilization, muscle development, and neurogenesis. The encoded preproprotein is proteolytically processed to generate the mature protease. This gene represents a candidate tumor suppressor gene for human breast cancer based on its location within a minimal region of chromosome 17q21 previously defined by tumor deletion mapping. Alternative splicing results in multiple transcript variants, at least one of which encodes an isoform that is proteolytically processed. [provided by RefSeq, Jan 2016].",axon; behavioral response to acetic acid induced pain; behavioral response to formalin induced pain; establishment of protein localization; extracellular matrix; integrin binding; integrin-mediated signaling pathway; metalloendopeptidase activity; metallopeptidase activity; multicellular organismal response to stress; perikaryon; plasma membrane; presynaptic membrane; proteolysis,reactome: Developmental Biology; reactome: LGI-ADAM interactions,,,,,,,,
IRAK2,0.6027595137634973,0.0070721339459424,0.0,0.3013797568817487,interleukin 1 receptor associated kinase 2,protein-coding,IDAAI; IRAK-2,"IRAK2 encodes the interleukin-1 receptor-associated kinase 2, one of two putative serine/threonine kinases that become associated with the interleukin-1 receptor (IL1R) upon stimulation. IRAK2 is reported to participate in the IL1-induced upregulation of NF-kappaB. [provided by RefSeq, Jul 2008].",ATP binding; MyD88-dependent toll-like receptor signaling pathway; NLRP3 inflammasome complex assembly; Toll signaling pathway; canonical NF-kappaB signal transduction; cytoplasm; cytosol; endosome membrane; inflammatory response; interleukin-1-mediated signaling pathway; intracellular signal transduction; lipopolysaccharide-mediated signaling pathway; molecular adaptor activity; negative regulation of canonical NF-kappaB signal transduction; nucleus; plasma membrane; positive regulation of canonical NF-kappaB signal transduction; protein binding; protein heterodimerization activity; protein homodimerization activity; protein phosphorylation; regulation of MAP kinase activity; regulation of cytokine-mediated signaling pathway; response to interleukin-1; serine/threonine protein kinase complex; signal transduction; signaling adaptor activity; toll-like receptor 4 signaling pathway; toll-like receptor signaling pathway,"biocarta: signal transduction through il1r; kegg: Neurotrophin signaling pathway - Homo sapiens (human); kegg: Tuberculosis - Homo sapiens (human); netpath: IL1; pid: Endogenous TLR signaling; reactome: Cytokine Signaling in Immune system; reactome: Disease; reactome: IRAK2 mediated activation of TAK1 complex; reactome: IRAK2 mediated activation of TAK1 complex upon TLR7/8 or 9 stimulation; reactome: Immune System; reactome: Infectious disease; reactome: Innate Immune System; reactome: Interleukin-1 family signaling; reactome: Interleukin-1 signaling; reactome: Interleukin-17 signaling; reactome: JNK (c-Jun kinases) phosphorylation and  activation mediated by activated human TAK1; reactome: MAP kinase activation; reactome: MyD88 cascade initiated on plasma membrane; reactome: MyD88 dependent cascade initiated on endosome; reactome: MyD88-independent TLR4 cascade ; reactome: MyD88:MAL(TIRAP) cascade initiated on plasma membrane; reactome: NOD1/2 Signaling Pathway; reactome: Nucleotide-binding domain, leucine rich repeat containing receptor (NLR) signaling pathways; reactome: SARS-CoV Infections; reactome: SARS-CoV-1 Infection; reactome: SARS-CoV-1 activates/modulates innate immune responses; reactome: SARS-CoV-1-host interactions; reactome: SARS-CoV-2 Infection; reactome: SARS-CoV-2 activates/modulates innate and adaptive immune responses; reactome: SARS-CoV-2-host interactions; reactome: Signaling by Interleukins; reactome: TAK1-dependent IKK and NF-kappa-B activation  ; reactome: TRAF6 mediated induction of NFkB and MAP kinases upon TLR7/8 or 9 activation; reactome: TRAF6-mediated induction of TAK1 complex within TLR4 complex; reactome: TRIF (TICAM1)-mediated TLR4 signaling ; reactome: Toll Like Receptor 10 (TLR10) Cascade; reactome: Toll Like Receptor 2 (TLR2) Cascade; reactome: Toll Like Receptor 3 (TLR3) Cascade; reactome: Toll Like Receptor 4 (TLR4) Cascade; reactome: Toll Like Receptor 5 (TLR5) Cascade; reactome: Toll Like Receptor 7/8 (TLR7/8) Cascade; reactome: Toll Like Receptor 9 (TLR9) Cascade; reactome: Toll Like Receptor TLR1:TLR2 Cascade; reactome: Toll Like Receptor TLR6:TLR2 Cascade; reactome: Toll-like Receptor Cascades; reactome: Viral Infection Pathways; reactome: activated TAK1 mediates p38 MAPK activation; wikipathways: Fibrin Complement Receptor 3 Signaling Pathway; wikipathways: IL-1 signaling pathway; wikipathways: Regulation of toll-like receptor signaling pathway; wikipathways: Signal transduction through IL1R; wikipathways: Structural Pathway of Interleukin 1 (IL-1)",,,,,,,,
GRM8,-0.5946878372010507,0.0041610152621408,0.0,0.2973439186005253,glutamate metabotropic receptor 8,protein-coding,GLUR8; GPRC1H; MGLUR8; mGlu8,"L-glutamate is the major excitatory neurotransmitter in the central nervous system and activates both ionotropic and metabotropic glutamate receptors. Glutamatergic neurotransmission is involved in most aspects of normal brain function and can be perturbed in many neuropathologic conditions. The metabotropic glutamate receptors are a family of G protein-coupled receptors, that have been divided into 3 groups on the basis of sequence homology, putative signal transduction mechanisms, and pharmacologic properties. Group I includes GRM1 and GRM5 and these receptors have been shown to activate phospholipase C. Group II includes GRM2 and GRM3 while Group III includes GRM4, GRM6, GRM7 and GRM8. Group II and III receptors are linked to the inhibition of the cyclic AMP cascade but differ in their agonist selectivities. Alternatively spliced transcript variants encoding different isoforms have been described for this gene. [provided by RefSeq, Jul 2008].","G protein-coupled glutamate receptor signaling pathway; G protein-coupled receptor activity; G protein-coupled receptor signaling pathway; adenylate cyclase-inhibiting G protein-coupled glutamate receptor signaling pathway; adenylate cyclase-inhibiting G protein-coupled receptor signaling pathway; glutamate receptor activity; group III metabotropic glutamate receptor activity; membrane; plasma membrane; regulation of synaptic transmission, glutamatergic; visual perception","kegg: Glutamatergic synapse - Homo sapiens (human); kegg: Neuroactive ligand-receptor interaction - Homo sapiens (human); kegg: Phospholipase D signaling pathway - Homo sapiens (human); reactome: Class C/3 (Metabotropic glutamate/pheromone receptors); reactome: G alpha (i) signalling events; reactome: GPCR downstream signalling; reactome: GPCR ligand binding; reactome: Signal Transduction; reactome: Signaling by GPCR; wikipathways: GPCRs, Class C Metabotropic glutamate, pheromone; wikipathways: GPCRs, Other",,,,,,,,
SHD,-0.5890737199722499,0.0017536129521315,0.0,0.2945368599861249,Src homology 2 domain containing transforming protein D,protein-coding,,"Predicted to enable phosphotyrosine residue binding activity. [provided by Alliance of Genome Resources, Apr 2022]",phosphotyrosine residue binding; protein binding,,,,,,,,,
ACSL6,-0.5839895152948502,0.0007458299482065,0.0,0.2919947576474251,acyl-CoA synthetase long chain family member 6,protein-coding,ACS2; FACL6; LACS 6; LACS2; LACS5,"The protein encoded by this gene catalyzes the formation of acyl-CoA from fatty acids, ATP, and CoA, using magnesium as a cofactor. The encoded protein plays a major role in fatty acid metabolism in the brain. Translocations with the ETV6 gene are causes of myelodysplastic syndrome with basophilia, acute myelogenous leukemia with eosinophilia, and acute eosinophilic leukemia. Several transcript variants encoding different isoforms have been found for this gene.[provided by RefSeq, Apr 2011].",acyl-CoA metabolic process; arachidonate-CoA ligase activity; endoplasmic reticulum; endoplasmic reticulum membrane; enzyme binding; fatty acid metabolic process; long-chain fatty acid metabolic process; long-chain fatty acid-CoA ligase activity; long-chain fatty-acyl-CoA biosynthetic process; membrane; mitochondrial outer membrane; peroxisomal membrane; plasma membrane; protein binding; protein homodimerization activity; very long-chain fatty acid metabolic process,humancyc: &gamma;-linolenate biosynthesis; humancyc: eicosapentaenoate biosynthesis; humancyc: fatty acid &beta;-oxidation; humancyc: fatty acid &beta;-oxidation (peroxisome); humancyc: fatty acid activation; kegg: Adipocytokine signaling pathway - Homo sapiens (human); kegg: Fatty acid biosynthesis - Homo sapiens (human); kegg: Fatty acid degradation - Homo sapiens (human); kegg: Ferroptosis - Homo sapiens (human); kegg: PPAR signaling pathway - Homo sapiens (human); kegg: Peroxisome - Homo sapiens (human); kegg: Thermogenesis - Homo sapiens (human); reactome: Fatty acid metabolism; reactome: Fatty acyl-CoA biosynthesis; reactome: Metabolism; reactome: Metabolism of lipids; reactome: Synthesis of very long-chain fatty acyl-CoAs; wikipathways: Fatty Acid Biosynthesis; wikipathways: Fatty acid beta-oxidation; wikipathways: Fatty acid transporters; wikipathways: Ferroptosis; wikipathways: PPAR signaling pathway; wikipathways: Thermogenesis,,,,,,,,
SNORA77,0.5813066196769257,0.0077744889276409,0.0,0.2906533098384628,"small nucleolar RNA, H/ACA box 77",snoRNA,ACA63; SNORA77A,,,,,,,,,,,
FBXW7,-0.5588569709771969,0.0067455224999539,0.0,0.2794284854885984,F-box and WD repeat domain containing 7,protein-coding,AGO; CDC4; DEDHIL; FBW6; FBW7; FBX30; FBXW6; SEL-10; SEL10; hAgo; hCdc4,"This gene encodes a member of the F-box protein family which is characterized by an approximately 40 amino acid motif, the F-box. The F-box proteins constitute one of the four subunits of ubiquitin protein ligase complex called SCFs (SKP1-cullin-F-box), which function in phosphorylation-dependent ubiquitination. The F-box proteins are divided into 3 classes: Fbws containing WD-40 domains, Fbls containing leucine-rich repeats, and Fbxs containing either different protein-protein interaction modules or no recognizable motifs. The protein encoded by this gene was previously referred to as FBX30, and belongs to the Fbws class; in addition to an F-box, this protein contains 7 tandem WD40 repeats. This protein binds directly to cyclin E and probably targets cyclin E for ubiquitin-mediated degradation. Mutations in this gene are detected in ovarian and breast cancer cell lines, implicating the gene's potential role in the pathogenesis of human cancers. Multiple transcript variants encoding different isoforms have been found for this gene. [provided by RefSeq, Mar 2012].",DNA damage response; Parkin-FBXW7-Cul1 ubiquitin ligase complex; SCF ubiquitin ligase complex; SCF-dependent proteasomal ubiquitin-dependent protein catabolic process; animal gross anatomical part developmental process; cellular response to UV; chromosome; cyclin binding; cytoplasm; cytosol; identical protein binding; lipid homeostasis; negative regulation of Notch signaling pathway; negative regulation of SREBP signaling pathway; negative regulation of gene expression; negative regulation of hepatocyte proliferation; negative regulation of osteoclast development; negative regulation of triglyceride biosynthetic process; nucleolus; nucleoplasm; nucleus; phosphothreonine residue binding; positive regulation of ERK1 and ERK2 cascade; positive regulation of epidermal growth factor receptor signaling pathway; positive regulation of oxidative stress-induced neuron intrinsic apoptotic signaling pathway; positive regulation of proteasomal protein catabolic process; positive regulation of protein localization to mitochondrion; positive regulation of protein ubiquitination; positive regulation of ubiquitin-dependent protein catabolic process; proteasome-mediated ubiquitin-dependent protein catabolic process; protein binding; protein stabilization; protein ubiquitination; protein-containing complex; protein-macromolecule adaptor activity; regulation of cell cycle G1/S phase transition; regulation of circadian rhythm; regulation of lipid storage; regulation of mitophagy; regulation of mitotic cell cycle; regulation of protein localization; sister chromatid cohesion; system development; ubiquitin protein ligase binding; ubiquitin-like ligase-substrate adaptor activity; ubiquitin-protein transferase activator activity; vasculature development,biocarta: cyclin e destruction pathway; kegg: Ubiquitin mediated proteolysis - Homo sapiens (human); netpath: Notch; netpath: TNFalpha; pid: C-MYC pathway; pid: Validated transcriptional targets of deltaNp63 isoforms; reactome: Adaptive Immune System; reactome: Antigen processing: Ubiquitination & Proteasome degradation; reactome: Association of TriC/CCT with target proteins during biosynthesis; reactome: Chaperonin-mediated protein folding; reactome: Class I MHC mediated antigen processing & presentation; reactome: Constitutive Signaling by NOTCH1 HD+PEST Domain Mutants; reactome: Constitutive Signaling by NOTCH1 PEST Domain Mutants; reactome: Disease; reactome: Diseases of signal transduction by growth factor receptors and second messengers; reactome: FBXW7 Mutants and NOTCH1 in Cancer; reactome: Immune System; reactome: Loss of Function of FBXW7 in Cancer and NOTCH1 Signaling; reactome: Metabolism of proteins; reactome: NOTCH1 Intracellular Domain Regulates Transcription; reactome: Neddylation; reactome: Negative regulation of NOTCH4 signaling; reactome: Post-translational protein modification; reactome: Protein folding; reactome: Signal Transduction; reactome: Signaling by NOTCH; reactome: Signaling by NOTCH1; reactome: Signaling by NOTCH1 HD+PEST Domain Mutants in Cancer; reactome: Signaling by NOTCH1 PEST Domain Mutants in Cancer; reactome: Signaling by NOTCH1 in Cancer; reactome: Signaling by NOTCH4; wikipathways: 3q29 copy number variation syndrome; wikipathways: IL-18 signaling pathway; wikipathways: Notch Signaling Pathway Netpath; wikipathways: Parkin-Ubiquitin Proteasomal System pathway; wikipathways: Pathways affected in adenoid cystic carcinoma,,,,,,,,
JUP,0.548871158509213,0.0025824883973548,0.0,0.2744355792546065,junction plakoglobin,protein-coding,CTNNG; DP3; DPIII; PDGB; PG; PKGB,"This gene encodes a major cytoplasmic protein which is the only known constituent common to submembranous plaques of both desmosomes and intermediate junctions. This protein forms distinct complexes with cadherins and desmosomal cadherins and is a member of the catenin family since it contains a distinct repeating amino acid motif called the armadillo repeat. Mutation in this gene has been associated with Naxos disease. Alternative splicing occurs in this gene; however, not all transcripts have been fully described. [provided by RefSeq, Jul 2008].",Z disc; adherens junction; alpha-catenin binding; anchoring junction; axon; bundle of His cell-Purkinje myocyte adhesion involved in cell communication; cadherin binding; canonical Wnt signaling pathway; catenin complex; catenin-TCF7L2 complex; cell adhesion; cell adhesion molecule binding; cell adhesive protein binding involved in bundle of His cell-Purkinje myocyte communication; cell junction; cell migration; cell-cell adhesion; cell-cell junction; cellular response to indole-3-methanol; cornified envelope; cytoplasm; cytoplasmic side of plasma membrane; cytoskeletal protein-membrane anchor activity; cytoskeleton; cytosol; desmosome; desmosome assembly; detection of mechanical stimulus; endothelial cell-cell adhesion; extracellular exosome; extracellular region; ficolin-1-rich granule lumen; focal adhesion; gamma-catenin-TCF7L2 complex; hemidesmosome; intercalated disc; intermediate filament; membrane; negative regulation of blood vessel endothelial cell migration; nuclear receptor binding; nucleus; plasma membrane; positive regulation of angiogenesis; positive regulation of axon extension; positive regulation of canonical Wnt signaling pathway; positive regulation of cell-matrix adhesion; positive regulation of protein import into nucleus; positive regulation of protein localization; positive regulation of transcription by RNA polymerase II; protein binding; protein localization to plasma membrane; protein phosphatase binding; protein-DNA complex; regulation of cell population proliferation; regulation of heart rate by cardiac conduction; regulation of ventricular cardiac muscle cell action potential; specific granule lumen; structural molecule activity; transcription coactivator activity; zonula adherens,"kegg: Acute myeloid leukemia - Homo sapiens (human); kegg: Arrhythmogenic right ventricular cardiomyopathy - Homo sapiens (human); kegg: Gastric cancer - Homo sapiens (human); kegg: Pathways in cancer - Homo sapiens (human); kegg: Transcriptional misregulation in cancer - Homo sapiens (human); netpath: EGFR1; netpath: Wnt; pid: E-cadherin signaling in keratinocytes; pid: E-cadherin signaling in the nascent adherens junction; pid: N-cadherin signaling events; pid: Posttranslational regulation of adherens junction stability and dissassembly; reactome: Activation of STAT3 by cadherin engagement; reactome: Adherens junctions interactions; reactome: CDC42 GTPase cycle; reactome: CDH11 homotypic and heterotypic interactions; reactome: Cell junction organization; reactome: Cell-Cell communication; reactome: Cell-cell junction organization; reactome: Degradation of CDH1; reactome: Developmental Biology; reactome: Formation of the cornified envelope; reactome: Immune System; reactome: Innate Immune System; reactome: Keratinization; reactome: Neutrophil degranulation; reactome: RHO GTPase cycle; reactome: RHOA GTPase cycle; reactome: RHOB GTPase cycle; reactome: RHOC GTPase cycle; reactome: RHOH GTPase cycle; reactome: RHOJ GTPase cycle; reactome: RHOQ GTPase cycle; reactome: Regulation of CDH1 Expression and Function; reactome: Regulation of CDH1 Function; reactome: Regulation of CDH1 posttranslational processing and trafficking to plasma membrane; reactome: Regulation of CDH11 Expression and Function; reactome: Regulation of CDH11 function; reactome: Regulation of CDH19 Expression and Function; reactome: Regulation of Expression and Function of Type I Classical Cadherins; reactome: Regulation of Expression and Function of Type II Classical Cadherins; reactome: Regulation of Homotypic Cell-Cell Adhesion; reactome: SRC activates STAT3 in a quantitative manner, through Cadherin-11 (CDH11), RAC1 and gp130 (IL6ST); reactome: Signal Transduction; reactome: Signaling by Receptor Tyrosine Kinases; reactome: Signaling by Rho GTPases; reactome: Signaling by Rho GTPases, Miro GTPases and RHOBTB3; reactome: Signaling by VEGF; reactome: VEGFA-VEGFR2 Pathway; reactome: VEGFR2 mediated vascular permeability; wikipathways: Arrhythmogenic Right Ventricular Cardiomyopathy; wikipathways: Corticotropin-releasing hormone signaling pathway; wikipathways: Ectoderm Differentiation; wikipathways: Epithelial to mesenchymal transition in colorectal cancer",,,,,,,,
RFTN2,0.5427608855567154,0.0085455034509999,0.0,0.2713804427783577,raftlin family member 2,protein-coding,C2orf11; Raftlin-2,"Predicted to act upstream of or within dsRNA transport and response to exogenous dsRNA. Predicted to be located in plasma membrane. [provided by Alliance of Genome Resources, Apr 2022]",plasma membrane; protein binding,,,,,,,,,
PTPN5,-0.5358324384316981,0.0054130173821505,0.0,0.267916219215849,protein tyrosine phosphatase non-receptor type 5,protein-coding,PTPSTEP; STEP; STEP61,"Enables phosphotyrosine residue binding activity. Predicted to be involved in peptidyl-tyrosine dephosphorylation. Predicted to act upstream of or within protein dephosphorylation. Predicted to be located in nucleoplasm. Predicted to be integral component of membrane. Biomarker of Alzheimer's disease. [provided by Alliance of Genome Resources, Apr 2022]",cell junction; cytosol; endoplasmic reticulum membrane; membrane; nucleoplasm; phosphotyrosine residue binding; plasma membrane; protein binding; protein dephosphorylation; protein kinase binding; protein tyrosine phosphatase activity; signal transduction,kegg: MAPK signaling pathway - Homo sapiens (human); reactome: Cytokine Signaling in Immune system; reactome: Immune System; reactome: Interleukin-1 family signaling; reactome: Interleukin-37 signaling; reactome: Signaling by Interleukins; wikipathways: EGF-EGFR signaling pathway; wikipathways: Fragile X Syndrome; wikipathways: MAPK Signaling Pathway,,,,,,,,
GLTP,0.5311330551950686,0.0072279947788541,0.0,0.2655665275975343,glycolipid transfer protein,protein-coding,,"The protein encoded by this gene is similar to bovine and porcine proteins which accelerate transfer of certain glycosphingolipids and glyceroglycolipids between membranes. It is thought to be a cytoplasmic protein. [provided by RefSeq, Jul 2008].",ceramide 1-phosphate binding; ceramide 1-phosphate transfer activity; ceramide 1-phosphate transport; ceramide transport; cytoplasm; cytosol; endoplasmic reticulum to Golgi vesicle-mediated transport; glycolipid binding; glycolipid transfer activity; glycolipid transport; identical protein binding; intermembrane lipid transfer; lipid binding; lipid sensor activity; lipid transfer activity; membrane; protein binding; regulation of glucosylceramide biosynthetic process; response to immobilization stress,reactome: Glycosphingolipid transport; reactome: Transport of small molecules,,,,,,,,
GRIA3,-0.5310144041978022,0.0040302495144561,0.0,0.2655072020989011,glutamate ionotropic receptor AMPA type subunit 3,protein-coding,GLUR-C; GLUR-K3; GLUR3; GLURC; GluA3; MRX94; MRXSW; iGluR3,"Glutamate receptors are the predominant excitatory neurotransmitter receptors in the mammalian brain and are activated in a variety of normal neurophysiologic processes. These receptors are heteromeric protein complexes composed of multiple subunits, arranged to form ligand-gated ion channels. The classification of glutamate receptors is based on their activation by different pharmacologic agonists. The subunit encoded by this gene belongs to a family of AMPA (alpha-amino-3-hydroxy-5-methyl-4-isoxazole propionate)-sensitive glutamate receptors, and is subject to RNA editing (AGA->GGA; R->G). Alternative splicing at this locus results in different isoforms, which may vary in their signal transduction properties. [provided by RefSeq, Jul 2008].","AMPA glutamate receptor activity; AMPA glutamate receptor complex; amyloid-beta binding; calcium-mediated signaling; dendritic spine; endocytic vesicle membrane; glutamate receptor signaling pathway; glutamate-gated calcium ion channel activity; glutamate-gated receptor activity; ionotropic glutamate receptor signaling pathway; ligand-gated monoatomic ion channel activity; ligand-gated monoatomic ion channel activity involved in regulation of presynaptic membrane potential; long-term synaptic potentiation; membrane; modulation of chemical synaptic transmission; monoatomic ion channel activity; monoatomic ion transmembrane transport; monoatomic ion transport; plasma membrane; postsynaptic density membrane; postsynaptic membrane; protein binding; protein heterotetramerization; protein homotetramerization; regulation of postsynaptic membrane potential; regulation of presynaptic membrane potential; signaling receptor activity; synaptic transmission, glutamatergic; transmitter-gated monoatomic ion channel activity involved in regulation of postsynaptic membrane potential","kegg: Amphetamine addiction - Homo sapiens (human); kegg: Circadian entrainment - Homo sapiens (human); kegg: Dopaminergic synapse - Homo sapiens (human); kegg: Glutamatergic synapse - Homo sapiens (human); kegg: Huntington disease - Homo sapiens (human); kegg: Long-term depression - Homo sapiens (human); kegg: Neuroactive ligand-receptor interaction - Homo sapiens (human); kegg: Nicotine addiction - Homo sapiens (human); kegg: Pathways of neurodegeneration - multiple diseases - Homo sapiens (human); kegg: Retrograde endocannabinoid signaling - Homo sapiens (human); kegg: Spinocerebellar ataxia - Homo sapiens (human); kegg: Transcriptional misregulation in cancer - Homo sapiens (human); kegg: cAMP signaling pathway - Homo sapiens (human); reactome: Activation of AMPA receptors; reactome: Activation of NMDA receptors and postsynaptic events; reactome: Glutamate binding, activation of AMPA receptors and synaptic plasticity; reactome: Neuronal System; reactome: Neurotransmitter receptors and postsynaptic signal transmission; reactome: Protein-protein interactions at synapses; reactome: Synaptic adhesion-like molecules; reactome: Trafficking of AMPA receptors; reactome: Trafficking of GluR2-containing AMPA receptors; reactome: Transmission across Chemical Synapses; reactome: Unblocking of NMDA receptors, glutamate binding and activation; wikipathways: Brain-derived neurotrophic factor (BDNF) signaling pathway; wikipathways: Common Pathways Underlying Drug Addiction; wikipathways: MECP2 and Associated Rett Syndrome; wikipathways: PKC-gamma calcium signaling pathway in ataxia",,,,,,,,
ABCD4,0.5299572284589207,0.005753245639479,0.0,0.2649786142294603,ATP binding cassette subfamily D member 4,protein-coding,ABC41; EST352188; MAHCJ; P70R; P79R; PMP69; PXMP1L,"The protein encoded by this gene is a member of the superfamily of ATP-binding cassette (ABC) transporters. ABC proteins transport various molecules across extra- and intra-cellular membranes. ABC genes are divided into seven distinct subfamilies (ABC1, MDR/TAP, MRP, ALD, OABP, GCN20, White). This protein is a member of the ALD subfamily, which is involved in peroxisomal import of fatty acids and/or fatty acyl-CoAs in the organelle. All known peroxisomal ABC transporters are half transporters which require a partner half transporter molecule to form a functional homodimeric or heterodimeric transporter. The function of this peroxisomal membrane protein is unknown. However, it is speculated that it may function as a heterodimer for another peroxisomal ABC transporter and, therefore, may modify the adrenoleukodystrophy phenotype. It may also play a role in the process of peroxisome biogenesis. Alternative splicing results in several protein-coding and non-protein-coding variants. [provided by RefSeq, Jul 2017].",ABC-type transporter activity; ABC-type vitamin B12 transporter activity; ATP binding; ATP hydrolysis activity; ATP-binding cassette (ABC) transporter complex; ATPase-coupled transmembrane transporter activity; cobalamin metabolic process; cobalamin transport; endoplasmic reticulum membrane; fatty acid beta-oxidation; identical protein binding; long-chain fatty acid import into peroxisome; long-chain fatty acid transmembrane transporter activity; lysosomal membrane; membrane; peroxisomal membrane; peroxisome; peroxisome organization; protein binding; transmembrane transport; very long-chain fatty acid catabolic process,"kegg: ABC transporters - Homo sapiens (human); kegg: Peroxisome - Homo sapiens (human); reactome: ABC transporter disorders; reactome: Cobalamin (Cbl, vitamin B12) transport and metabolism; reactome: Defective ABCD4 causes MAHCJ; reactome: Defects in cobalamin (B12) metabolism; reactome: Defects in vitamin and cofactor metabolism; reactome: Disease; reactome: Diseases of metabolism; reactome: Disorders of transmembrane transporters; reactome: Metabolism; reactome: Metabolism of vitamins and cofactors; reactome: Metabolism of water-soluble vitamins and cofactors; reactome: Transport of RCbl within the body; reactome: Uptake of dietary cobalamins into enterocytes",,,,,,,,
YWHAG,-0.5264359893082284,0.0057262155265269,0.0,0.2632179946541142,tyrosine 3-monooxygenase/tryptophan 5-monooxygenase activation protein gamma,protein-coding,14-3-3GAMMA; DEE56; EIEE56; PPP1R170,"This gene product belongs to the 14-3-3 family of proteins which mediate signal transduction by binding to phosphoserine-containing proteins. This highly conserved protein family is found in both plants and mammals, and this protein is 100% identical to the rat ortholog. It is induced by growth factors in human vascular smooth muscle cells, and is also highly expressed in skeletal and heart muscles, suggesting an important role for this protein in muscle tissue. It has been shown to interact with RAF1 and protein kinase C, proteins involved in various signal transduction pathways. [provided by RefSeq, Jul 2008].",RNA binding; cellular response to glucose starvation; cellular response to insulin stimulus; cytoplasm; cytosol; extracellular exosome; focal adhesion; identical protein binding; insulin-like growth factor receptor binding; intracellular protein localization; membrane; mitochondrial matrix; negative regulation of TORC1 signaling; negative regulation of protein kinase activity; nucleus; phosphorylation-dependent protein binding; positive regulation of T cell activation; positive regulation of T cell mediated immune response to tumor cell; positive regulation of cell-cell adhesion; presynapse; protein binding; protein domain specific binding; protein kinase C binding; protein kinase C inhibitor activity; protein sequestering activity; receptor tyrosine kinase binding; regulation of neuron differentiation; regulation of protein localization; regulation of signal transduction; regulation of synaptic plasticity; signal transduction; synapse; vesicle,"kegg: Cell cycle - Homo sapiens (human); kegg: Hepatitis C - Homo sapiens (human); kegg: Hippo signaling pathway - Homo sapiens (human); kegg: Oocyte meiosis - Homo sapiens (human); kegg: PI3K-Akt signaling pathway - Homo sapiens (human); kegg: Viral carcinogenesis - Homo sapiens (human); netpath: Prolactin; netpath: TNFalpha; pid: Class I PI3K signaling events mediated by Akt; pid: ErbB1 downstream signaling; pid: FoxO family signaling; pid: IL3-mediated signaling events; pid: Insulin-mediated glucose transport; pid: LKB1 signaling events; pid: PDGFR-beta signaling pathway; pid: Regulation of nuclear beta catenin signaling and target gene transcription; pid: Role of Calcineurin-dependent NFAT signaling in lymphocytes; pid: Trk receptor signaling mediated by PI3K and PLC-gamma; pid: a6b1 and a6b4 Integrin signaling; pid: mTOR signaling pathway; pid: p38 signaling mediated by MAPKAP kinases; reactome: AURKA Activation by TPX2; reactome: Activation of BAD and translocation to mitochondria ; reactome: Activation of BH3-only proteins; reactome: Adaptive Immune System; reactome: Anchoring of the basal body to the plasma membrane; reactome: Apoptosis; reactome: Assembly of the 9+0 primary cilium; reactome: Cell Cycle; reactome: Cell Cycle Checkpoints; reactome: Cell Cycle, Mitotic; reactome: Centrosome maturation; reactome: Chk1/Chk2(Cds1) mediated inactivation of Cyclin B:Cdk1 complex; reactome: Cilium Assembly; reactome: Co-inhibition by PD-1; reactome: Developmental Biology; reactome: Disease; reactome: FOXO-mediated transcription; reactome: G2/M Checkpoints; reactome: G2/M DNA damage checkpoint; reactome: G2/M Transition; reactome: Gene expression (Transcription); reactome: Generic Transcription Pathway; reactome: Immune System; reactome: Infectious disease; reactome: Intrinsic Pathway for Apoptosis; reactome: Loss of Nlp from mitotic centrosomes; reactome: Loss of proteins required for interphase microtubule organization from the centrosome; reactome: M Phase; reactome: MITF-M-regulated melanocyte development; reactome: Membrane Trafficking; reactome: Mitotic G2-G2/M phases; reactome: Mitotic Prometaphase; reactome: Organelle biogenesis and maintenance; reactome: Programmed Cell Death; reactome: RHO GTPase Effectors; reactome: RHO GTPases activate PKNs; reactome: RNA Polymerase II Transcription; reactome: Recruitment of NuMA to mitotic centrosomes; reactome: Recruitment of mitotic centrosome proteins and complexes; reactome: Regulation of PD-L1(CD274) Post-translational modification; reactome: Regulation of PD-L1(CD274) expression; reactome: Regulation of PLK1 Activity at G2/M Transition; reactome: Regulation of T cell activation by CD28 family; reactome: Regulation of localization of FOXO transcription factors; reactome: SARS-CoV Infections; reactome: SARS-CoV-1 Infection; reactome: SARS-CoV-1 targets host intracellular signalling and regulatory pathways; reactome: SARS-CoV-1-host interactions; reactome: SARS-CoV-2 Infection; reactome: SARS-CoV-2 targets host intracellular signalling and regulatory pathways; reactome: SARS-CoV-2-host interactions; reactome: SPOP-mediated proteasomal degradation of PD-L1(CD274); reactome: Signal Transduction; reactome: Signaling by Rho GTPases; reactome: Signaling by Rho GTPases, Miro GTPases and RHOBTB3; reactome: TP53 Regulates Metabolic Genes; reactome: Transcriptional Regulation by TP53; reactome: Transcriptional and post-translational regulation of MITF-M expression and activity; reactome: Translocation of SLC2A4 (GLUT4) to the plasma membrane; reactome: Vesicle-mediated transport; reactome: Viral Infection Pathways; wikipathways: Calcium Regulation in the Cardiac Cell; wikipathways: Cell cycle; wikipathways: Disruption of postsynaptic signaling by CNV; wikipathways: Myometrial relaxation and contraction pathways; wikipathways: Prolactin Signaling Pathway; wikipathways: Sudden Infant Death Syndrome (SIDS) Susceptibility Pathways",,,,,,,,
CA2,0.5230870111641419,0.0091103708175644,0.0,0.2615435055820709,carbonic anhydrase 2,protein-coding,CA-II; CAC; CAII; Car2; HEL-76; HEL-S-282,"The protein encoded by this gene is one of several isozymes of carbonic anhydrase, which catalyzes reversible hydration of carbon dioxide. Defects in this enzyme are associated with osteopetrosis and renal tubular acidosis. Two transcript variants encoding different isoforms have been found for this gene. [provided by RefSeq, Jun 2014].",angiotensin-activated signaling pathway; apical part of cell; arylesterase activity; carbonate dehydratase activity; cyanamide hydratase activity; cytoplasm; cytosol; extracellular exosome; myelin sheath; plasma membrane; positive regulation of dipeptide transmembrane transport; protein binding; regulation of intracellular pH; regulation of monoatomic anion transport; zinc ion binding,kegg: Bile secretion - Homo sapiens (human); kegg: Collecting duct acid secretion - Homo sapiens (human); kegg: Gastric acid secretion - Homo sapiens (human); kegg: Nitrogen metabolism - Homo sapiens (human); kegg: Pancreatic secretion - Homo sapiens (human); kegg: Proximal tubule bicarbonate reclamation - Homo sapiens (human); reactome: Developmental Biology; reactome: Developmental Cell Lineages; reactome: Developmental Cell Lineages of the Exocrine Pancreas; reactome: Developmental Lineage of Pancreatic Ductal Cells; reactome: Erythrocytes take up carbon dioxide and release oxygen; reactome: Erythrocytes take up oxygen and release carbon dioxide; reactome: Metabolism; reactome: O2/CO2 exchange in erythrocytes; reactome: Reversible hydration of carbon dioxide; reactome: Transport of small molecules; wikipathways: Proximal tubule transport,,,,,,,,
E2F3,-0.5228735243096998,6.448537184651977e-05,0.0,0.2614367621548499,E2F transcription factor 3,protein-coding,E2F-3,"This gene encodes a member of a small family of transcription factors that function through binding of DP interaction partner proteins. The encoded protein recognizes a specific sequence motif in DNA and interacts directly with the retinoblastoma protein (pRB) to regulate the expression of genes involved in the cell cycle. Altered copy number and activity of this gene have been observed in a number of human cancers. There are pseudogenes for this gene on chromosomes 2 and 17. Alternative splicing results in multiple transcript variants. [provided by RefSeq, Mar 2013].","DNA binding; DNA-binding transcription activator activity, RNA polymerase II-specific; DNA-binding transcription factor activity; DNA-binding transcription factor activity, RNA polymerase II-specific; G1/S transition of mitotic cell cycle; RNA polymerase II cis-regulatory region sequence-specific DNA binding; RNA polymerase II transcription regulator complex; RNA polymerase II transcription regulatory region sequence-specific DNA binding; chromatin; cis-regulatory region sequence-specific DNA binding; negative regulation of fat cell proliferation; nucleoplasm; nucleus; positive regulation of transcription by RNA polymerase II; positive regulation of vascular associated smooth muscle cell apoptotic process; protein binding; protein dimerization activity; protein import into nucleus; regulation of DNA-templated transcription; regulation of transcription by RNA polymerase II; sequence-specific DNA binding; sequence-specific double-stranded DNA binding; transcription initiation at RNA polymerase II promoter; transcription regulator complex","kegg: Bladder cancer - Homo sapiens (human); kegg: Breast cancer - Homo sapiens (human); kegg: Cell cycle - Homo sapiens (human); kegg: Cellular senescence - Homo sapiens (human); kegg: Chronic myeloid leukemia - Homo sapiens (human); kegg: Cushing syndrome - Homo sapiens (human); kegg: Epstein-Barr virus infection - Homo sapiens (human); kegg: Gastric cancer - Homo sapiens (human); kegg: Glioma - Homo sapiens (human); kegg: Hepatitis B - Homo sapiens (human); kegg: Hepatitis C - Homo sapiens (human); kegg: Hepatocellular carcinoma - Homo sapiens (human); kegg: Human T-cell leukemia virus 1 infection - Homo sapiens (human); kegg: Human cytomegalovirus infection - Homo sapiens (human); kegg: Kaposi sarcoma-associated herpesvirus infection - Homo sapiens (human); kegg: Melanoma - Homo sapiens (human); kegg: MicroRNAs in cancer - Homo sapiens (human); kegg: Non-small cell lung cancer - Homo sapiens (human); kegg: Pancreatic cancer - Homo sapiens (human); kegg: Pathways in cancer - Homo sapiens (human); kegg: Prostate cancer - Homo sapiens (human); kegg: Small cell lung cancer - Homo sapiens (human); pid: Direct p53 effectors; pid: E2F transcription factor network; pid: Regulation of retinoblastoma protein; pid: Validated targets of C-MYC transcriptional activation; reactome: Aberrant regulation of mitotic G1/S transition in cancer due to RB1 defects; reactome: Aberrant regulation of mitotic cell cycle due to RB1 defects; reactome: Cell Cycle; reactome: Cell Cycle, Mitotic; reactome: Cellular Senescence; reactome: Cellular responses to stimuli; reactome: Cellular responses to stress; reactome: Cyclin D associated events in G1; reactome: Defective binding of RB1 mutants to E2F1,(E2F2, E2F3); reactome: Disease; reactome: Diseases of mitotic cell cycle; reactome: G1 Phase; reactome: G2 Phase; reactome: Mitotic G1 phase and G1/S transition; reactome: Mitotic G2-G2/M phases; reactome: Oncogene Induced Senescence; reactome: Oxidative Stress Induced Senescence; reactome: Pre-NOTCH Expression and Processing; reactome: Pre-NOTCH Transcription and Translation; reactome: Signal Transduction; reactome: Signaling by NOTCH; wikipathways: B Cell Receptor Signaling Pathway; wikipathways: Breast cancer pathway; wikipathways: Cell cycle; wikipathways: G1 to S cell cycle control; wikipathways: Melanoma; wikipathways: Metastatic brain tumor; wikipathways: Nephrotic syndrome; wikipathways: Non-small cell lung cancer; wikipathways: Pancreatic adenocarcinoma pathway; wikipathways: Retinoblastoma gene in cancer; wikipathways: Small cell lung cancer",,,,,,,,
RFFL,0.5172226310226424,0.0077011942270294,0.0,0.2586113155113212,ring finger and FYVE like domain containing E3 ubiquitin protein ligase,protein-coding,CARP-2; CARP2; FRING; RIFIFYLIN; RNF189; RNF34L,"Enables enzyme binding activity; p53 binding activity; and ubiquitin protein ligase activity. Involved in cellular protein metabolic process; negative regulation of cysteine-type endopeptidase activity involved in execution phase of apoptosis; and negative regulation of signal transduction. Located in endosome membrane and plasma membrane. [provided by Alliance of Genome Resources, Apr 2022]",Golgi membrane; cytoplasm; cytoplasmic vesicle; cytosol; endosome membrane; lysosome; membrane; negative regulation of extrinsic apoptotic signaling pathway via death domain receptors; negative regulation of signal transduction by p53 class mediator; negative regulation of tumor necrosis factor-mediated signaling pathway; nucleoplasm; p53 binding; plasma membrane; protease binding; proteasome-mediated ubiquitin-dependent protein catabolic process; protein K48-linked ubiquitination; protein binding; protein kinase binding; protein ubiquitination; recycling endosome membrane; regulation of TOR signaling; regulation of fibroblast migration; regulation of signal transduction by p53 class mediator; ubiquitin protein ligase activity; ubiquitin protein ligase binding; ubiquitin-dependent protein catabolic process,netpath: TNFalpha; pid: TNF receptor signaling pathway ; reactome: Gene expression (Transcription); reactome: Generic Transcription Pathway; reactome: RNA Polymerase II Transcription; reactome: Regulation of TP53 Activity; reactome: Regulation of TP53 Degradation; reactome: Regulation of TP53 Expression and Degradation; reactome: Transcriptional Regulation by TP53; wikipathways: TNF-alpha signaling pathway,,,,,,,,
DPP6,-0.5130071940484413,0.0089005158901476,0.0,0.2565035970242206,dipeptidyl peptidase like 6,protein-coding,DPL1; DPPX; MRD33; VF2,"This gene encodes a single-pass type II membrane protein that is a member of the peptidase S9B family of serine proteases. This protein has no detectable protease activity, most likely due to the absence of the conserved serine residue normally present in the catalytic domain of serine proteases. However, it does bind specific voltage-gated potassium channels and alters their expression and biophysical properties. Variations in this gene may be associated with susceptibility to amyotrophic lateral sclerosis and with idiopathic ventricular fibrillation. Alternative splicing results in multiple transcript variants. [provided by RefSeq, Mar 2014].",dipeptidyl-peptidase activity; membrane; plasma membrane; potassium channel regulator activity; protein binding; protein localization to plasma membrane; proteolysis; regulation of potassium ion transmembrane transport; serine-type peptidase activity; voltage-gated potassium channel complex,,,,,,,,,
ADRA1B,-0.5084535650347393,0.0046162758357438,0.0,0.2542267825173696,adrenoceptor alpha 1B,protein-coding,ADRA1; ALPHA1BAR,"Alpha-1-adrenergic receptors (alpha-1-ARs) are members of the G protein-coupled receptor superfamily. They activate mitogenic responses and regulate growth and proliferation of many cells. There are 3 alpha-1-AR subtypes: alpha-1A, -1B and -1D, all of which signal through the Gq/11 family of G-proteins and different subtypes show different patterns of activation. This gene encodes alpha-1B-adrenergic receptor, which induces neoplastic transformation when transfected into NIH 3T3 fibroblasts and other cell lines. Thus, this normal cellular gene is identified as a protooncogene. This gene comprises 2 exons and a single large intron of at least 20 kb that interrupts the coding region. [provided by RefSeq, Jul 2008].",G protein-coupled receptor activity; G protein-coupled receptor signaling pathway; adenylate cyclase-activating adrenergic receptor signaling pathway; adenylate cyclase-modulating G protein-coupled receptor signaling pathway; adrenergic receptor activity; alpha1-adrenergic receptor activity; caveola; cell-cell signaling; cytoplasm; intracellular signal transduction; membrane; neuron-glial cell signaling; nuclear membrane; nucleus; phospholipase C-activating G protein-coupled receptor signaling pathway; plasma membrane; positive regulation of MAPK cascade; positive regulation of cardiac muscle hypertrophy; positive regulation of cytosolic calcium ion concentration; protein binding; protein heterodimerization activity; regulation of cardiac muscle contraction; regulation of muscle contraction; regulation of vasoconstriction,"biocarta: -arrestins in gpcr desensitization; biocarta: activation of camp-dependent protein kinase pka; biocarta: activation of csk by camp-dependent protein kinase inhibits signaling through the t cell receptor; biocarta: chrebp regulation by carbohydrates and camp; biocarta: ion channels and their functional role in vascular endothelium; biocarta: phospholipase c delta in phospholipid associated cell signaling; biocarta: role of -arrestins in the activation and targeting of map kinases; biocarta: roles of  arrestin dependent recruitment of src kinases in gpcr signaling; kegg: Adrenergic signaling in cardiomyocytes - Homo sapiens (human); kegg: Calcium signaling pathway - Homo sapiens (human); kegg: Neuroactive ligand-receptor interaction - Homo sapiens (human); kegg: Salivary secretion - Homo sapiens (human); kegg: Vascular smooth muscle contraction - Homo sapiens (human); kegg: cGMP-PKG signaling pathway - Homo sapiens (human); pid: LPA receptor mediated events; reactome: Adrenoceptors; reactome: Amine ligand-binding receptors; reactome: Class A/1 (Rhodopsin-like receptors); reactome: G alpha (12/13) signalling events; reactome: G alpha (q) signalling events; reactome: GPCR downstream signalling; reactome: GPCR ligand binding; reactome: Signal Transduction; reactome: Signaling by GPCR; wikipathways: AMP-activated protein kinase (AMPK) signaling; wikipathways: Calcium Regulation in the Cardiac Cell; wikipathways: GPCRs, Class A Rhodopsin-like; wikipathways: Monoamine GPCRs; wikipathways: Vitamin D Receptor Pathway",,,,,,,,
RTKN2,-0.5063942728010546,0.0092848893464303,0.0,0.2531971364005273,rhotekin 2,protein-coding,PLEKHK1; bA531F24.1,"Involved in negative regulation of intrinsic apoptotic signaling pathway; positive regulation of NF-kappaB transcription factor activity; and positive regulation of NIK/NF-kappaB signaling. Located in cytoplasm and nucleus. [provided by Alliance of Genome Resources, Apr 2022]",adaptive immune response; cytoplasm; hemopoiesis; intracellular signal transduction; nucleus; positive regulation of cell population proliferation; signal transduction,,,,,,,,,
HES4,-0.5033214173394533,0.0016274327627552,0.0,0.2516607086697267,hes family bHLH transcription factor 4,protein-coding,bHLHb42,"Predicted to enable DNA-binding transcription factor activity, RNA polymerase II-specific and RNA polymerase II cis-regulatory region sequence-specific DNA binding activity. Predicted to be involved in anterior/posterior pattern specification and regulation of transcription by RNA polymerase II. Predicted to be part of chromatin. Predicted to be active in nucleus. [provided by Alliance of Genome Resources, Apr 2022]","DNA binding; DNA-binding transcription factor activity, RNA polymerase II-specific; RNA polymerase II cis-regulatory region sequence-specific DNA binding; anterior/posterior pattern specification; chromatin; negative regulation of transcription by RNA polymerase II; nucleus; protein binding; protein dimerization activity; regulation of DNA-templated transcription",kegg: Human papillomavirus infection - Homo sapiens (human),,,,,,,,
PREP,-0.5007703483369292,0.0006856007427762,0.0,0.2503851741684646,prolyl endopeptidase,protein-coding,PE; PEP,"The protein encoded by this gene is a cytosolic prolyl endopeptidase that cleaves peptide bonds on the C-terminal side of prolyl residues within peptides that are up to approximately 30 amino acids long. Prolyl endopeptidases have been reported to be involved in the maturation and degradation of peptide hormones and neuropeptides. [provided by RefSeq, Jul 2008].",angiotensin maturation; cytoplasm; cytosol; extracellular region; membrane; metallocarboxypeptidase activity; nucleus; oligopeptidase activity; peptidase activity; protein binding; proteolysis; serine-type endopeptidase activity; serine-type peptidase activity,kegg: Renin-angiotensin system - Homo sapiens (human),,,,,,,,
