gene,transcript_id,sequence_length,structure_status,window_start,window_end,window_method,rnafold_version,temperature_celsius,structure_error,folded_length,was_truncated,gc_content,window_gc_content,dot_bracket,mfe,normalized_mfe,paired_fraction
VGF,ENST00000249330.3,2551,folded,1,1000,5prime_first_min_1000_nt,RNAfold 2.7.2,37,,1000,True,0.7048216385731085,0.695,.(((((((((((((((.(((.((..(((((((((.((((((((.....((((...((((((((.((((...((((((((((...((((((.((.((((((((.(((((.(((((((((((((((((((((.(((((.((((((........((((((((((((...............((.(((((((....((((((...))))))......)))))))..))...((((..(..(((....)))..).))))...((....)).....))))).)))))))....((((.(((((((((.(((((.(((((((.......(((((........))))).(((..(((((.((...)).))))))))..)))).))).))))).))).))).....((((((((....))))).)))..))).))))..........))))).).)))))...)))))).((.((.((((((......)))))))).)))).))))))).......((.....)))))))).))).)))))))).)).)).)))........((((((((.(((...(((.((((....((.........))....))))))).((((((((...))).)))))(((((((..((((..((....))..))))..)))))))((((...((((.(((...)))))))))))..((((((((((...(((.(((........)))))).....((((...)))).)))))).)))).))))))))))).(((....)))...((....)).))).)))).)..)))))....))))))))..((((((((...))))))))..))))...))))...)))))).)).)))).))).))......)))))..)))))..........)))..)))))))..(((((....))))).(((((((..(((......)))..))))))).(((.((((.((.............)).))))))),-445.4,-0.44539999999999996,0.644
RPH3A,ENST00000389385.9,4590,folded,1,1000,5prime_first_min_1000_nt,RNAfold 2.7.2,37,,1000,True,0.5387799564270153,0.557,.....((((((.(.(((((.(.((.(((..(((((((..(((((((((((((.............((((((((((((.(((..((((......((.((((((((..(((((((((.((((((.((.........................(((.....))).((((.((....(((((((....)))))))..)))))).((...)).)).)))))).))).))...)).))..)))))))).))...))))))).)))))))))).))....((((((........((((....))))..))))))((((((......(((((((..(((((((.(((.......(((((..((((...((((..((((((((.((((....(((((((.((((.(((((.(((.(.(((((((.((((.(((((((.((....)).)))((...(((((((....(((((((.(((..((..(((..........(.((((..(((((..(((((..(((((..(((((((((((..(..((.......)).)..)).)))))))(((((...........))))).)).))))).((((((..(((...................)))..))))))..)))))))))).)))).)..........)))..))..))).).))))))...)))))))..)))))).)))).))))......)))))))))))))))))))))))..((((((.((((................))))))))))..(((((((.((((..........)))))))))))))).).)))).))))...(((((.....))))))))))))).((((((.((.(((((.......))))))).)))))))))))))).)))))))....))).))))......))))))....)))))).))))....)))....)))))))..)))..)).)))))).).))))))..(((...)))...,-351.1,-0.3511,0.628
NEUROD6,ENST00000297142.4,1959,folded,1,1000,5prime_first_min_1000_nt,RNAfold 2.7.2,37,,1000,True,0.3925472179683512,0.458,(((((((((((((..(((.(.((.((((...........(((..((((((((.((.(..((.((..((..(((((((.........((((((((....((((...((((((.((((((....(((.....)))....))))))))))))...................((..((.((((((((.(.(..((((.((.((.((((....((((((((..((((((........((.((((..(.......((((((......))))))............((((((.(((......((((........(((((.........((..............)).......)))))........))))...........))).))))))(..(((((.........)))))..)((((((....(((((.((..((..(((..(((((((((..((....))(((((.((((....(......)..))))..)).)))...((((.((((.....)))).))))))))))..)))..)))...))..)).))))).....)).)))).)..))))))..........)))))).))))))))....)))).)).))))))..).).)))....)))))))..))........)))).....))))))))(((.((((........))))))))))))))..))..))))..).)).))))))))..)))((((.((((((((((((.((...(((......))))).))).)))))))))..)))).........((((((((...............)))))).))(((((...((....))..)))))..................)))).))).)))..)))..)))).)))))).((((..(((((.((....)).)))))...))))...((...(((((........((.........((((.....)))).........))........)))))..)),-247.0,-0.247,0.54
FKBP5,ENST00000357266.9,3750,folded,1,1000,5prime_first_min_1000_nt,RNAfold 2.7.2,37,,1000,True,0.43173333333333336,0.471,...((((.(((.(((...))).))).))))(.(((((((.(((..(((((....)))))...)).).))).)))).).((((.((.(.((((.((........)).)))).((((((((.(((....(((((((.((((((.((..(((((((....(((((.......((((((..((.(((((....))))))).((((......)))).......(((((..............)))))......))))))...((((......)))).((((((((((.((((.(((...((((((((((.......))))..))))))..))).)))).))))))))))............(((..((((((..(.((((((....)))))).)...)))))))))..)))))...)))).)))........(((.(((((.(((((....(((((((..........)))))).).......))))))))))))).....(((((((((((.((.(((((((((((((((((((...))))))))))))))))))).)))))))...((((....)))).((((..........)))).....))))))........(((.......))).)).))))))...(((....))).((((.(((((((.(((.....))).)))))))....((((..(((.((........))..)))..))))...(((((....))))).....((((((.....((((((((..(.......)..))))))))...(((.((((((.....)))))).))).((((......))))......(((((((....)))))))))))))......((((((.(......))))))).....)))).....((((........)))).((((.......)))).(((...))))))))))...))).))))))))((((.((((....))))...)))).......).)).)))).,-307.8,-0.3078,0.602
PPEF1,ENST00000470157.2,2528,folded,1,1000,5prime_first_min_1000_nt,RNAfold 2.7.2,37,,1000,True,0.4153481012658228,0.415,....(((((.((((.........)))).)))))..(((((.(((((((((((....((((......))))...........(((((((..((((((...(((.(.....).))).....))))))))))))).((((((((......(((.(((((...........))))).)))...(((((.(((((((((((..((((((((((..(((((..((((.((...)).)))).......)))))......((((((..(((((((................((((.(((((((...(((....(((..........((.(((((((((.((((...................)))))))))))))..))..((((((........)))))).......((((((..(((((....((((((...((.((((((....)).))))))...)))))).....))))).....((((.(((............))).))))......(((((((.....)))))))....((((((......((((.(((.....))).)).))))))))...........))))))..)))...)))....)))).)))))))...((((((........))))))........)))))))...))))))....)))))))))).......((((((((...)))).))))...((((...))))....)))).))))))).))))).....(((((.((((((((......(((((.((((.....)))))))))......)))))))))))))))).)))))(((........))).)))))))))..((((((......))))))(((((...))))).(((((....)))))..........((((((((((((......(((..(((...)))..))).)))))))..)))))..(((.((((...))))))).........)).)))))((((......)))).,-246.6,-0.24659999999999999,0.58
CRH,ENST00000276571.5,1288,folded,1,1000,5prime_first_min_1000_nt,RNAfold 2.7.2,37,,1000,True,0.5357142857142857,0.589,......(((((.(((...)))..)))))(((((((((((.....((((((.((........(((.(((((...........((((((........((((.(.(......)).)))).((((((((....))))))))...((((.((.((..((.(((...)))..))..)))).))))........(((((((((.((((((((.(.(.(((((.(.((.(((.(((((((...((((((((.......)))))))).....))))))).))).)).).)(((.(((((((....)))).))).)))...((..(((((.....)))))..))..)))).).)))))))))....)))))))))((..(((((((((((.((((.....))))))))....((((((.....)))))).(((.....))).)))))))..)))))))).)))))))).)).))))))((((((.(((.((((....)))..(((((......)))))...((((...(((((((.((((((((.(((.((((.(((((.((..((((((.(.(((.((((....)))).))).)))))))((((.......))))(((((((((((((((((....((((((.(((.((((.((((((.((((........)))).))))))...))))....)))))))))....))))))...)))))...)))))).)).)))))))))..)))..)))))))).).......))))))...))))..........).))).))))))...........(((.....)))...................(((((....)))))..((((.(((.(((((...(..(((.((((((((((.......))))).))))).)))..)...)))))))))))).)))))))....((.(((((...(((....))))))))))((((......)))).........))))..........,-388.0,-0.388,0.626
MAS1,ENST00000674077.2,10881,folded,1,1000,5prime_first_min_1000_nt,RNAfold 2.7.2,37,,1000,True,0.45409429280397023,0.517,.............(((((.(((..((((.(((......)))))))(((((((.((..((.((((.((((((((((....)))))(((((((....((.((((......)))).)))))))))...(((((((.(((.((((((......((((((((.......))))))))...(((.((((((((.((((((...(((((..(((.(((.(((((.((((....))))....))))))))...)))....((((((.((((((((((((...((((((.........((.((.((((.....(((((...(((...))).....)))))..)))).))..))))))))(((........))).......(((.(((((((...))))).)).)))((((....))))......((((((((((..............)))))).)))))))).)))))))).))))))((((((.((......)).)).)))))))))..)))))))))))))).))).(((((...(((.(((((.(((((((((.(((((...........))))).))))....))))))))....)).)))...))))).........((((.((((((.((((.((................(((....)))...((((........)))).......((((((.....(((.((..(((((.......)))))..)).))).)))))).......((((((........)).))))...)).)))).)))))).))))(((.((..(...((..(((((((....((....)).....)))))))..)).)..)).))).((((......)))).......(((((.(((.....))).))))))))))).))).....))).))))..(((((...)))))(((((((((((...))))))))..)))....))))).))))))..)))))))))....))).)))))...,-336.5,-0.3365,0.612
NRN1,ENST00000244766.7,1582,folded,1,1000,5prime_first_min_1000_nt,RNAfold 2.7.2,37,,1000,True,0.4563843236409608,0.497,.((((((.((((((((((.(((((...........(((((((..((((((((.((((((.........)).))))...))))......))))..(((........))).....(((((((((((.................(((((((((((.((....((((....))))......)).))))..........(.((((((((((((((((.......))))).))))...))))))).))))))))..)))))).)))))...((((.((((((((((...(((((((.(((...(((.((.((.((((.....)))).)))).)))...))).)))))))(..((......))..)...)))))))))))))).....)))))))........((((........))))......)))..)).))))))))))))))))...(((((.(((((((((...(((((((((...((.......((((((.((((...((((..((((.((.((((......(((((((((((.....((((((.((((((((((((((...(.((((......)))).)...))).))).))..........)))))).)))..)))...)))))).)))))................))))))))))..))))..(((...)))...))))))))))))...))).)))))).(((((((.......)).)))))(((((((......))))))).................(((((((((.((((((((..(((((((..((........)).)).))))).))))))))...)))))))))))))).))))(.((((.(((............))).)))))...)))))((((((.(((..................((((((((....))))))))....(((...((((...)))).)))..........(((((.......))))).))).)))))).....,-296.7,-0.29669999999999996,0.594
MCHR1,ENST00000249016.5,2115,folded,1,1000,5prime_first_min_1000_nt,RNAfold 2.7.2,37,,1000,True,0.5673758865248227,0.61,.((((.(((.((((((((..(.((((((..((((((((((((((.(((((.........).)))))))..((((((((((...((((.((((((...((((((...))))))))))(((((((.((..((.(((.(((.((((....)))).)))(((((....)))))...((((((((...((((.((.(((((((((((......))))).((((((...((.(((.((((..........)))).((((....((((((....))))))....))))................))).)))))))).((((.....))))...)))))).)).))))...)))).))))......(((((((((((((.(((...((((((....)))).....))....))).))))))).........(((((.((.(((.....)))..)).)))))..(((((...((((.(.....).)))))))))((((((.(((.(((..(((.....))).))))))))))))...((((((((.((......(((((..................)))))))))))))))...))))))...)))))..)).))))))).....)).))))...))))))).)))))))))))))).....(((((((((.....((.(((......))).)).))).))))))..(((((((((((((((((.(...............((((((.(((((((.((.((((......)))))).)))....))))))))))((((((.((...)).)))))).......(((....)))........).))).))).)))))))))))..((((((((.(((...))).))..))))))))))))))))))))).))).))))...((((((.(((((.((((((((.((((((((......((((......))))........))))).))))))))).)).))).)).)))))),-393.4,-0.39339999999999997,0.646
SCG2,ENST00000305409.3,2434,folded,1,1000,5prime_first_min_1000_nt,RNAfold 2.7.2,37,,1000,True,0.4248151191454396,0.447,......(((....(((((.((((.(((...(.((((((....(((....))))))))).)...........(((((.....))))).......(((((...(((.(.((....))))))...)))))((((((((((((.((((....((((((((((((((..(((((((((((...((((...))))..)))))))))))......)))))..((.(((((......((((...((((((((((((((((.....))))))))((((((............)))))).....(((((....((((((........((((((.((((...((.((((((.((((.((((..((((.............((((.......))))....(((....))).(((((...)))))))))...))))))))......(((((....))))).((((((((.........))))))))....................(((.(((.((((((.........(((((...(((.(((..((..((.........))..)).))).)))....)))))........((((((...........))))))....)))))).))).))).............(((..........)))(((((.........)))))...)))))).)).)))).))))))))))))..))))).))))))))....))))....))))).))..(((......)))))))))))).......(((((.......)))))(((.((((((.((((((..........)))).)).)))))).)))(((...((..(((((...)))))..................))...)))..)))).)))))))))))).........................((..(((....)))..)).....))).)))))))))))).(((..(((((...))))))))....((((........)))),-270.4,-0.2704,0.552
ADAMTS2,ENST00000251582.12,6783,folded,1,1000,5prime_first_min_1000_nt,RNAfold 2.7.2,37,,1000,True,0.5751142562288073,0.72,............((((((((.((((..(((((((.(((((((((((((((((((((((....)))...))))))))((((((((.((...(((((((((((.(((.(((....)))))))))).))))).))...)).))).)).))))))))))))))).((((((..(((((..((((...((((.((..((((((.((((.((.((.((....)).)).)).))(((.....)))..(((((((.((((..((((..(((...(((((((......)))))))..))).)))).))).).)))))))((((......)))).(((((((((((((((.(((....))).)))..(.((((.(((..((((((.((..((((....)))).(((((..((((((((((((.(((((((.......(((((..(((.((..(.(((.(((.((((((.(...((((..((((((.((((((((.(((((..((.(((((.(((.((((((..((..((((....))))..))))))).....).))).))))).(((((.((((.((((....)))).)))).).))))...)).)))))...))))))))))))))((((((.((...((((((((..(((.(((.((((...((.((((((((....))))).)))))(((((((((.......)))))))))...(((((....)))))))))))).)))))))))))..)).))))))))))...).)))).)).)))))))..)).)))..))))).)))))))((((...)))))))))).).)))))..)))))....)))))))))))....)))))))))))))))))....)).)))).)))).))))....))))..))))).))))))..))))))).(((((.......))))).....)))).)))))))).....((((((((((..((((...))))...)))).))))))..,-515.1,-0.5151,0.71
DUSP6,ENST00000279488.8,3627,folded,1,1000,5prime_first_min_1000_nt,RNAfold 2.7.2,37,,1000,True,0.46484698097601324,0.615,.(((...((((((..((((((((((.....)))))))))).(((((..((((...(((..((((((((......(((((((..........)))))))))))))))..))).(((((((((.(.(((....(((((.((((((.((((((((((((((....(((.(...(((((((((.....)))))))))...))))))))))))).)))))...))).))).))))).(((.(((...(((.(((.(((......(((((.......))))))))))).)))...)))))).((((.(((((((((((((..((((((((.......))).)))))..))))))))))))).)))))))).))))))).))(((((((..((((.....))))..)))...)))).((((....))))(((((.(((((.(((((((((((((.((.(((((....(((((...(((.(((.((...((((((.....))).)))...)))))))).............))))).....))))).)).))))((((.(((((.(((((.(((((((..(((..((((((....((((((.(((((.(((........))).))((((((....)))))).....((((((((((((((((((((.(..(((((((..((((((..(((.(((((.......)))))))).))..))))))).))))..).)))))))))))).........))))))))........((((((((((..((......))....((((((.((...)).)))))).))))))))))..(((((((.(((..(((.(((....))).)))..))).)).....))))).)))))))))..)))).))..)))((((...(((((.((.........))))))))))))))))))..))))))))))))))....)))))..))))))))))))))...))))))))))))))))))..,-437.4,-0.43739999999999996,0.69
ABCC12,ENST00000311303.8,7385,folded,1,1000,5prime_first_min_1000_nt,RNAfold 2.7.2,37,,1000,True,0.5014218009478673,0.547,((((((((.((((((((((((((((...............)))..)))))))))))((((((..((.(((....((((....((((((((((((...((((...)))).)))..)))))).)))..))))....)))))..))))))(((...)))(((........))).....)).))))))))((.((((.(((((((((.(((((((...............((.((((((((.((((.((((......)))).((((.(((........)).).)))).((((((......(((((((....)))))))..(((((((((((.((((.....)))).)))....))))..))))(((((.(((........((.((((((..(....)..)))))).)).......))).))))).)))))).)))))))))))).))....((((((((((..((((((((((((((((.((((..((((......))))..))))..((((((.(((.((((((.((((((...))))))..........(((((.(.(((....(((.(.((((((((((...(((.....)))...))))....(((((((.....))))))).......(((((((((.....(((((((....))))).))))))).))))....((((((.((......((((.....))))..)).))))))......(((((((((...............))))...)))))...)))))).)...)))....))).)))))).......)))))).)))..((((.....))))....))))))((.((((.(((((....))))))))).))..))))))).........)))))))))...)))))....................((((((((....))).)))))...)))))...))))))).)))).)))))....)))).)).........................,-350.6,-0.3506,0.602
CPM,ENST00000551568.6,6627,folded,1,1000,5prime_first_min_1000_nt,RNAfold 2.7.2,37,,1000,True,0.4194960012071827,0.448,......(((....)))((((((((((((((......(((..(((..(((...)))..)))..)))((((((...)))))).(((.(((..........))).)))...(((((((((((((((((((.(((.((((..(((((...((((((....((..((..(((.(((((.(((....)))))))).)))..))..))))))))......(((((.((((((((((....)))))..((..((((((..(((..((......)).)))........(((((((((((((..(((((...(((((....)))))......)))))..)))))).....(((((..((.......))..)))))..(((((............))))).....(((((.....))))).....(((((........))))).....(((((((.(((((((.((((((((...(((((.((.....(((......))).....)).)))))))))))))........))))))))))...)))).(((.........)))((((((...)))))).....((((((.(.....).)))))).....)))))))((((((((((.((.((.....(((((((....))))).))....)).)).))))))))))..))))))..))...))))).)))))(((((........((((((((..(((((...(((((.............)))))...((((....((......))....(((((...((....)).))).))..((((((((...)))))))))))).)))))...)))))))).......)))))))))).)))).))).)))))....(((.(((......))).)))...((((....))))...)))))))))))))).................(((.....)))..........)))))...)))))))))....((((((....))))))...,-288.4,-0.2884,0.59
BDNF,ENST00000356660.9,3985,folded,1,1000,5prime_first_min_1000_nt,RNAfold 2.7.2,37,,1000,True,0.4323713927227102,0.588,.(((((...((((((((.((((((.(((((((.((((((.(((((((((((((.((..((((.((((((.((((........))))(((((....)))))..))))))..))))..))..)))))))))...(((.....((.((((((((((....))).).))).)))..)).))))))))))))).).))))).....).))))))))))))))((((.(.((((.((..((((......)))).)).))))(((.((((((.((((((.((((((((((((........)))))..(((((((((((.(((....)))))))).)))))).((.((.((((((.....(((.((......)).)))...)))))).)).)).(((((.(.((...((((......)))).))).)))))))))))))))))).)))))).).))......).)))).(((.((((((.(((((((((((.(((((((((((.((((((...(.((((((((.....)))))..))).).....)))))))))).)))))))............(((((............))))).((((...))))....)))))..)))))).))))))))).((((((((.((((..((((((......))).)))...............(((((((((((((((.((((((.((.(..((.(((.....))).)).).)).))).)))((.((((....((.((((((...((.((((.(.....).)))).))((((.(((.((.((...)).)))))))))(((.....((((((((.......((((....((((.....))))...........(((.(((((...))))).))).......)))))))))))).....)))..((((((((.....))))))))....)))))).)))))))).))))))))...))))))))))).))))))))..)))))....,-390.6,-0.3906,0.666
CEND1,ENST00000330106.5,1605,folded,1,1000,5prime_first_min_1000_nt,RNAfold 2.7.2,37,,1000,True,0.6635514018691588,0.672,((((((....((((.(.....).))))..))))))((..((((((.....)))).))..))((((....(((((((((((((((((...))))....))))))(((((((..((((((((...((((....((.(((.......))).)).....))))(.(((((((((.((.....))(((..((((.((((((...)).))))..(((((.(..(((......(((..((....))...)))......)))..).))))).....(((((((...((((((((.((.(((((((((((((..........(((....))).(((((..((((((....)))))....)..))))).......(((((..(((.(..(((.(((((((.(((((((.(((((((((.(.(..((((((.(((....))).))))))..).).)))..........)))))).....))))))))))))))...)))..).))).)))))..............)))))))))))))(((.((((((.......)))))).))))).))))))))..))))))).)))).)))...........((((((((((.....((((((.........((((((...........))))))...((((.((..((((............)))).....)).)))).....................))))))..(((.((....)))))...(((((((((.((((.(((((..(((.(((.(((...........))).))))))...((((....)))).))))).....((.((((..((((((.(.(((((((..(((((..((............))..)))))..))).))))))))))).))))))))))))))).)))).))))))))))))))).)))).)))))))))..)))))))((.(((((((((....)))))))))))...))).))))...)))).,-434.9,-0.43489999999999995,0.616
SERPINA5,ENST00000329597.12,2278,folded,1,1000,5prime_first_min_1000_nt,RNAfold 2.7.2,37,,1000,True,0.5149253731343284,0.565,(((((((......((((.((.((((((((((((((..((((.(((.......))....(((.((.......)).))).).))))..)))))).)).)))))).)).))))((((...........))))........)))))))......(((((((((.((((((((....((((...(((((((((((....((((((((.(((.....(((((((((((((((((...........))).........((((((.(((((......(((.((((((......)))).)).))).(((((..((.((..(((((.......)))))...))))...)))))...((((..((((....))))..)))).))))).))))))....((((((..(((......)))..)))))).)))))))))))))).))))))).))))(((((.(((((((((.............)))))))....((((((.(((((((((((...((.....)).))))))))))).(((........((((.......)))))))..))))))...(((...)))....(((((.....)))))..)).)))))((.(((........)))))..))))).))))))..))))........((((((.......))))))((((((((((((..(((((.((((((((((((((((.(((..((...(((.(((((((........))))).......)))))...))..))).).)))))))))..)))......))).)))))..)))..((((..((......))..))))..((((((...((((......))))..))).))).((((..(.((((.((((......(((((..((....)).....)))))......)))).)))).)..)))))))))))))((((((((...)))))))).(((...)))....))))))))..........)))))))))..,-354.2,-0.3542,0.616
BEX5,ENST00000333643.4,777,folded,1,777,5prime_first_min_1000_nt,RNAfold 2.7.2,37,,777,False,0.4465894465894466,0.4465894465894466,..(((((((((((((((((((((.......)))))((((((((..((((.....))))))))))))))))).))))...(((.((..(((.......)))..)))))(((((..((((.((((((..((((....))))((((........)))).((((.(........)))))....((((.......................)))).......(((.(((.........(((....))).........))).)))(((((((..(.((((..((((((....))))))...((((.....)))).((((((((((................))))))))))..)))))..)))))))...)))))).)))).....))))).((.(((.((((..(((...........)))..)))).))).)).(..((((((((((.((((((((.(((((((.(((((..((((((........(((((....((((.(...........).))))...))))).(((((...)))))((((.....((((((............))))))......))))....)))))).)))))...((((((((......((....))...)))))))))))..)))).......((((((((((.....))))))))))......(((..((((..((.....))..))))..))).))))))))..))))))))))..)((((.....))))))))))).(((..((((....))))..))).,-217.7,-0.28018018018018015,0.5868725868725869
ZNF652,ENST00000430262.3,11628,folded,1,1000,5prime_first_min_1000_nt,RNAfold 2.7.2,37,,1000,True,0.40677674578603373,0.551,((((.(((((((((((((((((((.(((.(.(...(((.......((.(((((((((((((((((((((((.((((((((((((.(.((((((((((.(((....))).)).)))......(((....)))))))).).)))))....))))))).).)))))..))))))).))..))))..)))).)).)))).))))..)))).........))))))))))))))((((((((((((((((((.(((.....))).))))..)))))...(((.(((((((.....(((.((((((...)))))))))..))))))).)))......)))))))))..........(((((..((((((((((((.(.(.(((((..................(((((((((.................((((.(((((.(((.((((((((((((((((((..((((....)))))))))((..((((((.((((((((((((.....)))...)))))))))(((((....))))).........(((((......(((((((((..(((((....))))).......(((((........))))).(((.(((((((((((((((...)))))))))))).....))))))..((.....)))))))))))))))))))))).)).....((((((((...............((.((((....)))).))))))))))(((.(((....))).)))....(((((.(((....))).)))))))))).)))).)))))))))))))))).....(((((.(((((................))))).))))))))))))))..))))).).)...)))).)))))..))).)))))..(((((......)))))..(..(((((......)))))..)....).))))(((((((((((((((....))))..........)))))..)).)))).......,-370.5,-0.3705,0.65
KRT5,ENST00000252242.9,2238,folded,1,1000,5prime_first_min_1000_nt,RNAfold 2.7.2,37,,1000,True,0.5688114387846291,0.585,..((((((((((.((.((.((((((((((((..((((.((((.(((((((((((.((((((((((.(((((((((((((((.(((((....(((((((...(((((((.(.((((..((.(((((((((((((((((.((.((.......)))).)))))))(((((((((((((...((((((.(((.....(((....)))....))).)))))).))))).)))))))))))))).)))).))..))))).)))).....)))...)))))))..(((.......))).......))))))))))...)))))))...)))...))))))))))((((.(((((.((.((((((.....)))))).)).))))).)))).....)))).)).))))).)).)).))))..)).)))))))).)).)).)).))))))))))(((((.......)))))(((((((((((((((((((....((((.((..(.((((((((((((((((.(((.((((...(((..(((((...((.(((((.....((((((((....(((............)))....))))).)))((..((((((.((((((......................))))))))))))..)).....(((((.(((((((.(((((((((((...))))))..(((...)))....))))).)))))))...))))).))))).)).))))).))))))))))((((((.((........)))))))).))))))))..)).)))))).)..)).))))..)))))))))))....))))))))......((((((.((((((((...((.(((((........(((((((.....(((.((((((((..(((.(((.......)))..)))))))).........))).)))....))).)))).......)))))))....))).)))))..)))).))..............,-407.2,-0.4072,0.67
PRKX,ENST00000262848.6,6102,folded,1,1000,5prime_first_min_1000_nt,RNAfold 2.7.2,37,,1000,True,0.47607341855129465,0.688,.(.(((((((.((..((((..((((((.(((.((((((.(((((.(((.((((((((.(((((((.(.(((((..((.(..((((.........))))..).))..))))))))).))))))))))))...(((((((.((.((.(((((.(......).))))))).)))))))))..)))))))))))))))))))).))).((((((((((.((((.(((..((((((.((.((((((...((((((((((...(.(((((.((((((..((((((...(((((((((...(((.......(((..((((.(((......))).))))..)))..)))..))))))))).))))))..))))..)).)))))))))).((((.((((.(((....))).)))).(((((((..(((((((((..(((((.(.((((.(((..((..((.((((((((.(.((((....))))).)).....)))))))).))...))).)))).))))))..)))))))).)..))))))))))).........))).)))...)).)))))).))))))....))))))))).(((((((..(((((((...((...)).......(((((((.(((((((((............)))).)))))...((((((((..(((((.(.((..(((.((((((...(((.((((............))))))).)))))).)))))))))))(((((..(((......)))..)))))...(((((..(.((((....)))).)..)))))))).)))))......))))))))))))))..))))).))((((.((((..(((((((.(((..((((.((..((((((.((((..(((....)))........)))).)))))).))))))....))))))).)))..)))).)))).......)))))))).....))))..))...))))))).)...........,-460.6,-0.4606,0.678
COL12A1,ENST00000322507.13,11725,folded,1,1000,5prime_first_min_1000_nt,RNAfold 2.7.2,37,,1000,True,0.46294243070362473,0.504,....((((((((((((...)))).....((((....))))..(((((((((((((...(((...(..(((.....)))..).))).))))........((((...(((..........)))..)))).))))))))).((((((((((((.....(((((((.(......).))))))).))))))))))))((((.(((.(((.((.......(((((.(((....)))))))))).))).))).))))..........(((((((((((((((.((...(((((......)).))).)).)))))...(((.((((((((((((.(.(((((.((.....)).))))).).)).)))))))).))..)))((((.((((((((((.((((.....(((...((((.((((((((..((..(((((.((((.(((((((.(((.((((.......(((.((((..(((((((((.((.........))))))).)))).)))).)))((((....(((...(((...((((((((...((((((.....((((((((..((..(((((((...))).))))))..))))))))(((((((...))))))).(((...(((((.((.......)))).))).....)))...(((((..(((..((.......))..)))...)))))........(((((......)).)))..)))))).)))).))))...))).)))...))))...)))).))).))))))).))...)).)))))..)).)))))))).))))...)))(((((((.(((.(((((........))))))))..)))))))((((((((((.....)))))))))).....(((((((.((((...))))))))).))......))).).)))))).)))).))))...................))))))))))(((((.((.....)).))))).....)))))))).....,-318.7,-0.3187,0.64
FIBP,ENST00000357519.9,1361,folded,1,1000,5prime_first_min_1000_nt,RNAfold 2.7.2,37,,1000,True,0.5789860396767083,0.576,..(((((((((((((.((((...(((((((((......)))))))))((((((.((((((.(((((((((.........((.(((((((..((((......)))).))))).)).))))))))))).))))))...))))))....((.(((((...((.(((..((((.((....)).))))..))).))))))).)).(((((((((((((((..(..((((....................)))).....)..))).))))).)))))))...(((((((((((((((((..((((.((..((((((((((((((((((....((((((.(((((((...))))))))))))))))..)).)))))))).))((((((......))))))......(((.(......))))((((..(((((.(......((((((((((((((.(((((((.((((((.((((((.....))))))..))))))..((((((........((((.((.((((((((.(((.....((((................))))...))).)))))))))).)))))))))).(((((((((((..(((.....))))).))))))))).......))))).))))))....)))))...)))))...).)))))..))))..((((....)))).((.((..((((((........))))).)..)).))...((........)).(((.....))).))))).)))))))))...))))).)))))))....(((.((....)).)))((......))..)))).)))))))))....))))..((((((.(((...((.(((.(((.((.....((((.((((.(.(((((((((((((((........)))).)))....((((((...((..(((...)))))..)))))).))))).))).).)))).))))...)).)))))).)).....)))..))))))..,-382.7,-0.3827,0.652
PHF19,ENST00000373896.8,4149,folded,1,1000,5prime_first_min_1000_nt,RNAfold 2.7.2,37,,1000,True,0.5664015425403712,0.599,...(.(((((((.((((..(((.(((.((....))))).)))..))..))))))))).)..((.((((.(((((....(((.(((((((......))))))).((((..(((...((((..((((((((((....))))).)))))..))))...))).)).)).)))...(((((.....)))))...((((((((((((.(((...((((((((.(((..((((......)))))))(((((((....)))).)))(((((((((.....)))).)))))..((((..(((..((((((((((((((........))))))....))))))))...)))..)))).....((((((((((((((.(((...((((...((((((.(((((.........(((.((.(((.....))))).)))..((((((((((((((((..((((...))))(((.((((..(((((((..(((((.....(((((.((((..............)))).)))))...)))))..)).))))).(((((...)))))(((((((..(((((((.....)))))))..((((((((.((.....)).)))))...))).....(((((.((..(((..(((((.((.((((((((((((....).))).).)))))))..)).))))).)))...)).)))))...((....))...)))))))..)))).)))..((((.((((((...)))))..).))))(((((((((.(((....)))...)))))))))))))).........)))).)))))))))))))))))).....))))...)))..)))))........)))))))))....(((((((.((....)))).)))))(((((((...)))))))..((((((........)))))).(((((............))))).))))))))...)))))))))))))))....))))).))))))...,-417.1,-0.4171,0.662
EFR3B,ENST00000403714.8,7486,folded,1,1000,5prime_first_min_1000_nt,RNAfold 2.7.2,37,,1000,True,0.542078546620358,0.604,......((((((((.(((((((((((.(((.((((((((((((........)))))).)))))).))).))))))...((((.((((((((..(((((...((((.((((((...((((((..(((((((((((..(((((........))))).........(((((((((((((..(((..((((((...(((....)))...)))))).)))....)))).))).))))))....(((((((.(((((.(((.........))).))))).))..)))))...))).))))))))...........(((((((...(((.((((((.....)))))).(((((((.........)))))))..((((..(((((((.....((((...........(((.((((((.((((((((((.((((((((((((....))).)).....((((.(((.(((..(((((((.((((.......))))..))))))).))))))))))((((.......))))))))))))))))).))))))).))))))))))...))))))).))))........)))...)))))))(((((...((((..(((...........))).)))).(((((.....))))).((((.(((.....(((........)))....))).))))...)))))....(((((....((((...(((.............)))....))))))).))...))))))...)))).(((((((.(((((((.....(((..(((..((((........)).))..)))..)))(((.........))).((.((((((((...((((((...)))))))))))))).))))).)))).))))))).((((.............))))..)).))))..))))).)))))))).).)))....)))))...))))))))((((((.....((((............))))...)))))),-395.4,-0.3954,0.626
PDE10A,ENST00000539869.4,9334,folded,1,1000,5prime_first_min_1000_nt,RNAfold 2.7.2,37,,1000,True,0.4273623312620527,0.774,...............((((((((((..((((((((.((.(((.....(((((((((((((((......(((((((((((((((.(((((.(((((((((((...(((.(((........((((.(((..((((((((((.(.(((..(((((((((...(((.(((((((((.(((.......(.(((((.(((..(((((((.(((....))).))))))))))))))))))))))))))))...(((...((.((......((....))....)).)).)))...(((.....)))...(((((..(((((.((((..((((.((..(((.(.(((((((.((..((.(((((((...)))).)))))..)).))))))).)))))).)))).)))).)))))..)))))((((((.(.((((((.(((((((((((((((.(((((.....)))))((.......))((((((.(((...))).))))))..((((((((..((((((.((...((((.((((.....((((((......)))))))))).)))).)).).)))))..))))))))...)))..)).))))))))))..((((((.(((((.........)))))))))))...)))))).).))))))....)))..)))))))))..))).)))))))))))))).))))))))))))))))))))).))))..(((((.....)))))..).)))))))......(((((((((((((((((............(((((.(((((((((.((.(((((((((((((...........((((.....((....(((......))).)).....)))))))))))).)..)))).)).))))))))).))))).(.((((...)))).)))).)))))))))).))))..))))))))......))))))).......))))).))).))).)).))))))))..)))))))))).,-586.7,-0.5867,0.686
P2RX7,ENST00000328963.10,5113,folded,1,1000,5prime_first_min_1000_nt,RNAfold 2.7.2,37,,1000,True,0.47721494230393113,0.513,((((..((((.(((.(((((((.((((((......)))))).))(((((((((...((((((((((((((..(((((((..((.(((......)).).))..))))).))))))..((((((((((((((...)).)).)))))...))))).))).)))))))........(((((((((((..(.(((((.(((((...((.(((((((((..((((.(((((((.(((((.((.((((((((...((((.......).)))....))))).))))).))))).))))))).)))).....))).)))))).))...)))))))))).)..)))......)))))).))(((((...))))).............((((((....)))))))))))))))..((....))...((((((......))))))...((((.(((((..((((((((.((.....)).))..)))))).))))).))))....(((((((((...(((((((..((((((.((((...............(((....)))(((((((....(..(((...(((.....))).((((((.((((((((((...)))).))))))..((..(((((....)))))..))((((((((((((..(....)..)))))).....))))))........)))))))))..)....)))))))...((......))))))..))))))..)))).(((((.......)))))....(((.((..(((((.(((((((((((.((..(((((((((...((((((..........)))))))))))).....)))..))))))).))))))))))).)))))..((((((.(((.....((((...)))).......))).))))))...........((((.....))))(((((..(((....)))..)))))..)))...))))))))).......)).)))))).)))))))).,-313.8,-0.3138,0.646
NCALD,ENST00000220931.11,3476,folded,1,1000,5prime_first_min_1000_nt,RNAfold 2.7.2,37,,1000,True,0.45454545454545453,0.476,.((((.(((((....(((((((..(((..((((((((.((.((((((....(((((((((((((.(((((((((.....)))).....))))))))))((((.(((.((.........)))))))))....))))))))...))).))).))))...))))))..)))...)..))))))...))))).))))..((((((.((((((((....)))......(((.(((....)))..)))(((...(((....)))..))).(((((..(((((((((.((((..((....((((....))))((((((.((....))..))))))(((((((.((.((((.((....)))))).)))))....)))).(((((((..((((((.(.(((((((......))))))).)((((((((((..(..((.((...(((((.((((..((((((....((((((..((.(((((........((((((((....((((((.((.((((((.((....(((.((...))))).....))...))))))((((.(((((((.....(((....(((((.((.........(((..(((((((...........((((.((((((.......))))))..)))).((.((.....))..)).)))))))..)))......(((((((((..(((...(((..((((((.........))).))))))...)))..))))...))))))).))))).)))))))))).))))....)).)))))).....))))))))...........))))).)).))))))..))))))..)))).).))))...)).))..)..))))))))))........(((..((((..((((....)))))))).)))....((..(((((.(.((((((.....)))))).).))))).)).)))))))))))))..))..)))))))))))))..)))))...))))))))))).,-286.0,-0.286,0.646
GFAP,ENST00000588735.3,5501,folded,1,1000,5prime_first_min_1000_nt,RNAfold 2.7.2,37,,1000,True,0.571168878385748,0.63,.((((((((((((..(((((..((......))..)))))))))))(((.((((((((((((((...)))))))).))).))).))).))))))(((((.(((.(((((...(((((...((((((((....((.((..((((((((((.(.((((...)))).)....(((.(((..((((((.((((..(((((((.....((((((((((.((((.((((((((.....(((((.(((((((........)))..)))).))))).....)))))))).)))).............((((((((..((((........))))(((((((.....(((.......)))(((((.(((((..(((((((.((((((.(((((((....))))))).......(((..(((..((((.....))))..))))))((((.....((((((........(((((((.((.((((...((((.((((.((....)).)))).))))((.((((.((......)))))).))......((((((.(.(((....((.(((((((..(.((.(((((........))))).)).)))))).)).))..))).).)))))).......((((((.(((....(((((((....((((......)))))))))..))...))).)))))))))).))))))))).))))))))))..)))))).((.....)).((.((...(((((((..((..(((...)))))..))))).))..)).)).(((((....)))))........))).))))..)))))))))))))))))..((((((...))))))..(((..........)))........)))))))).(((((((........))))))))))).)))))))).))))).....))))))))))..))).)))(((....)))))))).).)))))).)))))))))))))))...))))).)))))))).,-420.4,-0.4204,0.66
SLC38A2,ENST00000256689.10,4795,folded,1,1000,5prime_first_min_1000_nt,RNAfold 2.7.2,37,,1000,True,0.37413972888425445,0.451,...(((((..((((((((((..(((((..(((..((((((.(((((...))))).........(((....)))..((.(((.((..(((.......((((....))))..)))..)).)))))..(((((((((.........................((((.(((((((..(((((((((((((((((.((.(((...(((.....)))...))).)).)))))...((((((..(((((.((((((....(.(.((.....))))..))))))(((((((((((.........((((.....((.(..((((.......))))..)))...))))....))))..)))........))))......))))).))))))))))))))))))...))))))))))).....(((.((..(((...((((((((.(((...(((((...(((...(((((.((...((......)).((((.((((.(((..........(((((..(((((((...)))))))..)))))..........))).)))))))).(((((((((((((...)))).)).)))))))..)).))))).)))....)))))(((((....((...(((........)))..))....)))))((((((.........))))))..((((((....))))))......((.((((((((((((((.......((((((((.((......))..))))))))....))))))....)))))))).)).....))).))))))))..))))).))).((((.((........)).)))).....((((((......)))).))..((((((......)))))).(((((..((....)))))))............)))))))))))))))....))).))))).)))(((((....)))))...)))))))....)))))......((((..((..((....))..))..)))).,-264.4,-0.26439999999999997,0.594
ZDHHC23,ENST00000638807.2,6346,folded,1,1000,5prime_first_min_1000_nt,RNAfold 2.7.2,37,,1000,True,0.433028679483139,0.543,...((.(((((((((((((.(((((((((....(((((((((((((..(((((....)).)))....)))).)))))))))(..(((.((((((.....)).)))).)))..).(((((............))))).))).)))))).))))))))))).)).)).....(((((((((((..(.(((.(((((.(((.((..((.(((((((......(((((........))))).....)))))((((..((((...(((((((.(((((((....(((.(((((....))).)).)))....)))).))).)))))))..))))..)))).............((...((((..((((((.((((..(.((((.......(((((..((.((..((((((....))....((((.(.(((((((.(((((.(((((.((((((((((((((....)))))))).....))))))...)))))..))))....).))))))).).)))).))))..)).)))))))))))).)))).))))))..))))...)).........)).)).)).))).))))).))).)))))))))))).....((.((((.((((((((.((.(((((((((...(((((((..((((((((.((((...(((((((.((((....)))).)(((((((..((((((((.(((...)))))))))))..((((((((((.((((..(.(((.((((((...)))))).))).)..))))..)))))....))))).))))))).....((((((((((((....)))(((.(.(((..((((.(((((((.((.((((..((((((..((....))..))))..))..))))....))))).)))).))))....))).).))))))))))))))))))...))))..))))).)))..)))))))......)))))))))..)).)))))))).)))).)).....,-372.1,-0.37210000000000004,0.678
GAD1,ENST00000358196.8,3279,folded,1,1000,5prime_first_min_1000_nt,RNAfold 2.7.2,37,,1000,True,0.461421164989326,0.555,(((((((((((((.(((........))).)..)))).))))).)))...((((.((((.(((..((((((((.....(((((.((...((((.(((.((((...)))).)))..)).))....)).)))))....))))))))((((((((.(((((((..(.(((.(((......))).))).)..)).))))))))))).))(.((((((((.((.......(((((.(((...))).)))))...((((((....(((.((....)))))))))))((((.(((((((.(((((.((...((..(((((.....((((((((.((((...))))..))))))))......((.(((((.((...((((((((((....(((........)))....))))..)))))).)).))))).))(((((((.((((....))))......((((...((((((....)))).)).)))).((((((....))).))).(((((......)))))..(((((..(((((.((((((((((.((((......((((.(((((........((.((((....)))).))(((((((((.........))))))))).............))))).....((((.(((...........)))))))...((((....)))).(((((((((((...)))))))))))...))))...))))...))))))))))))))).....)))))....))))))))))))..))..)).)))))....((.((((.((((((...(((((((((((.((((....((((((((((((((.....))))))........))))))))))))(((((....)))))........))))))(((((((....)).)))))..................)))))...)))))).)))).))...)).))))).))))......)))))))))).)..))).)))).).)))...,-363.8,-0.3638,0.638
TSPAN7,ENST00000378482.7,1742,folded,1,1000,5prime_first_min_1000_nt,RNAfold 2.7.2,37,,1000,True,0.4672789896670494,0.507,((((((.((((((((((((....(((((.................)))))......)))))).......(((((..((((..(.(((((((....))))))).)..))).)..)))))..((((((.......(((.((((...(((.......))))))).)))..........))))))(.(((....))).)((((.(((((.((....)).)).....))).)))).)))))).))))))..........((((((.((((...(((((((.....)).))))).)))).))).)))((((((((.((((.....((((((..((((((((((((...(((.(.((...((((...)))).)).).)))..))))(((((((((((.(((.......(((.....(((((((....((((((.(((((((((((((((((((....)))))..(((((((......)))))))...(((...(((((.((........)).)).)))..)))......))))).))))).........((((((.((((...))))....))))))(((((.(((......))).)))))((((((.............))))))...(((((((...)))))))...(((((......(((((((..(((........)))...)).))))).......(((((((.(((((((.((.(((...)))..)).)).)))))..)))))))...(((.((((((.((((((((((((((.((.(......((...(((.........)))..))...))).)).))))))))))))............(((((..(((...........)))..)))))........)))))).)))....((((....).))))))))....))))))))))..))))))))))...)))..)))))))))))........))))))))..))))))..)))).))))))))....,-313.6,-0.31360000000000005,0.604
HTR3B,ENST00000260191.8,4406,folded,1,1000,5prime_first_min_1000_nt,RNAfold 2.7.2,37,,1000,True,0.47185655923740355,0.48,..((((((((..((..(((....(((((...(((((..((..((.((((...(((.(.(((.(((....((((((((((((((.((...((....))...))..))))).)))))))))....))).))).))))....)))).)).((.(((..((((((((...(((.((((((((.(((((((...((...(((((.....((((((((..((((...))))..))...)))))).....(((.....)))...((((.....((((......))))...))))......)))))))..)))))))(((((((....))).)))).((((((........)))))).))))))))........(((((.......)))))(((((((..((((((..((...(((((....)))))((((....))))..........((((((.....)))))))).))))))..)))))))..(((((..((.(((((((((...(((((((((((((((.(.(((..........))).)..))))))))..)))))))((((((..(.((.((((............((((((.((((((((.....))..)))))).((((.(((((((((..(((..((((((.((...((........)).)))))))))))..))))))))))))).))))))...)))).)))..))))))...((((((((((..((((((....)))))).))).)..)))))).(((((...((((((((((((((......((...((((...)))).))))))))....))))))))..)))))...)))))))))))..))).))))).(((((((..((((((..(((((.....))))).....))))))...))))))).))))))))..))))).....))..)).))).)))))...)))..))..........))))))))......(((........))).....,-306.4,-0.30639999999999995,0.636
CSF1,ENST00000329608.11,3994,folded,1,1000,5prime_first_min_1000_nt,RNAfold 2.7.2,37,,1000,True,0.5918878317476214,0.592,((((...((((((((.(((.......))).)))))))).))))((((((...((((((.(((........))).)))))).(((((...))))).)))))).....(((((..((((..(((.(.(((((.(.(((((((((((......(((((((.((..(((.((.((..........)))).)))..))))))))))))))))))....((((.(((((((.((.((((((...(((((....((((((.....))))))....)))))((((((...((.((((.((((......(((((((..(((.((((.(((.(((((.(((((((((...((.((((.((((.((.(((((((((((((...))))).((((....((((((((((.(.((....)).).)))....((((...))))......)))))))...))))...((((......))))..((((((((((.....((..((.(((((.......)).)))..))..)).....))))))))))(((((.....)))))................))))))...)).)).)))).).))).))...((((....))))))))))))).)))..((((((....(((((........))))).....))))))..((.(((((.....(((((((((..(((......))).)))))))))...)))))))..))))))))).)))..)))))))....))))..)))).))...))).))).)))))).)))))))))..))))...........)).)))))).).)))..))))..)))))((((.(((((((((((.(..((((((((((.(((....))).))))))((((((((.......((.(((....))).))..))))))))(((...)))(((((((.....((((..........)))))).))))).)))).))))))..))))))..)))).........,-384.2,-0.3842,0.644
UHRF1,ENST00000650932.1,3898,folded,1,1000,5prime_first_min_1000_nt,RNAfold 2.7.2,37,,1000,True,0.5574653668547973,0.65,.((.((.(((((......((((((.((((..((((.(((((((((((.((((((.(((.....((((((.(((((((.........(((((...))))).........))))))).))))))..(((((.....))))).))))))))).).)))))))..(((...)))..(((((..((((.((.((((((((((((((.((((((..((.((((((((((((((((........((((.(((((((((((((..((.((((((((((.(((..(((((((..(((((....))))))))))))..)))......((((((((.(((((.........(((....))))).))))))........)))))))))))))))))..))...)))))).))))).))))((((((..(((((((...((.((....)).))..))).)))))).))))))))))))...))))))))..))..((((((((((...)))).(((((((((.(.......).)).)))).)))...)))))).)))))).......(((...((((((.......((((.(((.(((.(((...(((((..((((..(....)..))))..))))).)).).))).)))...))))......)))))).))).((......))))))..)))).))))))))))))..)))))((((..((((........((((...))))..(((((((((.....))).))))))..))))..)))).....))).)).)))))))))))).(((((.(((.((......)).))).)))))))))).)).))..((((.((((.(((((((....((....))..))))).)).))))..)).))(((((((((((.(((.(.(.((((((.(..((((.((.....)).))))..).)))).)).).)((((((((..............))))))))))).)))).))..))))).,-430.4,-0.4304,0.668
DIRAS1,ENST00000323469.5,3378,folded,1,1000,5prime_first_min_1000_nt,RNAfold 2.7.2,37,,1000,True,0.5956187092954411,0.67,.((((((((.((((...(((..((........))..))))))))))))))).(((((.((.(((((..((((.((((.((((((..(((.....)))..))))))...))))..))))((((((..((((((((((...((((((...........(((((((((.(((((((((((((((.(((.((.(((((...(...((((.((.(((((.(((....))).))).)).))))))).))))).))))).)).))))..))))).)))))).)))))))..(((.(((...(((((....)))))...).)).)))......))))))(((.((((((((......(.(((((.((((.........(((((...)))))....((((((........))))))...)))).))))).))))))))))))((.(((((..(((((((.....)))...))))...)))))))...))))))))..))..)))))).....(((.((.((((.((((.((((((.(((...(((.((((.(..((((((((((..((.(((((((....))))))).....((((((((.((.((........(((((.(.((((((....)))))).))))))..((((.(((((((....(((........)))...))))..)))))))((((((.((((((((((((...((((...((((...((((......)))).))))...))))....)))...((.((..................)).))...........((((........)))).....)))))))))......))))))....)).)).))))))))...))..))))))))))..).))))))).(((((.((((..((...))..)))).)))))...))).))))))))))))))..)))))(((((.(((((....................))))).))))).))))).)).))))),-426.8,-0.4268,0.64
ARL4D,ENST00000320033.5,1578,folded,1,1000,5prime_first_min_1000_nt,RNAfold 2.7.2,37,,1000,True,0.5481622306717364,0.618,...((((..((..(((((.((((((((((((.(((((...)))))((((.((((.(((((...)))))...((((.((.(((.((((((((((...............))))))))))))).)).)))).........)))).))))((((.....))))..(((((.(((...(((....)))..))))))))..))))))))))))..)))))..))))))(((((((...(((((((.(((...((((.((.(((........))).))..))))......((((.((((((((.((............(((..(((((((((((.(((.(((.....((((....(.(((((.((((((((((.(..((((((((.(......))))..)))))..).))))))))))((((..((((((.....)))))).))))........))))))...))))..))).))))))).)))))))..)))((((((..((((......))))..((((......))))...))))))..((((.((....)).))))(((((((((((((.(((((((........)).)))))))..))))))).)))).)))))))))).))))((((((((.(((((((.(((.((((((..(((..........)))...))))))))).)).))))).)))..)))))))))))))))(((((((((((((.((((......))))..)).....)))).)))))))((((((....(((((((.(((....(((((..((((((((((((((........)))(((((...(((.(((..(((((.((....)).)))))....))).))))))))((((((((((...)))..)))))))....))))))).))))...)))))))))))))))..)))))).((((((..(((((((((((.((.((((....)))).))))))))))))))))))).))))))),-449.9,-0.44989999999999997,0.69
IKZF2,ENST00000434687.6,9562,folded,1,1000,5prime_first_min_1000_nt,RNAfold 2.7.2,37,,1000,True,0.35777034093285925,0.479,(((.((..((((((((..........)))).)))).....(((.....)))(((((....(((....(((((.(((((((....(((.((((((((.(.(((....))).))))).(((((((((......(((((....(((...(((((((((((..(....)..)).)).......))))))).)))..)).))).........(((((((((((.(((((.((((((((......))))....))))..)))))..)))...)))))))).((((((......))))))...)))))))))..))))..)))....))))))).)))))....))))))))......(((((((.....((((((........))))))....((((......)))).....(((..((((((((((((((.(.(.((((((.((....(((((((..((..((((..((((.....((.......)).......))))...))))........(((((((.((((....))).).)))))))((((.....(((.(((.((((.((((..((............((((......))))......(((...))).))..)))).))))...(((....))).))))))..)))).....))..)))))))...)).)))))).).).))))))).....)))))))..)))...(((((((((((((((((((..(((..........))).)))))))))..))))))))))(((((((((....))))))))).........)))))))((((((((..(((.((((....(((((((((....((((....)))).)))))))))..(((...(((...))).)))((((((...))))))...........((((..((...((((((...(((......)))...))))))...))..))))...)))))))..........))))))))..)).)))...,-297.9,-0.2979,0.6
OGDHL,ENST00000374103.9,3706,folded,1,1000,5prime_first_min_1000_nt,RNAfold 2.7.2,37,,1000,True,0.5852671343766864,0.602,..((((((((((.........))))((((((((((....((((((...(((((((((.(((((((.(((.((((......))).....).))).))....))))).((((((((......))).)).))).)))))).))).))))))((((((..(((.(((...((((((((..((.((((.((((((((..((((.....(((((..((((..((((((((((((((((((......)))))..........))))))((((....)))).((((((((((((........((..(((((...(((((((((((((.((((....)))).))))))((((.((((((.((.........(((.(((((.((.((.(((((...((((......))))..))))).))...)).))))).)))..)))))))).)))))))))))..((((.((...)).))))(((((((...))))))))))))..))...))))))))))))..((((..(((((((((((((((...(((....))).))))..............((((((((.........)))))))).........)))))).)))))))))......)))))))....(((((...........)))))...))))))))).....)))).))))))))...)))).)))))))).))...))).)))..))))))((.(((((..((((((((.((((.(((.(..(((((((..(((((......(((........)))((((((.....)))))).))))).)))))))..).))).))))))))))))..).)))).))((((((((.(((....)))...)))).))))((((.(((.((.((((((.(.(((.......)))).)))))).)).)))..))))....((((..((((((((.(........).)))))))).))))......)))))...)))))..)))))),-402.7,-0.4027,0.66
ITGB8,ENST00000222573.5,8974,folded,1,1000,5prime_first_min_1000_nt,RNAfold 2.7.2,37,,1000,True,0.38734120793403165,0.676,...(((((.......((((((((((.(....).))).))))))).)))))..(((((((..(((((((((((((.(((((.((((((((((((.(((((...)))))...)))))).............((((((((((.(((((((.((.(((((.....))))))).))(((((....)))))))))).)))))))))).)))))).)))....((((((((...))).)))))...((((..(((((((....(((....)))...)))))))))))..))))))..))))))))).((((((((...)))).))))(((....)))(((..(((..((((..(((......)))))))..)))..)))...((((........))))...................((((((((((((((....(((((.(((...(((..(((((((((......)))).)))))(((((.(..((((((..(((((((..(((.((..(((((.(((((((.....)))))))))))).)).)))..)))))))....)))))).).)))))....)))....))).))....)))((((((.((((.((((((((.(.((((((((.....(((.((((((((((...)))).))).....((((..((((((((...))))))))..))))))).)))...)))))))))))))))))))..((((((..(((((((((((.(((((((..((((.((.((((..((((.(.((((((.(((((((((((((...(((.....)))))))))....(((((...(((.(((....))).))))))))))))).)).)))))).))))))))).)))))).))))))).))))((((((((..((((((...))))))..))))))..))......)))))))))))))))..))))))...))).))))))))))).))))))).....(((((...))))),-476.2,-0.4762,0.7
PTGS2,ENST00000367468.10,4510,folded,1,1000,5prime_first_min_1000_nt,RNAfold 2.7.2,37,,1000,True,0.36829268292682926,0.488,...((.(((((........((((((...((((((.(((..(((....)))..)).).).)))))...))).)))(((((((((((...........(((.(((((((......(.((((.(((((..(.((.((.(((.((((.(((......((((.((((.......)))).))))...(((((((....)))))))(((((((((((.((..((....))...)))))).).)))))).......(((((.(((((.(((((....(((..(((((((.((..((((((((........)))..)))))..))))))).................))..)))....))))))))))..)))))....((.(((.(((((....((((.((((....)))).))))..))))).))).))...((((((....(((.((((..((((((((.((((((((((..(((......)))..))))((((.((..((((.....))))((((((....(((((................)))))..))))))....(((((..((((.((((((.....)))))))))).)))))...)))))).........)))))).)))).)))).......((((...)))).........(((((.....)))))...((((.((((((.((.......(((...)))...)).)))))))))).)))).)))..))))))))).)))).))))).)).)..))))).)))))..))))))).))).............))))....))))))).....(((((...))))).((((((....)))))).......((((((((.((((.(((.(((.......))))))))))..........((((((.((((.(.....((((((...(((((..((((.(....)..))))..)))))))))))....).))))..))))))))))))))..))))).))..,-285.7,-0.2857,0.608
HVCN1,ENST00000242607.13,1685,folded,1,1000,5prime_first_min_1000_nt,RNAfold 2.7.2,37,,1000,True,0.5056379821958457,0.539,...(((.((((...))))..)))((.((((((((((((..((..((((((((.(((.(.(((((.(.(((((((((((((((.....(((......))).(((......))).......)))))).)))))..)))).).))))).)))).)..((...((..((((((((((.((((.......((((((((.(.....).)))..(((((..(((((......((((((.....))))))....))))))))))................)))))...(((.(((((((.(((((((((((..(((((((((((((.((((((((((((.(((..(((((.(..(((((.......))))).)))))))))(((((........))))).((((((....))))))((.(((.((((....(((((((...((((((....(((.((((((((((.....))))))....)))).)))))).)))...)))))))...)))).))).))((((.(.((((((..((((((((((.(((((....))))))))))........((..(((.(((((.(((......))).))))).)))..))..........)))))....).)))))).)))).........))))))))..)))).....)).).)))))))).))..))).)))))..).)).))))))).)))..((((((.((((...(((((...)))))))))....)))))))))).).)))))))))))...)).....((((((....))))))((((((.....((((((.((((....((((((((.......(.(((((.(.....(((...)))).))))).)))))))))....)))).))))))......(((....))).....))))))...((((.((....))))))...)))))))........))..)))))).)..))))))).........((((...))))..,-344.0,-0.344,0.636
ADAM11,ENST00000200557.11,4614,folded,1,1000,5prime_first_min_1000_nt,RNAfold 2.7.2,37,,1000,True,0.6248374512353706,0.687,...(((((((.(((((((....))).)))).).))))))...((((((.(((((((((.....((((((....((..(((...(((.....)))..(((.....)))...(((.(((((((.(((((((.(((((((((....(((....(((((.((.......(((((((.(((((((.((.((((((...)))).)).............)).))))))))))))))(((((((..(((((...((....)).))))).....))))))).....((((((...)))))))).)))))...))).))))))))).....))))))))))((((((((....)))).))))..(((....(((((.((((.((((.(.(((....((((((.((((((..(((((.((.((((((...((((((.((.((.....)).))))))))...)))))).))(((...(((((......)))))...)))...........(((((((((((..(((..((((..........(((((((((.((.....((((....))))....)).))))))))).....)))).)))..)))))).)))))....))))).....(((((((.((..(((((((........)))))))..))....))).))))...((((((.((((((((((((((....)))))...))))....))))).))))))..(((((((..((.((((((((....))))))))...))....)))))))......)))))).))))))((((.(((((....)))).).))))..((((...))))...))).).)))).)))).)))))..)))......)))).))).)))..))....))))))..))))))))).......))))))(((((....(((......))).....))))).......(((((((.((((((...((....)))))))).)))))))........,-452.8,-0.45280000000000004,0.634
IRAK2,ENST00000256458.5,3431,folded,1,1000,5prime_first_min_1000_nt,RNAfold 2.7.2,37,,1000,True,0.5150102011075488,0.582,(((((((....((((((((((((..((((((((((((((...(((((((((..(((((.((((....)))))))))..))..))))..))).))))).))))))..))).(((((.((((.((((....((.((((.((((((((((..((((((((.(((.((((........)))..).))))))).)))).)))))...))))).))))))(((((.((((((((.((.....))...)))))))))))))....(((((.((((..........)))).)))))((((((((((...((.(((((....((...))(((.((((....)))).))).((((((((((((..((.((...((...((((((......)))))).))....)).)).))))))).)))))..))))).)).)))))))))).((((((((((.........))))....)))))))))).))))..)))))..)))))).(((((.(((....))).)))))..((..((((.....))))..)).......((((.((((((.((((..((((.....((..(((((...((((((..((((...))))..)))))).)))))...))...)))).)))).)))).)).))))))).)))....)))))))...........((((....(((((((((((((((((((.......(((((((.(.(((.(((((((((.((((...........(((((...(((((((.((((......((.(((..((((....))))..))).)).......))))..))))))).)).)))........)))).))).)))))))))).)))))))((((..(((...)))..)))).................)))))).))))))))....((((..(((..(((((((((.((...((....))))))))))))))))..))))(((....)))...)))))...)))),-382.6,-0.3826,0.66
GRM8,ENST00000339582.7,3704,folded,1,1000,5prime_first_min_1000_nt,RNAfold 2.7.2,37,,1000,True,0.45707343412526996,0.517,.(((((((.((....(((((((((((.(((((((((((.((((((((...((((.(.(((....)))).)))))))))))).)))))....(((((((((((((((.(((.((((...........)))).))).(((((((((((.....)))))))..((((((((..((((.((......)).))))..)).......(((((((.((((.((.((((.((((((.......((((....(((.....)))....))))..)))))))))).)).)))))))))))........(((((.((((.....((((....))))..))))..)))))))))))..))))..)))))).....)))).)))))(((((.(((.((......))))))))))....))))))...........(((((.(((((.(((((.(((((.((....))....)))))))))).((((((.((((((..((((((((((.(((((((.((....((.(((((((((..((.(((........))).)).)))))).....((((((..((((((..(((((....)))))..))).)))..))))))(((((((((((.((.(((.(.....)))).)).)))))).))))).)))))....)).))))))).))))).........((((......(((.....))).....)))).....)))))...))))))..))))))..((((.(((((((((((.((((....((.((.((((((((((.((....)))))))))))))).))........)))).))))))..)))))...))))(((((....)))))..((..(((((........)))))..))))))))))))...))))))))).))....)).)))).))).(((.(((((.....)))))..)))...((((((((....))))))))...........(((.((....)).))).....,-333.9,-0.3339,0.65
SHD,ENST00000543264.7,1910,folded,1,1000,5prime_first_min_1000_nt,RNAfold 2.7.2,37,,1000,True,0.6628272251308901,0.71,(((((((((.((((...((...(((((.(.((((....(((((((.(....).)))))))....)))).)))))).)))))))))))))))(((((.....)))))....((((((((((((((.((((....)))).))))))))))))))((.(.((.((((((((.((.(((((((..(((((((((((((((((....)))..(((.((..(.((.(((((........))))).)).)..)).)))))))).)))))))))...(((((((((((.(((((.((.((((((.....(((.....))).......)))))).)).))))).(((((((((((((((.((((((((.((.(((((.(((((((...((((..((...))..))))..)))).)))...(((((.(.(((((((((((..((.(....).))..)).))))))))).)...))))).))))).))))))))))))).((((.((((((..(((((((((((...((((.(((...))).)))).....)))))).))))).........)))))).)))))))))))))))).(((((...(((((((((.......(((......................((((........))))....((((..((((((..(((.......(((((((.(((((((((((...(((...((.(((..(((.((.....))))).)))))...))))))))))).).))(((((.((.....)).)))))....))))))))))))))))...)))).....((((.((((....)))))))).(((((((((((((...))))))..))).))))....))).......))).))))))....)))))....)))))))))))....((..(.((((((((...))).))))).)..))...))))))).)).)))).)))))).).))((((((..........))))))..,-498.2,-0.4982,0.672
ACSL6,ENST00000651883.2,6535,folded,1,1000,5prime_first_min_1000_nt,RNAfold 2.7.2,37,,1000,True,0.4074980872226473,0.592,.(((((..(((((((.((((....))))..))))))).))))).((((((((((((((((((((((((.((((.((((......)))).)))))).))))))((...))....(((((((...(((..(((((((...(((((........)))))...))))))))))....))))))).))))).((((((((..((((..(((.((((((((((((((((.....).)))))).)))).....))))).((((.((((((...((((((.(((.((((.(((.(((((.((.(((((..((((..((((.......((((...))))..(((((((((((....(((((((((...)))))........))))...)))))))((((((((..((((.(..(((((.((((.....))))...)))))((((.((.(((.((((((((((.......(((((((..(((...)))..)))))))((((((.(.(((((((((..(((((....)))))...((((((........)))))).(((((....)))))..))))))))).).)))))).)))))))....((((((......(((((((...((((((((......))))))))))))))).......((((((.(((.....(((((((((.((.(((((((.(((.....)))))))))).)).)))))))))))).)).))))))))))...((((((.............)))))).....))).))).)).))))......).))))..)))))))).))))..))))..)))).))))).))))...)))))))))).))).))(((((((((((((((((((......(((((.........))))).........)))))).......))))))).)))..)))))))...)))))).)))).)))..)))))))))))).)))))))))))((((.......))))....,-419.9,-0.4199,0.682
SNORA77,ENST00000408716.1,125,folded,1,125,5prime_first_min_1000_nt,RNAfold 2.7.2,37,,125,False,0.568,0.568,((((((.......(((((((.(((......))).))))))).......))))))...........(((((((.((((((..(((((..........))))).)))))).))))))).........,-53.1,-0.4248,0.544
FBXW7,ENST00000281708.10,5639,folded,1,1000,5prime_first_min_1000_nt,RNAfold 2.7.2,37,,1000,True,0.45664124844830645,0.729,..(((((..(((.(((....))).))).))))).((((..(.((((..((.((((((((((((((((((((.(((..(((((.((..((((.(((.((..((((((((((((......((.(....(((((........)))))...)))......)))))))))))).)).)))..))))..)).))((((((.((((((.((((((....((.....))(((((..(((((........)))))..)))))((((...(((((..((.(.((....)))))..))))))))).)))))).))))))))))))......)))))).))).))))))..((((.(((((......))))).))))(((.....(((((((((.(((((...(((((.(((((......)))))...((..((((((((((((((((((((.((..(((((.((((.((((((...((((((((.(((((((((...((((.((((.....)))).))))))).))))))...))))))((((((...(((...))).((((..........))))))))))..))...))))))..((.((((((.....)))))).))....)))))))))..)).)))))))))))((..(((.(((.(((((((....))..))))))))))).))..)))))))))..))((((((...))))))((((((((..((.((((((((((((((((((.((((.(((((((((((....)))))))....))))((((..(((((((...((((...)))))))))))..)))))))).))))))))))))).....((((......))))......................(((...))).......))))).)).))))))))..))))))))))))))))))))))..((((........))))............((....)))).)))))))..)).)).)))))..)))).,-545.2,-0.5452,0.676
JUP,ENST00000393931.8,3505,folded,1,1000,5prime_first_min_1000_nt,RNAfold 2.7.2,37,,1000,True,0.6148359486447932,0.648,...((((.(((((((((((.(.(((((((((..((((((((((..((.(.((((..((((((.(((.(((((((.(((((((((((((((..((((((((((((((((((((((.((..(((.....(((.((((....((.((...(((((((((..((((....))))..))((((((........((((.((........))))))))))))((((((((.....)).)))))).))))))))).))....)))).)))..)))..)).)))))).(((((........))))).......................(((((...)))))......((..((((((....))))))..))......))).)))))....)))).))))...((((.((....((((.((((((((((.....))))).....))))))))))).))))..(((((((..........((.((((.(((((((((.((....)).)))).(((((((.(((((.(................).)))))))))).))))))).)))))))))))))((((..........)))).....)).))..)))).))))).))))..))).))...))).)))))).))))).))..(((((.((((....(((((((((....)))))))))...((((((((...(((.((((.....))))))).....(((((..(((....)))..)))))..)))))))).....(((...((((((((......)))))))).))).)))).)))))..))))))))))....))))))))).)((((((....((((.((((.(((((.(((..(((...................)))..))).))))).....)))).))))((((...)))))))))).)))))))..)))).))))..((((((((....))....((.((((........)))).)))))))).......,-419.8,-0.4198,0.636
RFTN2,ENST00000295049.9,5419,folded,1,1000,5prime_first_min_1000_nt,RNAfold 2.7.2,37,,1000,True,0.37423878944454697,0.401,......(((((((((((((...............)))))))).)))))((((((.....(((((................)))))............(((((.((((((.....(((.(((((((((((((.((((((....((((....)))).((.(((((((((((....((..(((..((((((((((((..(((.(((...((..(((((...(((..(((....(((..........)))...)))..)))...)))))..))))).)))...((((((...................))))))..............)))))))).)))).)))....))...)))))))))))))...(((.((((.(((.(((.((((((................)))))).)))...))))))).)))((((....))))..........(((..........))).)))))).)))).))))((((((((...((((....)))).((((((((((((((((((.((..............(((((.........((((...........)))))))))..................((((((((....))).)))))....((((((((...........((((......))))))))))))....((((((.((((.......)).)))))))).........)).))))))))))......))))))))...))))).)))))))).)))..)))))))))))(((..(((((((((((((((((.(((((((............(((..((((..(((...........)))))))....)))............))).)))).)))).....)))))).))))))))))....((((((.....)))))).((((...))))...))))))......((((((.((((((((((((((....).)))))).))))))).........)))))),-240.7,-0.2407,0.566
PTPN5,ENST00000358540.7,3091,folded,1,1000,5prime_first_min_1000_nt,RNAfold 2.7.2,37,,1000,True,0.5991588482691685,0.64,..((((((.((....)))))...(((..((((((.(((((.(((..(((((.....)))))(((..(((.(((((((..((((((.(((((((((.(((.(((.....)))..))).))(((...((((((((.(((......((((((...))).))).......)))))((((...(((((((((((....((((..(((.(((((.....(((.((.(((...((((.((..((......))..)).))))...))))).)))...(((.(((...........))).)))(((((((((((...........((((.........))))......(((((......))))).((((.(((((.((((...........))))..........))))).)))))))).)))))))........((((((..((((...(((((((.((((((((...((.((((...((((.(((..((((((((((..((........))..)))))).)))).(((((..(.((((.....((.(((.......)))...))......)))).)..)))))..)))))))....)))).))...(((..........))).))))).))).)))))))...))))..)))))).))))).)))...))))......))))))))))).))))((((.((((...((((((((((.((((....((((....))))..))))..)))).((((..(.....)..))))...........)))))).((((((.(((((.......))))).)))))))))))))).)))))))))..))))))).))))))..))))))).)))..).))....(((.(((((.....(((.((....)).))).)))))))).)))..)))))((((....))))(((......))).)))))).)))((((((((.(((((...))))).))))))))......))).......,-394.6,-0.3946,0.618
GLTP,ENST00000318348.9,2407,folded,1,1000,5prime_first_min_1000_nt,RNAfold 2.7.2,37,,1000,True,0.5060240963855421,0.601,.(((.....)))((((((((.((.(((((((.....(((((((.((((((((((((.......))).)))))(((((..((((((((.((....)).))).)))))(((((((((.(((((.((((((((.(((......)))....)))))))).))))).)).....(((.......)))......(((((....((((.....))))...)))))((((((...((((..........(((((((...)))).)))))))...))))))((((((((......(((....)))....)))))))).((((.((((.((.................((((.((.........)).))))...((((((.(((((.(((......))).))).............)).))))))...(((((((.......)))))))..)).)))).))))(((((..(((((((.....((((.(((((((((((((((..(((((((((..((((((((((((.(((............))).)))(((....)))......((((........)))).(((.(((((.((.(((..(((((........))))).)))))(((.(((.................))))))))))).)))...))))))))..)..)))).)))))..))))))))...)))))))))))....)))))))..))))).......(((((..((((..((((((((...))))).)))....))))..))))).((....(((((...)))))....))(((.((.(((.((((.........)))).))))))))....((((((....(((..((((((..........)))))).)))......)))))))))))))...))))))))).)))..))))..))))))).))....))))))))..........................(((((((........)))))))..,-393.7,-0.3937,0.6
GRIA3,ENST00000620443.2,5148,folded,1,1000,5prime_first_min_1000_nt,RNAfold 2.7.2,37,,1000,True,0.43278943278943277,0.493,............((((((..(.(((((((((((.........(.((((((.((.((((((...........((((.(((((((((((....(((((..(((((..(..(((.((((((((((.(((((((((..((..((....(((................)))....))..))...)))))))))...))))).))))).)))..)..)))))..)))))((((.(((.((.(((((((.((((...)))).))).)))).))))).........((((((.....)))))))))).)))))))))))..))))(((((((((.(((..((((((..(((((.(((((...............)).))).))))).))))))....(.((((.(.(((.((((.....)))).)))).)))).).......................))).)))))))))((((..(((.((((...)))).)))..))))))))))...)).)))))))........)))))))).))))..))))))(((...((((...(((.((((.(..(((..((((.....))))..)))..)((((.((((((..((((..((...)).))))(((((((((((((..(((((((((((((((.((((.(((((...)).))).((((.((((((.........))))))...)))).....)))).)))......)))))).)))))).)))))((((.............)))).((((((((...((..((..((((....((..((((........))))))..))))..))..))...)))))))).)))))))).(((((....(((((........)))))....)))))))))))))))...............((((((....)))))).(((((...((((((((......))))))))))))).(((.....))))))))))...)))).....))).,-306.3,-0.3063,0.618
ABCD4,ENST00000356924.9,3035,folded,1,1000,5prime_first_min_1000_nt,RNAfold 2.7.2,37,,1000,True,0.5041186161449753,0.55,.((((.(..((((.((((((((((.((((((.(.(((.....((((((((...((.((((((((.(((((((((((((....((.....))....)))))))...(((((........)))))..((.(((......)))))....(((((((((((((...((((.((((.....(.((((((((((........)))))).)))).)......))))))))...))))))..))).)))).((((..((.((((((...))))))......((((((((..(((((((..(((((..............)))))..))).((((((((.((((......)))).))))))))(..(((((..(((...)))..)))))..)(((((.......)))))...((((............))))((((((((.............))))...))))))))))))))))(((.((((.(((.((((.(((.(((....)))...))).)).))...)))..)))).)))....))..))))..........((.((((((...)))))).)))))))).))))))).).))..)))))))).......))).).)))))).)))........(((.((((((((((((((((((((((.(..((.((((((...((((.((((((....(((((((..((((((.(......).)))..))).)))))))...)))))).(((((((((((((.((.(((.(.((.((.....)).)))))).)).((.(((((((.......))))))))).))))))....)))))))((((.....)))).......(((..........))))))).))))))))..)))).)))))))))).............))))))))).)))))))))).))))..).))))((((..(((((.((..(((.((((.....).))))))..)).))))).))))........,-355.2,-0.3552,0.634
YWHAG,ENST00000307630.5,3705,folded,1,1000,5prime_first_min_1000_nt,RNAfold 2.7.2,37,,1000,True,0.4647773279352227,0.605,...(((((((((......((((.((((((((.(.(((((((((((.(((.((.(((((((.((.((((.(((((((.(((.(((.(((.(((....(((....((((.(.....).)))).....)))....)))))))))))).((((.((..((((.(.(((........)))..).))))..)).)))).))))))).)))).)).)......)))))))).))).))))))((((......(..((((((....))))))..)..((((...((((((.(((((((((.(.((...((((.......)))).)).).))))).........(((((.((((((((((.(((((..(((((...((((.(((.((.....(((((.....))))).....)).......(((((((.(((.((((...((.(..(((((....(((.(.((.((.((.((.(((((((((.((((..((((((.(.((((((.(...((.........))...).)))).)).).)))))).((((((...)))))).)))).........((((.(((((.(.(((....))).).))))))).))..........((((..((.((.(((.(((.((...)).)))))))).))..)))).........((.....)).)))))))))..)).)).)).))).)))...)))))..).))))))))).))))))))))))))..)))))........)))))..))))))).((((((...((..(((((....)))))..)))))))).......))).))))).(((.((((...)))).))).......)))).))))))...)))).........))))))))))..)))))).)).))))..))).))))))((((((..........((.((((.....))))..))....((((.........)))).))))))......((((((.....)))))).,-356.8,-0.3568,0.62
CA2,ENST00000285379.10,1562,folded,1,1000,5prime_first_min_1000_nt,RNAfold 2.7.2,37,,1000,True,0.4193341869398207,0.502,(((.(((.((((.(.(((((.(((((.....(((((.((((((((.(((((.(((((...(((.((((.(.(((...)))....).)))).)))..))))...........(((..(((.(((.....((....))))).)))..))).(((((((((((((..(((((....))))).((((((......))))))...(((((.(((.(((((((.((.((((..((((((((.....((((((((.((((........))...((((((...(.(((((((....))))).)).)..)))))))).))).)))))(((((((.(((.((.....((.((.....)).))....)).)).).))))))).((((.....))))((((.(((((((((..........))...)))))).).))))....))))).)))..))))...)).))).)))).))).))))).(((....)))........))))))).)))))).......((((((((((((((..........)).))))))))))))(((((((((((..(((.((((......(((((((.((.(((...(((...........)))...))).)).)))...(((.(((((....)))).).))).....(((((.((((.....((...(((......)))..))))))))))).))))......)))).)))...)))))))))))).))))).)))).....((((.............))))((((((...(((((((((((.(((.((((((..(((((.....)).)))....(((((...((((........)))).))))).........)).)))).))).))..............)))))))))....))))))......)))).)))))....))))).))))).)))))...))).)))((((((....))))))...(((((........))).))......,-294.4,-0.2944,0.61
E2F3,ENST00000346618.8,5036,folded,1,1000,5prime_first_min_1000_nt,RNAfold 2.7.2,37,,1000,True,0.4630659253375695,0.617,...........((..(((....)))..)).....(((.(((((((((.(((((......))))).)))(((((...((((....)))).((((......))))...((((.(((((((((((.(((((.........)))(((((.(((((((((((((((.((((((...............)))))))))(((...))).................))))))).))))))))))..)).))))))))))))))).....((((.((((.(((((..((((..((((.....................................................))))..).)))..........((....)).((((..(((((((..((((.(((((((((((((((.((.((.((.((((((....)))))).)).))(((((((..(((..........)))..)))).))))).)))))))...((((((((((((((((((((((((((.((.(((((.....................(((((..............)))))..............((((((..(((((.((((((...((.((((...(((((...))))))))).))...)))))).))......)))....)))))).(((...(((.....))))))((((((....))))))....))))).))..)))))))))))))))))))))))))).(((((((..(((....)))...))).)))).....))))))))))))))).)))).((((....)))).....))))...(((....(((.(((....))).)))....)))......)))))..)))))))).........)))))..........(((((((......))))))).((((((((((...)))))(((((.((((....)))))))))...)))))..)))))).)))(((((...)))))......,-417.19,-0.41719,0.582
RFFL,ENST00000394597.7,7210,folded,1,1000,5prime_first_min_1000_nt,RNAfold 2.7.2,37,,1000,True,0.47018030513176146,0.551,.........((((((.((((((((.(((((((((((((....))))).....(((((...........))))))))))))))))).))))..))))))(((.(((((.(((...(((((((((.....)))).))))).)))((((((......(((((.(((((((..(((((.(((...((((....))))....)))..))))))))))))..)))))))))))........(((((.((.(((.((((..((......(((..((((((((.((((........((((((((..............((.(((((((..(.((((((.((.(((((((((...)))))))).).)).(((((((((..(((((((..((((.........)))))))))))....)).))))))).....((((((...)))))).(((((.((((...((((((((((((((((((.....)))))..((((...((((.((....)).))))....))))....((((((....)))))))))))))(((..(.(((((((..((((....))))))))).)))..)))..))))))(((....))))))).))))))))))))))))))).)).))))))))..)))).)))))))))))............(((((..((((..(((((...(((..(..(((.((.((((..(((..(((((....((((((((....(((((((((.(((((((....(((.(....).))).))).))))))))))))).....))))))))((.......))((((....))))(((((((((....))))).(((((....))))).....)))).))))))))..)))).)))))..)..))).)).))).(((((((((.....((...(((((..........))))))).....)))))))))..)))).)))))..)).)))).)))))))))))))))))).,-360.3,-0.3603,0.668
DPP6,ENST00000377770.8,4826,folded,1,1000,5prime_first_min_1000_nt,RNAfold 2.7.2,37,,1000,True,0.534604227103191,0.57,...((((.((..((.((((.(((((((((.....(((((((((.(((......(((.((((.((((((((....(((((.(((((.(((.(((((((....((((......))))....))))))))))))))))))))...))))))))..)))).)))........))))).)))))))..((((..(((((((((((((((((((..(((((.(((((.(((.(((((.((...)).)))))((..(((((.(((.......))))))))..))))).)))))))))).)))))(((.(((((((((.(((((((((.(((((...............)))).).)))))))))((((..............................))))....))).)))))).)))((((.(((....))).))))...(((.(((((((........)).....)))))..)))))))))))((((.(((((.(((..(((.((.((((.((..((..(((((.((((.((.(...(((......)))..))))))))))))..)))).)))).)).))))))))))).)))))))))).))))((((.((....)).))))((((.(((......))).)).))((((((..((((((.((((.(((((...((.(((......))).))((((.(.(((((...........))))).).))))))))).)))).)))))))))))).((((((......))))))..((((((.(....))))))).......((((((((....((((....((((((.(((.....))).))))))...))))...........((....))....((((((.(((........))).)))))).))).))))).........((((((.((((((((((......)))).)))))).))))))......))))...........))))).))))))..)).)))).,-412.0,-0.412,0.644
ADRA1B,ENST00000306675.5,2507,folded,1,1000,5prime_first_min_1000_nt,RNAfold 2.7.2,37,,1000,True,0.6465895492620662,0.65,.(((((((..((((.((.((..........)).)).)))))))(((((((((((...((((........))))...).))).))))))).((((.((....)).))))((((((((.((((((............(((......)))((((((((..((((((((((.(.((.(((.........(..((((((((((.(((........................)))))))).)).)))..)..))).)).)))))...))))))))))))))(((..((((((.(((((((((....((((((((.(((.((((((((.....(((((((((((((((...))))).((((((((((.........((((..(((((((..((((.............))))..)))))))(((.((......)).)))............)))).........)))))...)))))((((.(((((((........((((.......)))).....(((((....(((...)))((((((((((((((..((((.(((((((.((((....)))).))))))).((((((......(((.(..((((...((((((.(((..(.((....)).)..))).))))))....))))...).))))))))).............)))).((((((...(((((((((((((((((((..................))))))))).....)))...)))))))))))))))))))))))......))))...)))))(((((((.((....)))).)))))..((((..((((((((...((((.((.(((......))).))))))))))))))))))))))))).))))..))).)).))))).))))))))...))).))))))))..((((((...))))))..........))))))))).))))))..)))...)))))).))).)))))..........)))),-412.4,-0.4124,0.624
RTKN2,ENST00000373789.8,6886,folded,1,1000,5prime_first_min_1000_nt,RNAfold 2.7.2,37,,1000,True,0.36087714202730176,0.475,(((((((((.(((.(((((...)).))))))......))))((((((((((((((((......((((((.....))))))(((((.(.((((((((...((....(((...((....))....)))....))...)))))))).)..))))).)))))))))))))))).)))))(((((.....((((((.((((((((((((((((..((((((...((.(((......))).))...)))))).)))...(.(((((((((((((((...)))))))..........)))))))).)..(((((........................))))).................)))))))).(((((....)))))....((((((((((((((((..........((.((((.((((((..((..((((((((((.......)).)))......)))))..))....)))))).))))))........))).)))))))))))))......................))))).))))))((((((((((.(((.((((((((((....))).......(((((((.(((........)))...))))).)).(((...(((((((..........))))))).)))....))))))))))))))))))))((((((((.((...(((..(((......))).)))......)).))))))))..((((((((((....(((((((........)))))))((((((...))))))(((((...)))))...................(((((((.((...(((....(((((....((((.((((..((((..((..(((..((((...((((.....))))....)))).)))..))..)))).)))).))))......)))))..)))....)).))))))).......))))..((((((......))))))...)))))))).))).........,-305.7,-0.30569999999999997,0.598
HES4,ENST00000304952.11,885,folded,1,885,5prime_first_min_1000_nt,RNAfold 2.7.2,37,,885,False,0.7378531073446327,0.7378531073446327,((((.((((((((((((((((((((...))))..)))))...((((((.((((((..(((((..........)).)))..)))))))))))).....)))))(((((((((((.(((((((((..((((((..(((.((((((.....))).)))(((.(((...)))))).(((((((((.((((...((((..............)))).))))))))).))...))..((((((..(((((((((.(((..(((((((((((((.(((....))).((((...)))).)))).......((((((((((.((.(((......))).))..(((((.(((.......)))..)))))...))).)).)))))((((.((((((.((.((((((.(((.((.((((.((.(.((((.((.....)))))).).))(((......)))..))))))))).))).))).)).)))))).)))).))))..)))))))))))))))))..))))))))).))))))..))))))))))))))(((((((...(((((.((......))))))).(((((...)))))..)))))))..(((((((.((((.(((.....(((.((((.((((....((((.....(.((((((((....((.......))..)))))))))...))))..(((((((.(((((.(((.(((((.((.((((((((.((((((.((((((...))))))))..)))).)))))))).)).))))).))).))))).)))).))))))).))))))).....))))))).))))))))))))))))))).))))...((((((..........))))))....................,-465.7,-0.5262146892655367,0.6915254237288135
PREP,ENST00000652536.2,7250,folded,1,1000,5prime_first_min_1000_nt,RNAfold 2.7.2,37,,1000,True,0.443448275862069,0.524,..(((((((((((((((((....)))(((((.(((((((((.(((((((((((((((((...(((.((..((((.(((.(((.((......)).))).)))...)))).)))))))))))))))...)))))))(((((..(((((...(.(((..(((((.((..(((((....((((.......(((...(((((......)))))..))).(.(((((.(((.......))).))))).)........((((((((...)))))))).....(((((..(((...........(((......)))..((((((....)))))).(((((((((.((((((.((.((((((((..((((......(((..((((...........))))..)))((((((((...........))))))))..))))))))))))))...)))))).)))))))))..)))..)))))..))))...))))).((((.....))))(((...)))..))))))).)))).)))))..)))))..((((.......((((((.....((.((.((((((((((((((.....(((((.(......).))))).....)))).)))....))))))).))))))))))))))..........((((((.((((...((((((....(((((((((((.((.((((((.....)))))).))(((....))))))))((((...)))).((((.(((..........))).)))).....((.((((....((((((.........)))).)).....))))))...))))))..))))))..)))((((((...(((((((.(((....))).)).)))))))))))).)))))).))))))))).)))))(((.(.((((((....)))))))))).(.(((((((...))))))).))))))))..((((((..((((....)))))))).))......)))))))..,-323.8,-0.32380000000000003,0.654
AAK1,ENST00000409085.9,21157,folded,1,1000,5prime_first_min_1000_nt,RNAfold 2.7.2,37,,1000,True,0.4234532306092546,0.548,...........((((((.((((((((((((((((((.((.((((.((((....)))))))).))))))))((((((...((((((((((((((((.((((.(((.(((((((((((((...)))))((.(((........))).)))))))))).))))))).((((....))))...)))..)))........))))))))))...))))))....((((((.((((........(((((((.((((...((..((((.((((.((((.((...((((..(.((((...)))).)..))))(((((((.(((....))).)))))))............................((((((((...))).)))))...(((((((((((..(((.(((((......))))).)))..((((((.(((((......))))).))).)))(((((.......))))).)))))))))))..)).))))))))..))))((.((((((((((((.((((.(.((.(.(((((.(..(((......)))..).))))).).)).).))))...)))......))))))))))).....))...)))).))....)))))........)))).)))))).....))).)))))))..((((((((((((.((.((((..........))))((((((((.(((((.....))))).(((...(((((......))))).)))(.((((.(((.(((((((((((((((.((((...))).).)))).(((((.(.(((.(((((.....))))).....))).)..)))))(((((.((((((((...((((((((.......)))))))).....))))))))))))).))))..))))))).)))...))))).....(((....))))))))))).........))))))))))).)))((((((((........))).).)))))).)))))).......,-363.8,-0.3638,0.654
AKR1B1,ENST00000285930.9,1361,folded,1,1000,5prime_first_min_1000_nt,RNAfold 2.7.2,37,,1000,True,0.5304922850844966,0.555,((.((...((((((....)))))))).))....((((((((((............(((((((((.(((((..((((.(((((((((.(((((((((((((((.......)))))).((((.((((((((...((.((((((((((.((.(((.....((((((..((..((((((((((((((.((((((((.(((((((((((((((......(((((((.((((((((..((.((((.......((.(((..((.(((((((...((...((((((((....)))))).))....)).))))))).))..))))).......))))..))..)))).))))...)).))))))))))))))))))))..((.((((((((((...))))(((((((.....))))))).......)))))).))...((((((.....)).)))).))))))))))))))))))....))))..))..)))))).....((((((((....(((((((((.(((((.........(((((((....)))))))((((...........((((((.....))))))...........))))((((((............))))))))))).))))))..)))...))))))))...))).))))))...)))))).))....)))))).)).)))).((((.(((((((.....((..(((.(((((......))))).)))..)).....(((.......)))..................))))))).))))....((((((.(.....).)))))).((((((.((..((...((((......))))..((..((((.((...(((((((((...))))))))))).))))))..))..)).)))))).)))))))))....)))))..))).).)))))))))))))))))).....(((...((.(((........))).))..))).......)))))))))),-377.7,-0.3777,0.642
ALDH3B1,ENST00000342456.11,2811,folded,1,1000,5prime_first_min_1000_nt,RNAfold 2.7.2,37,,1000,True,0.6069014585556741,0.643,........(((.(((((..((((((((((.....(((.(.....((((((((((((...(((.(((..((..(((....)))..))..))).)))..((((((((((.((((((((.(((((((.(((((.((((..(((((((((..(((((((((.((((((((((((((.((.((((.(((..........))))))).)).))...)))))))(((........))).))))).))))(((((((.(((((((.........(((((((.(....).)))))))))))))).)))))))...(((((((((((.((((((((((.(((......))).))))).)))......))))))))))))).(((((((....)))....))))......))))))))))))))....))))...))).))...))))))).)))))))).)))).))))))........(((((......)))))(((.((((..(..((...))..)..))))))))))))...))))))).....).))).......))))))))))))))).)))(((.(((.(((((.((((((((((.((((.(.((((((....(((...(((((.(((((((((....))).)))))).))))).)))....))).)))...).)))).))).).))))))..)))))..((((((((((((....)))))..(((((.......))))).)))))))((((.(((((......)))))))))..............))).))).....(((.((((((((((....((((...(((((((((.((((((((..((((....))))..))))))((......))....((((((.(((.((.(...(((((............)))))...).)).)))...))))))...))))).))))))))))...((......))((((....)))).))))))))))..))).....,-447.1,-0.4471,0.658
ANGPTL4,ENST00000301455.7,1872,folded,1,1000,5prime_first_min_1000_nt,RNAfold 2.7.2,37,,1000,True,0.6330128205128205,0.642,(((((((..((((((.(((((.(((((....)))))...))))).)).)))))))))))(((.(((.((((.(........((((((((((..(((((((.(((.((.(..(((((.......((.(((.(.(((((((((.(((((((...(((((.(((...)))....((((((((..(((.((((((...((((((((((((.((((.((....)).))))....))))).)))))))...)))).)).)))..)).)))))).((.((((((..((((((.......)))))))))))).))..(((((((((.(((.(((((((((((((....))))..(((.(((((((....(((.((.((((((...)))))))).)))...))))))).)))...((((((...((.((((((....)))))).)).....))))))(((((((((.(((.(((.((((.(((.((((((((((...........((((((((...((.((((((((...((((((..((.((((.((..((....))))))))))..)))).))...))).).)))).)).))))...)))).((((((((.(((.......................))).))))))))))))..........))))))...)))..)))))))...))).))))))))).......))))).))))..))))))))...)))).(.(((((.((((....(((((.(...(((.((..((((....((((((.(((((((((.(((((((((((((....)))))........)).)))))).....)))))))))......))))))....))))..)).)))..).)))))....))))))))).))))))....)))))))))))))))).)...))).)))))))))).))).))))))).(((((...))))).))))))))))....).)))).)))...))).......,-443.4,-0.44339999999999996,0.672
ANKRD36B,ENST00000359901.9,4453,folded,1,1000,5prime_first_min_1000_nt,RNAfold 2.7.2,37,,1000,True,0.4030990343588592,0.46,((((((((.(..(((((((.(((((.((.(((((((..((((((((((((((....))))))..))))).))))))))....((((.((((((.((.......))))))))))))((((.....((((((((((......)))))))))).......(((((((........((((((.((((.(((.((.....((((......)))))).)))..)))).))))))................((((((.(((.....(((((..((((((((((((.((((((....(((((.....((((...)))).((((((((.((..(((((((....((((.(((((..(((.(((.....)))...)))..)))))((((((((....))))...))))...)))).)))))))..))..)))))))).....)))))..))))))))))))).....))))).....(((.((.....((.((((((((((....))....)))))))).)).....)))))))))).............(((((....)))))..(((.((.((.(((((.(((((((..........(((((..((((....))))....)))))........((.((((..((((((((.((((...((.(((((.((.....)).))).)).)).....(((((((((......)))))))))..........((...((....(((((..........)))))...))))..)))).))))))))...)))).))....((((.........))))(((((((((((((...((((.(......)))))..)))))..........)))))))))))))))))))))))).)))..((((.(((....)))))))...................)))))))))....))))))).....))))...)).)).))))).)))))))..).)))..)))))................,-292.9,-0.2929,0.602
ARMC5,ENST00000268314.9,3108,folded,1,1000,5prime_first_min_1000_nt,RNAfold 2.7.2,37,,1000,True,0.6721364221364221,0.683,((((((..((.(((((((((...((.(((((..(((((((....((....))....))).)))).)))))))..))(((((.(((((.(((((((.((((....((((((((....((..((.(((((...((.((.(((((((((((((((((((....((((((((....(((.......))).))))))))....))))))..((((((((((((.((((...)))).....))))).)))).)))...)))))).))).))))))))....)))....)).))..))..)))))))))))).)))))))))))).)))))........(((....)))))))))).))....)))))).................(((((((((((((((((((((((.....)).((((((((((((((((((....((((..((((((((.(((((((.(((((...((((.((......)))))).))))).).)))))).))......((((((.....))))))...))))))............))))..(.((((..((((...(((((.(((...(((((.(((((.(((...(((((...((.((.(......))).))..)))))...))).)))))((((((((((..(((.(((((((.....)))).)))))).....))..))))))))..........(((..(((.((.((((((.((((.(((.((...)).)))))))))))))..)).)))...))).((((..(..((((.(((..........))).)))).)..))))..)))))))).))))).))))))))).))))))))).)))))))))(((((((((.((((((..........)))))).)))))))))...)))))).))))((((((.............))))))......((((((((((((((......))))....)))))).)))))))))))))))...,-459.7,-0.4597,0.662
CCDC142,ENST00000393965.8,4128,folded,1,1000,5prime_first_min_1000_nt,RNAfold 2.7.2,37,,1000,True,0.5758236434108527,0.684,....((.(((......))))).(.((..(((((....((((((((....((((......))))....((((((..((((((((((((.(((((.(((..(((((((.((((.(((....(((..(((((...((...(((((.....)))))...)).)))))..))).(((.((((.((((......((((.(((.((((.....(((((((((....((......)))))))))))))))..))))))))))).)))).)))....(((((((.((((.((((..((.....((((((.((((((.....((.(((((.(.((.(((.((((((.((((.(((((((((((.((((((.((.((((((((((((((((.(((((...(((((.((.....)))))))....))))).).)))))))))))....((.((.((((((.(.(((((...)).))).).)))))).)).))((((.((....)).)))).........(((((......))))).....)).)).)))))))).))))).)))))).))))((..((((((((....((.(((((.((........)).)))))))...)))))))))).........))))))))).)).).))))).))))))).).))))))))..)))).))))...)))))))(((((...(((((((.(((....)))))))))))))))..)))))))..)))))))))).)))))...))))))))..)))).))))))(((((.(((....((((((.............(((.....(((((((((..((((..(((((.((.(((((...((((.((((..(.(.((...))).)..))))))))(((.((.(((((....))))).)).))))))))..)))))))..)))).))).))))))......)))...))))))))).)))))...)))))))).......))))).)).).,-478.4,-0.4784,0.674
CMAS,ENST00000229329.7,1748,folded,1,1000,5prime_first_min_1000_nt,RNAfold 2.7.2,37,,1000,True,0.43707093821510296,0.486,....(((((((((.((.((((.......)))).)).((((.....))))(((((((((........(((((((.((((((.(((.((((((...(((((.(........).))))))))))))))..))))))(((((....))))).((.((((((((((.((.(((...))).))....)))))))).)).))..(((.((..(((((((..((((((((..((((((((((.(((((((((.((..((....))..)))))))...........((((...((((((..((((((....))).)))))))))))))))))..)))))..)))))...)))).))))..)))))))..)).)))..((((((........((((((((((...)))))).))))..)))))).....((((.(((((((((.....((((.((.((((((.((((((.......(((...)))....)))).)).)))))).))..))))..))))).)))))))).)))))))...)))))))))..))))))))).....(((.(((.........(((((((.(((......))).)))))))(((((((((..(((....((((.(.((((...(((((((((...(.(((((.(......))))))))))))))))...)))).).))))))))))).)))))...))).))).(((((((((.......((((((.(((((((((((...((..(((((.....)))))..))....)))))))))))...(.((((........)))).).(((((((((((((((.(((....(((((((((.(((((..(((((((((.(((.((((.(((......((((.((((.....)))).))))........))).))))))).)))))))))))))).)))))).)))..))).))))).)))))).))))))).))).......))))).)))).......,-336.7,-0.3367,0.674
CYBRD1,ENST00000321348.9,4235,folded,1,1000,5prime_first_min_1000_nt,RNAfold 2.7.2,37,,1000,True,0.40543093270366,0.502,..........(((...(((((.(.(((((.....((((.(((((((((.(((((((..((...(((((((((.(((((......))))).))))))))))).))))))).))))))((((..(..(.((.((((((((((((((.((((((((((..(((.(((........))).))))))))((((..(((((((...((.((((((((...(((((...))))))))).))))...))(((.(((.((((((((.((((((................)).)))).))))..)))).))).)))..((((((((((...(((((...(((((((......((((...))))...)))))))........(((((((((.(((((.(..(((......)))..)))))).)))...((((((.((.((((......((((((((.((((((........)))))).))).)))))(((((((((....(((((.((((((((((((((((((..((..((.(((((((((.((((((((......))))........)))).))).....)))))...).))..))...))).).)))))))..).)))))).))))).......)))))))))...)))).)).))))))......((((((((.....(((....)))....))))))))...(((((((((((((........)))))))....)))))))))))))))))..))))...)))))).........)))))))....))))..)))))))))).)))))))))..)).)..)..)))).(((......)))....))).)))).......(((((((((((...(((......................))))))))))))))))))).))))))...))).....(((((((..(((((((.(((........((((...))))......))).))))))))))))))........,-326.1,-0.3261,0.638
DDI1,ENST00000302259.5,2557,folded,1,1000,5prime_first_min_1000_nt,RNAfold 2.7.2,37,,1000,True,0.482987876417677,0.603,.(((.(((((.....)))))..)))...((((.(((((..(((((((...)))))))...((((((((..((((((.....((...(((((((((.((((((((....((...((.(((........))).))..))..)))))...))))))).....((((((.....))))))...(((((((((((((.....((((...))))(((((((((((...)))))).)))))........)))))))...(((((((.((((((...((((..((....))..)))))))))).)))))))...(((((.(((.(((((...........((((((..(((((...)))))....)))))))))))))).).)))).......)))))).....(((((...)))))...)))))...))))))))))))))))..(((((...(((((..((((.((((((...((((((((...(((((((((.(((((((.........))))).))))))).((((.(((((((((((((......))))))...((((...((((((..((((((.(((....((((.....))))......))).))).)))..))))))..))))....))))))).))))............(((.(((.....))).)))......(((((((((....)))((((((..((..((((((((((.....))))))).)))..))))))))..))))))...(((((.....((((...((((((...))))))......((((((....)).))))...)))))))))...........((....))....))))..))))))))...)))))).............(((((((.((((.....)))).........((((((...((((.(((....))).)))))))))).......)))))))))))..)))))))))).))).))))))((((((...)))))).,-374.8,-0.3748,0.632
DTX3,ENST00000337737.8,2028,folded,1,1000,5prime_first_min_1000_nt,RNAfold 2.7.2,37,,1000,True,0.5892504930966469,0.604,......(.((((((((...(((((.((....)).))))).(((((..((((((.((..((......))..))))))))..))))).................((((..((((((((((((..(((((((((((((..(((((......((((((.(((((((((((...((((((.....))))))((.........))..))))))).(((((((((......))))))))).((((........))))((((...(((((....)))))..)))).(((.((((((.....(((((..((......))..)))))....((((((((......((((((((..........))))))))((((....)))).)))).)))).........(((.(.(((.(((.(..((((...((((......)).)).))))..).)))))).))))...((((.((((.(((.((((........((((((((...((....))..))))))))...............)))).))).))))))))((((((((...((((((......))))))...))......))))))((((......))))......(((((......))))).((((.((((((((..(..(((((((.(((....(((((((((((((.....))))....(((.....)))...)))))))))..))).)))))))..)..))((((((........))))))..))))))))))......)))))).)))...(((.(((((((.(....).))))))).)))...(((((......)))))))))...))))))))))).....(((((((..(.((((.....))))).))))))).....))).))))).)).)))..)))))).((((((.......))))))((((((.((....))...)))))).)))))).))))..((.((((......)))))).)))))))).).,-418.1,-0.4181,0.616
ENAH,ENST00000366843.7,13092,folded,1,1000,5prime_first_min_1000_nt,RNAfold 2.7.2,37,,1000,True,0.4068897036358081,0.595,.....(((.(((((((((((.((.(((((((((((....)))))..)))))).)))))))...)))))).(((.((.(.(.(.((((((.((...)))))))).).).).)).))).(((.((((((((..(((((....)))(((((.((.((.(.(((.(((.(.......).))).))).))).)).))))))).)))))))).)))(((.(((((.(((((((((((((..(((((((((((((..(((((((((((((....(((((((((((((((.(((((((...((.((.((.(((((((...((((((.((((((((((..((((((.(((((((((((((....))).))))............))))))(((((.....)))))..(((((.((((.(((....))).))))))))).....((..(((.((((...)))))))..))...(((((((.((.(((((.((.............((((((..((((...((((((......(((((((....)))))))......))))))....))))....))).))).(((((((..((((......(((.((((....)))).)))....))))))))))).....((.((((.......)))).)).)).))))).))...)))))))))))))..)))))))))).))).)))..))))))).))..)).))))))).)).)))))))..((((......)))).(((..(((........)))..)))..)))))))).....))))...................(((((((.(((((......(((....((((......))))....((......))...................))).....))))).)))))))...)))))).).....................))..))).)))).)))))...)..))))))))))))).))))).)))...))).......,-403.7,-0.4037,0.626
ETHE1,ENST00000292147.7,920,folded,1,920,5prime_first_min_1000_nt,RNAfold 2.7.2,37,,920,False,0.5902173913043478,0.5902173913043478,....(((((((((((((((((..((((((((((.((((.((((((((((((.(((((((((((((((((.(.((.(((..(((((((((((((..((...))..))))..(((((((((((.((((((((.((......))..))))).)))...((((((((..((.((((((...(((...))).))).))).))..)))))))).(((((((........)))))))..((.((((((.....((.(((......))).))...)))).)).))))))))))))))))..))))))..))).)).).))))))..))).)))))....(((((....))))))))..))).)))...........(((((((...)))))))..(((.(((((...))))).))).((((((....)))))).......(((.(((((((((..(((.....)))))).)))))).)))(((((((((((.((((((((.(((((.(((((((.(((.((((((((((((.((((((((......)).))))))(((....)))...((((......))))........))))...))))).))).))))))))))))))).)).)))).....)).))))..)))))))..(((.((........)))))(((..(((((((....))))).))..))).......(((((((.......)))))))..))))))...)))).))))))))))...)))......))))))))))).))).....(((...(((((.........)))))..(((((...........(((((....((((((((((((((((((........)))).)))))))..))))))))))))....)))))........................))).,-368.4,-0.40043478260869564,0.6543478260869565
F8,ENST00000360256.9,9032,folded,1,1000,5prime_first_min_1000_nt,RNAfold 2.7.2,37,,1000,True,0.41596545615589015,0.445,((((...((((((..(((....((.(((.((((((.......((((((((..((((..((....((((.........)))).....))..))))(((....))).((((.((((.(((..((((((((........)).)))))).....))).)))).)))).........)))....)))))..(((((.(((.((((((((.((((...(((....)))...)).))...)))))..........))).))))))))........)))))).))).))..)))..))))))))))((((.((((((....((((((((.((.(((((((((...(((((((.((((.((...((((((((((((((.((...)).)))))).....))))(((..(((((((.((((.((((.(....(((...((..((((((((((.((((((.(((((((((.(.(((((..((((((((((((((((..............(((((((((((((.((((((((((((.(((.((((((.....))))))..)))...)))))..)))).))).)))).....(((((.....((((((...............)))))))))))))))))))).....(.(((..(((...)))..))).)..((((....))))..))).))))))))..........)))))....)))))).))))..)))))...))))))....)))))).)))))).)))...))))))))).)))))))..)))((..(((((............)))))..)).................))))....)).)))).))))))))))))))))))...........((((((........))))))....(((((((.(((((((((((......((...(((...........)))...)).......))))))))))).)))))))...)))))))).)))))).)))).....,-280.1,-0.2801,0.616
FBXO30,ENST00000237281.5,9051,folded,1,1000,5prime_first_min_1000_nt,RNAfold 2.7.2,37,,1000,True,0.34957463263727767,0.485,.(.(.((..((((.(((((((((((......))))...........))))))).))))..)).).).(((.(((((((((..(((((((......((((.(.((..(((...)))..)).).))))..(((..(((((.(((.(((((((((((.(......).))))))).(((((...)))))))))))).)))))..))).(((...))).....)))))))..).)))).....(.(((.((((((((((((..(((.....))).....((((((((((...(((((((..(((((((((((((.(((..(((((((((((((...((((.((((((..(((....)))...(((......))).((((((.((((...)))).))))))((((((((((.....((((.....)))).......))))))))))..((((......))))....)))))).))))...)))))))))))))....))).))))))))))))).........(((....((((.(((..((((......)))).)))))))..)))))))...))).....))))))))))((((..(((.....((((((((...(((((((.(((((....((.((((((.((((((.........(((.((((((...((((.....))))((((..((.((((((.(((.......((.(((((((....))))))).))..(((.....)))...))).)))))).))..)))).(((..........)))..)))))).))))))))).)))))).))....))))).(((......)))((.((((........(((((......))))).....)))))).....((........))...((((((.....((((......))))...)))))).))))).))...)))))))).....)))..))))))))..)))))))).))).)..))))..)))........,-308.9,-0.30889999999999995,0.624
FOXS1,ENST00000375978.5,1302,folded,1,1000,5prime_first_min_1000_nt,RNAfold 2.7.2,37,,1000,True,0.641321044546851,0.655,.((((((((..((..((((.(((((......)))))..))))..)).))).((((((.(((..(((....)))....))).)))))).)))))............((((.....(((((((((((((.......(((((....(((.(((....))).))).....)))))((((((((((.....))))).....))))).......((((((.((.((........))...)).)))))).((((......))))....(((...((((((.(((((..(.((.((((((...(((((...(((.....)))..))..((((.((((((.((((((..((((..(((.((.((((...........((((.((((.((..........)).))))..))))...((((..((((((.((...((((....((((((..((..((((....((((((...(((.((((..(((....((((......)))).....(((......))).((((..((((..........))))))))(((((((.(((((....))))).)))))))(((.((((((.(((((..((((...(((...)))...)))).))))))))))).))).....))).))))...)))...)))))).....))))))..(((..((((....))))..)))...(((.((..((((.((...(((...((((......)))))))...))))))..))))).........))))))...)))))))))))).)))).....)))))))))..))))..))))))..((.((((((................((((((((.(..(((((..(((...)))..)))))..)))))))))...)))))))).............(((((.....)))))...)))))).)))).....))))))))).))).))))).)))))))))....))))..)))))))))..))))....,-411.6,-0.4116,0.6
GALNT6,ENST00000356317.8,5307,folded,1,1000,5prime_first_min_1000_nt,RNAfold 2.7.2,37,,1000,True,0.5266628980591671,0.586,..(((((......(((((((((((((..((((((..(((((..........(((.(((......))))))..((((((............((((((((((..(((((((((((((((......))))(((((((.((.((.(((..(((((......)))))..))))).)).)))..))))...((((((......))))))((.((((....((((((((((((((...)))))..((.(((.(((...(((.((((...)))).))).....)))))).))))))))))))))))).))))))))))).)).))))))))(((((..((.....))..)))))..(((((((((.((((.(((((....((((((((((((((((.((((.((......)).)))).)).))))))(((((.........)))))....((((.(((((.((((.((((......((.(((.((((......))))))).))....))))...((((....((....))....)))).(((((.....))))).(((((((..(((.......))).))).))))....(((((........)))))...........(((....)))..)))))))))..)))).(((.(((((...)))))..)))............))))))))..........(((((....)))))....((..((((((.....(((((...)))))...)))))).)).......(((((((......)))))))((((..(((.((((.((......)).)))).))).)))).......))))).)))).))).))))))..(((((.((..((.(((((...))))).)).)))))))..((((((.......))))))..)))))))))))..))))).((((((...((.((.....)).))...))))))..)..))))))..))).))))......)))))..((....)).,-372.0,-0.372,0.622
GJA5,ENST00000579774.3,3177,folded,1,1000,5prime_first_min_1000_nt,RNAfold 2.7.2,37,,1000,True,0.5036197670758578,0.558,((.((.(((((.(..(((((.((((((..........(((((((((((............)))).)).)))))......((..((.....))..))))))))....)))))..).))))))))).(((((((((.((((((((...(((((((((((((((....))))..)))))))............(((.(((((((((...)))).)).))).)))..........))))...)))))).)).)))))))))(((((.(((((((((.(((((.((((((((((....((........))..)))))))).(((((....(.((((((((.....((((((((...(((((..(((.(((.((.(((((.((.((((.......)))).))))))).....(((((.(((((......))))).)))))))))).)))..)))))(((....)))..))))))))....(((((.....)))))(((((((.(.......))))).))).)))))))).).)))))..))))))).)))))))))(((((...((((((((..((((((((((..(((.(....(((....(((((((((.((..(((..((.(((((.....)))))))......(((((.(((............(((....))).(((...(((((.........))))).))).)))..))))).(((...((......))...)))((((((((((.(.((((....)))).)......(((((((((((((((.(((..(.((.(((..(((((((.((........)).)))))))))).)).)..)))...(((...........))).))))).))))))).)))(((((....)))))..))))))))))...)))..)))))))))))........((......)).)))...).)))...))))))))))..))))))))..))))))))))...........,-368.0,-0.368,0.632
GNL3,ENST00000418458.6,1933,folded,1,1000,5prime_first_min_1000_nt,RNAfold 2.7.2,37,,1000,True,0.42162441800310396,0.431,((((((...(((((.((.((...((((((((.((((((((((((((.(((..((.(((..........)))....))..))).)))))..)))))))))))))))))....)).........(((.........(((((........)))))..........))).(((....))))).)))))..(((.(((.((......)))))..)))........(((((((..((((((...)))))))))).)))))))))..(((.((.((((((((..((.(((....(((((((....(((.(((.((...((((..(((..(((.........)))....))).)))).........((((.....))))..(((.(((.......(((.((((((((((..((((....(((.((((((((.((((.((((..(((...))).))))..))))..).)))).....)))..))).(((((((((.(((.(((((((((..((((...))))....)))))((((..((((((.((((........)))).)..((((((...)))))).......(((((..((((.....))))))))))))))..)))).)))).))))))))).)))(((..((((.(((....))).)))))))..))))..))..)))))))).)))....))).))).....((........))..)).))).)))...........)))))))..........((((..((((.((((...(((.((((.((((((((((((...)))))))))))).((((((((...(((((((((......)))....))))))((((....((((....(.(((((((((((....(((.....)))......)).))))))))).)...))))))))((((.....)))).)))))))))))).)))...)))))))))))).........)))))))))))))...))...))).,-265.6,-0.2656,0.62
GPR141,ENST00000334425.2,3718,folded,1,1000,5prime_first_min_1000_nt,RNAfold 2.7.2,37,,1000,True,0.37600860677783754,0.477,.((((((((((((((((((((......))))))).((((((((((((((.(.((((..((((....))))..(((.....)))((((.((...((((....((.((((((..(((((((((...((((((.......((((.............))))..((((.((((.((.((.(((....))).)).)))))).)))).......)))))).))).)))))).......(((((((..(....)..)))))))...(((((.((((...))))..)))))...........(((((((.....))))).))..)))))).))....))))....)).))))..(((....)))(((....))))))).).))))..))))))))))........((((((((.....(((((((.(((((((((((........)))))))..(((((((((((((...((((.....(((....)))........)))).)))).)))..))))))..)))).)).))))).(((....((((((((....((((.((((......))))...))))(((((...............(((.(((((((....))))))).)))...............)))))(((((....(((((..((((((((.((.(((.((((((((....(((((((.(((((((....((((((((.(((((((((((..(((.(((((.(((...(((((...))))).)))..))))).)))((((..(((((...........))))).))))))).)))).)))).)))))))).))))))).))).))))...))))))))...))).))..))))).)))..))))).)))))(((((......))))).))))))))....)))..............)))))))))))))))))..)))).................((((((...................))))))..,-310.9,-0.31089999999999995,0.616
GPR180,ENST00000376958.5,8884,folded,1,1000,5prime_first_min_1000_nt,RNAfold 2.7.2,37,,1000,True,0.36740207113912654,0.486,.((.((((((((..(((...((((((....))))))...)))...)))))))))).....((((((((((....((((.((((..((((((.((((((((((..(((.((((((((((((((..(.((....(((((...)))))((((.((.((....)).)).))))(((((.((....)).))))).)).)..)))))))...(((...(((((...))))))))..((((((((........)).)))))))))))))))).))...(((........)))..(((((((.......))))))).....))))))))..))))))((((((((((((((.(((...............))))))))....)))))))))...((((..........)))).)))).))))....))))))))))....(((((((.(((..(..((((...........((((((.((((.((.((((((((((((((((((.....((((.((((...(((.(((....)))))).....)))))))).)))))))))..........((((((((.((((........((.(((((((((...(((((((...(((.((((.((((.((((((....(((......)))....)))))).))))..)))))))((((((((((...(((((.((((((..(((((.(((.(((((((....((((((...))))))))))...............((((...((.((((....)))).)))))).........((((((((.((.((((....)))).))..))))))))))).))).))))).....)))))))))))..))))))))))))))..)))...))).)))))).))......))))..)))))))).)))))))...))))))))...))))))))))..)..))))))))))...((((.((((((.........)))))).)))).......,-339.6,-0.3396,0.65
GPR78,ENST00000382487.5,4343,folded,1,1000,5prime_first_min_1000_nt,RNAfold 2.7.2,37,,1000,True,0.5935988947731983,0.689,.(((.....((((((....(((((((.((.((((((((.(((((.((((((((.((((((((.(((...(((..((((...))))(((((..(((((((.(((((((((((...((.((((((((.(((((.(((...(((...)))..))).))).))..)))))))))).......)))))))).........))).)))))))..))))).((((..((.........((((.(((...(((......)))...)))))))...((((....))))))..))))..)))))).)))))))).(((((..(.(((......))).)..))))).((((.(((.((((((.(((....))).)))))).)))))))...((((...)))).))))))))))))).))))))))...))...((((.((((.(((((((...((((((((((.((((......)))).((((((((.......))).))))).(((((((((((.((((.((......((((((..((((((((...(((((((((((((.((((((.....((((.(((((.(((((...)))))))))).))))....(((..((((((((.(((.(((..((.......)).))).))))))))))))))........)).)))).))))))))..((((.....))))(((((((.......))).)))))))))...))))).)))..)).....)))).....)).))))))))))).......))))..((((((....))))))((((((((((((((...)))..))))).))))))(((((....)))))....(((((.((.....)).)))))..))))))).)))...))))))).)))).))))....(((((..((((((((...))))))))))))))))))))....))))))..)))..(((((((((.(.((((((...)))))).).)))..))))))..,-481.8,-0.4818,0.684
HABP2,ENST00000351270.4,2985,folded,1,1000,5prime_first_min_1000_nt,RNAfold 2.7.2,37,,1000,True,0.5125628140703518,0.507,.........((((((...(((.((((....)))).))).(((((.........)))))...(((((((....)))).))).))))))....(((...((((((((((..(((.(((.(((((.(((...((...(((((((((((((((((((((..(((.....(((....((.(((((........))))).))....)))))).))))))....))))))..)))))).)))...))...))).)))))((((((..((((.(.((......)).).)))).((.(((((..(((..(((((((.(((((((....)))).))).....(((((((((((((((((((((((((((((((((..((((((((((((((.((..((((((((......((((.......))))..))))......(((((((..((((((((((((..(((((((((..(((((......((((.(((.((((......))))(((((..(((..((....))..)))..)))))..(((((.......)))))......(((((.....))))).((((((.(.(((........))).).))))))......)))))))....))))).)))))).......)))..))).)))......))))))..))))))).)))))).)))))).......))))..))))..)))).)))))).......(((.....))).(((((.....)))))................)))))).))))....))))))))..))))).........((((((..........))))))...(((((......))))).......(((((........)))))..))))....)))..)))..))))).))))))))..(((......)))..(((.(((((((((((...((((..........))))..)))))))...)))).)))..)))))).)))))))))).)))...,-306.8,-0.3068,0.61
HYOU1,ENST00000617285.5,4598,folded,1,1000,5prime_first_min_1000_nt,RNAfold 2.7.2,37,,1000,True,0.5539364941278817,0.565,.(((..(((((((((.(.(((....)))))))))))))....((((((((....))))))))...(((((....)))))..((....))....(((((((((..(.(((((((...(((((..(((((.(((((((((((((((((((((((((((....))))....((((((((.((.((...(((((.(((..((((((...(((....(((....))).....)))..))))))))))))))..)).)).))))))))))))))..).)))))).))))).))).((((.((((((((.(((((.(((.(((((((.(.((((....)))))))))))).....((((((..(((((...((((((((...(((((((((((((.((....(((........))).))))))............)))))))))))))))))........)))))..))......)))).))))))))..)))))))).)))).....))))))).....)))))....))))))).).)))))))))((((((.((((((((((.(.((((((((((.......(((((.......))))).......)).)))))))).(((((((((.((....((((((((.....((((((((..(((..((((((.(((((((.((..........)))))).)))......))))))...)))..))))))))...)))))))).((((.(((((((((..((......)).))).)))))...).))))......)).)))))))))................((....)).(((((((.(((((((((((...)).)))))))))......(((((..((...(((((((....)))))))..)).)))))....((...(((((((.((......)))))))))...))......))))))).((((((....))))))).)))))))))).)).))))..)))...,-368.5,-0.3685,0.658
IGFBP3,ENST00000613132.5,2613,folded,1,1000,5prime_first_min_1000_nt,RNAfold 2.7.2,37,,1000,True,0.5112897053195561,0.649,...((((.((...((((.((.(((((((...))))(((((((((((((((((((..(((((((((((.........((((.(((.(((.(((((((..((((((..(((((((....(((...(((((.((((((((((((.((((.....)))....).)))))))).)))))))))))))))))))..))))))....))).))))))).))).))))((.((((((((..((((......((((((((.(.(((((((.((....)))))).))))))))))))))))..)))))))).)))))))))))))(((((((.(.(((((.((....)).))))).).)))))))..((((((((((((((..(((((.((......))..)))))))))..))))))))))((.(((.(((((((.....)).))))).))))).((.(((((((((.(((.((((((((((((....)))(((.((((.(((....))))).)))))(((((((((.((((....(((..........))).(((.(((.......)))))).)))).))))))).)))))))))))..)))))))))).)).))(((((((((...............((((...(((...(((.......)))..)))))))..((((..((((((.((((........)))).))....))))...)))))))))))))..............))))))..(((((.(((........))))))))..........((((((..((((((..((...((((((((((...(((....(((....((((((....))))))..)))...)))...))))))))))...)).....))))))....)))))).)))))))))))))..(((((.((((((.(((....(((.((((.((...)))))).))).))))))).)).))))).....))).))))))....)).))))..,-446.5,-0.4465,0.682
IL12RB1,ENST00000593993.7,2713,folded,1,1000,5prime_first_min_1000_nt,RNAfold 2.7.2,37,,1000,True,0.5985993365278289,0.616,.(((.....((((((..((((((......(((((......)))))(((.((((((...(((.((((.((.((.....)))))))).((((((((((((((.((((...(((..(((((.(((.(((((..(((.((....)).)))..........(((((.....)))))((((...((((.(((((.(((....))))))))))))...))))((((((((..(((..(((((((((((((...))))...))).)))))).)))..)))))))).........))))).)))))))))))...))))))))))))))))))((((((((((.((((((.(.((.(((.(((((((.((((.((((((.((((((.((..(((((((((((....))))((((((.(((((((((((((((((((((((((((...((((.(((.(((((..(((..(((((...))))).)))..)))))..(((((((((((.(........((((..................))))).)))).)))))))..(..((((.((((.((((((((((..((((.......))))..)..)))))....)))).))))))))..))))))))..))))).)))))))))..)))))..)))...))))).))))))((((.((((..........)))))))).((....))..(((((.............)))))...((((((((((....))).)))))))))))).((((...)))))).)))))))))))))))))).....(((((((..(((...(...(((........))).).)))..)).)))))))))))).))).)).).)))))).))))))))))....))))))))).)))..(((((...))))).)))))).))))))..)))((((.((((((.((((.......))))(((((.......))))).....)))))).)))).....,-434.9,-0.43489999999999995,0.682
JMJD1C,ENST00000399262.7,8758,folded,1,1000,5prime_first_min_1000_nt,RNAfold 2.7.2,37,,1000,True,0.4018040648549897,0.544,(((((((((((((((.(.(.((((((......)))))).).).))...)).)))))..(((((((((.(.(((.(((((((((((((((((((((((.....))))))....(((....)))(((((((((...(((((.(((((...(((((((.((((...)))).)))))))))))).))))).....)))))))))((((..(((....))).))))(((((((((((.((((..(((((((((.(.(((.(((.......))).)))((((......))))....).)))))))))((((.((.(((((...(((.((..(..(((.(((...))).)))..)..)).)))...)).))).)).))))((..((((.....))))..))))))))))))))))).(.(((.((.......)).))).)((.((....)).)))))))))))))))).))).).)).).)))))))))(((((..(((((....((.((((.(((.((((......(((((((((((...(((((((..(............(((((((((....(((((.((((((..((....))..(((((((((.....)).)))).))).........)))))).))))).(((((.((((((((((.((...))))))).................))))).))))).((((.(((((((......))))..))).))))...((((((........))))))..))))))))))..)))))))......)))))).)))))((((((.(((((.(..(((((......)))))..).)))))....((((.....))))..................))))))..(((......)))..((((((....((......))...))))))....((((((...))))))........))))))).)))))))))))..))))).((((((((...))))))))))))))..,-369.8,-0.3698,0.652
KCTD13,ENST00000568000.6,1716,folded,1,1000,5prime_first_min_1000_nt,RNAfold 2.7.2,37,,1000,True,0.6089743589743589,0.643,.(((((..(((((((((((((((((((((((.(((((((.((.(....).)).)))))))...(((((.(.(((((((((((.((.(.((((.(((((..((((...(((((.((((((...((((((.(((.(((.((...((((.....)))).....(((.(((((.(((.((((((((((((....)))).).))))))))))...(((((((((....)))).))))).))))).))).))))).))))))))))))))).)))))))))..)))))...))))).)).)))((((.(((((..((((...........))))..)).)))))))......)))).)))).))))))(((((.(((((((...(((((....(((...)))..))))).....)).))))).))))).((((.((.(((.((((....((..((((((((((((.(.....).))))))).)))))..))...)))).))).)).))))))))))))..)))))............(((((((((((((((......)))).))).)).))))))((((..(((.....))).)))).))))))))))))))).......((((..((((.((..(((((..(((.((((...((.((....)))).)))).)))..)))))....)).))))..))))..((((((((.((((...((((......)))).........(((....)))(((((((...(((((..............(((((......)))))....(((((.(((((......)).)))))))).(((.(((((.(((....))).))))).)))))))).))))))))))))))))))).(((((.(.((((((((..(((.((((....((((...((....))...))))....)))).)))..))))..))))...).)))))((((.(((.(((....)))))).))))........,-449.7,-0.4497,0.67
KRT17,ENST00000311208.13,1517,folded,1,1000,5prime_first_min_1000_nt,RNAfold 2.7.2,37,,1000,True,0.6189848384970337,0.621,.(((...((((((((((((((.((((..(((((((((........((((..((((..((.((..((((..(((((.(((((((((.(((((.(((((((..((.(.(((((((((((((((((((((((((((((((((((.((((((.(((((((....)))))))...((((((.((..(((((.(((((((((((((((((((((((..(((((((((((((((((((((((.....))))))))).(((.(((((........))))).))).....)))))))))))))).))))))))))))(((.(((......))).)))(((((..(((((((..((...(((((((((.((.((.((.......)).)).))))))))))).(((.((.((........)).)).)))((((((..((..(((.((((....)))).)))..))......))))))......))...)))))))..))))).....))))))...)))))....(((......))).....(((((.(((((((((.......)))(((.(((.((.....)).)))))))))))))).))).))))).)).))))))...((((.((((((.......)))))).)))))))))).)))))))))).))))..)))).)))...(((......))).(((((...)))))))))))))...)))...))).).))........))))))).)))))(((......)))..))))))))).)........))))..))))..)).))..)))).))))..(((..(((((((........)))))).)..)))...))))))..))).)))).))...(((....))).(.((.((((((((((.........)))))))))).)).))))).)))).))))..))).((((((((...(.(((..(((......)))...))).)...)))))).))............,-420.5,-0.4205,0.668
MRGPRE,ENST00000389832.7,4108,folded,1,1000,5prime_first_min_1000_nt,RNAfold 2.7.2,37,,1000,True,0.6285296981499513,0.669,....(((((((((((((((..((((((.((((((((((((.((.(((((((...(((....)))))))))).((((((((((((..((((((.((((.(((....))).))))..))))))..(((((((((.(((...((((.((((.(((...(((((...((....))...)))))..((((((((((...)))))).))))(((((((.(((((((((((....(((..((((.......(((((((((((((((((....((((((((..(((((..(((((.(.((..((..((((.........)))).)).))))))))..)))))(((((....(.((((((..((.(((((.........(((.((((....)))).)))((((.((((.((.......)).)))).))))(((((((...)))))))))))).))..)))))).))))))..))))))))....)))))))...)))))...)))))........))))..))))))))..)))))).))))))).....(((........))).((((((((....))))))))...))))))).)))).)))...))))))))).....((((((((.....))..))))))(((....)))..)))))))))).))....)).)))))))))))).)))))).))))......)))).))))))).((((.(..(((((((((((((..(((..((.((....((..(((((....(((.(.((((((((......)))).....((((((((..(((.....))).)))))).))..))))))))....)))))..))...)).)))))..)))))))..)))).))..)((((((((((((..(((((((((((((((......)))).)))))))))))....))))))))))))))))((((.((....(((((.((((((......))))))...)))))....)))))).,-470.4,-0.4704,0.686
NMB,ENST00000360476.8,655,folded,1,655,5prime_first_min_1000_nt,RNAfold 2.7.2,37,,655,False,0.5938931297709924,0.5938931297709924,..((((.(((((((((((((...((..((((.((((..(((...)))..))))))))...))..)))))).....(((((((((((((((((((((((((((.(((((((((.(((.((((((.((...)).)))......))).)))..)))).)))))......((.(((.(((..((((.((((...)))))))).)))))))).......))))..))))))...(((((((((.(((..........((((((....))))))..((((...))))(((((((.......)))).)))...........(((....))).)))...)))))))))(((.(((.((....)))))))).................)))))))))))))).)))(((((.((((..............(((((((...((((((((...((((((....(((((..((...))..)))))....)))).)))))))).)))))))))..((((....)))).((((...(((((.(((..((.(((((.((..((((((((........))))))))..)).))))).))))).)))))..)))))))).)))))....))))))).))))....(((.......)))..............,-255.7,-0.39038167938931295,0.6290076335877862
NTN1,ENST00000173229.7,5986,folded,1,1000,5prime_first_min_1000_nt,RNAfold 2.7.2,37,,1000,True,0.6256264617440696,0.703,.......((((..(((.((((.(((((((.((....((((((..((((((((........))))))))..)))...(((((((((..((..(((((((.........(((..((((((((((((...(((((.((((((..((((((((((((.(((((.((...((((((((.((.(((.((..(((.((.((((((..((((((((.((.((((((.(..((...))..).))))))..)).)))))..)))..))).))).)))))...)).))).)).)))))))))).))))).)))..(((..(((........)))..)))..)))))))))..))...)))).))))))))))))((((....))))((((.(((((((((((........)))))))))))..)))))))))..)))))))).)))).))))))))).))))))))))............(((.((..((.((((........)))).))..))..)))..((((((((((.((..((((..(((((.((((((...((((.((((........)))).).)))....)))))).))..(((((..((((((((((((((((((((((.(........).))))))))).)))))((.((.((((((((.((((((.........(((.((((.((..(........)..)).)))).))).............((.(((.(.((..((((((((((((........))))))........(((((....)))))))))))...)))))).))..)))))).)))).)))).))))(((((....(((....)))..)))))((((((.(.((.(...((((((..........))))))...).)))))))))..))..))))))..)))))((((((((.(((..((....)).))).)))).)))).)))..))))..)).)))))))))))).)))).)))..)))),-487.2,-0.48719999999999997,0.662
PCTP,ENST00000268896.10,1972,folded,1,1000,5prime_first_min_1000_nt,RNAfold 2.7.2,37,,1000,True,0.47920892494929007,0.543,.(((((((.(((..((.((((((((((((.((.(((((..(((..(((((..((..(((((((..(((((..(((((((((((......))))))))))).....))).))((((((((((.(((.((.((((((((.(((((......))))).).).)))))).))..))).......))))))))))..((((.((((((((((((....)))))))))..))).))))((((.............))))...(((((((...(((((((.((((...............)))).))).)))).........(((.......)))((((...((((((..((((((.((((....)))).....(((((...(((((((((....((((...))))...((((.(...).))))...))))))))))))))((((..((....))..)))).(((((((.((((.(((.(((((.((...))..))))).))))))).)))))))...((.......))((.((((...((..((.((.(((((((.(((((.(((((....(((((.((..(((((.......((((((((((.((((((((.((((((((.....))))))....)).))))))))......(((((((..((((.(((....))))))).........)))))))..........(((((..((((....(((((((((.(((.......)))))))..)))))...))))...)))))....).))))))))))))))..)).)))))(((.((((...))))))).......)))))..)))))...))))))).)).)).))..)))))).......))))))..))))))..)))))))))))......)))))))..)).))))).)))......))))).))...)))))..(((((((..........)))))))....))))))).))..))).))))))).....,-359.8,-0.3598,0.642
PHF20L1,ENST00000395386.7,6233,folded,1,1000,5prime_first_min_1000_nt,RNAfold 2.7.2,37,,1000,True,0.3943526391785657,0.52,.((((((.((((.(((.(((..(((((((((.(.((.((.((.(((((...(.(((((((((.(.((((.((....((((.((...((((..........))))....)).)))))))))))))))))))).)...))))))).))))).))))))))).(((((..(((((.(((...((((......))))))))))))..)))))...))).))))))).))))))((..((((((((.((..((((((...((((((............))))))......))..((((...))))......(((.((((((((((((.(((.....))).))...))))...)))))).)))..((((((((((..........((((((((....((((..(((((.(((((.................))))).))))).(((((((((.(((((.....))))).)((.(((((((((...((((....))))...)))........(((((..((((((((((((..((........)).....)))))))..)))))..))))).......(((((((((..((((.(((...............)))))))(((((((((.(((....((((..((((.......))))..)))).(((((..(((.(((.((......)).)))))).)))))..(((.(((((............))))))))..(((.(((((.........))))).)))(((((..(..(((((((((.........)))))...))))..)..)))))..))).)))))))))...(((((((...))))))))))).))))).........)))))))).....)))))))).....))))...)))..)))))...........)))))))))).....(((((......)))))...))))..))))))))))....))....((((.(.(((.......))).))))).,-335.1,-0.3351,0.614
PPP2R2A,ENST00000380737.8,3923,folded,1,1000,5prime_first_min_1000_nt,RNAfold 2.7.2,37,,1000,True,0.38439969411164926,0.478,((((((((((((.((((((...))))))...((((((((.((.(((..((.((.((.((.((.((((...)))).)).)).)).)).)))))))...).))).).)))((((.((...(((......))).)).))))))))))))))))...(((((((((((((((((.......((((.(((.((((((.((.((...((((((.(((.((..(((((((((((.(((((((((((....)))).))))))))))...)))..)))))(((((.(..(....)..).))))).......)).)))....))))))...)).)).)))))).)))......((((((((((((((..((((......((.(((((.(((.((((.((....))..)))).)))))))).))........(((.(((((...............)))))))).((((((((((((((((..(((((......((((.(((........))).).)))......)))))....))))).)))))..)))))).((((..(........)..))))(((((((((...(((....................)))....)))))))))))))..))))))))))))))..((((((..(((((..((.((((....((.........))....)))).))....))))))))))).....)))).......))))).)))))).))......(((((((..((((..(((......)))...))))...)))))))(((((...((((....)))).))))).((((((((........((((((...(((((...(((((......................)))))))))).....(((.(((((((((...))))))))).)))..))))))((((.......))))..............))))))))....(((((.(((...))).)).)))......))))....,-279.7,-0.2797,0.61
PRPF40A,ENST00000545856.8,7515,folded,1,1000,5prime_first_min_1000_nt,RNAfold 2.7.2,37,,1000,True,0.36207584830339323,0.513,.....((.((.((((((..(((((..(.(((((.(((((..((.((((((....((((.((((......).))).(((((((((.((((.((((((((((((..(((((((.((..(.(((((((..((((((...(((....))))))).))(((((((((.(((.......)))..)))))))))))))))).).)).)).(((.(((((((((((((..((((((((....)))))(((((((..((((((...(((....)))))))))..))).))))..(((.((......))))).))).))))).))))....))))))).....((((((....)).)))))))))..((((((.(((........((((((((((.............)))))))))).))).))))))))))))))))))......((((....(((((.(((..(((...((((((..((((((((....((((((((......(((..((((((((........(((..((.(((.((......)).)))))....))).......)))))))).))).....))))))))..........)))))))).)))..)))...)))..))).)))))))))............(((((((....(((.....(((..((((((((...........((..((((.....))))..))..))))))))..))))))...)))))))..(((((((((.((.....................)).))).))))))......(((......))).....(((.......))).............))))))).))))))....))))...)))).))......((((...(((((((.((.(..((.((.((((((((((((((....)))))))))))))).)).))..).)).))))))).))))...))..))))).))))).)..)))))..))..)))).)).))..,-344.6,-0.3446,0.618
PVALB,ENST00000417718.7,550,folded,1,550,5prime_first_min_1000_nt,RNAfold 2.7.2,37,,550,False,0.5054545454545455,0.5054545454545455,..(((((((((..(((.....))).))))((((((.....(((..((....))..)))..)))))).....((.((((((((.((((((.(((((((........(((........)))........)))).)))))))))....((((.(.(((.(((....((..((((((((....((.(((((.((.......((((...(((..((.(((.(((((((((....))))....))))).))))).)))))))....)))))))))...............(((...(((((((((((.......((((((((.(((........))).))...)))))))))))))))))...)))...))))))))..)).......))).))).)))))..(((..((........))..)))..)))))))).))((((.((((((...(((((........(((((((..........((((.....))))......)))))))........))))))))))).)))).)))))....(((...))).....,-146.5,-0.26636363636363636,0.5781818181818181
RCE1,ENST00000309657.8,1462,folded,1,1000,5prime_first_min_1000_nt,RNAfold 2.7.2,37,,1000,True,0.5998632010943913,0.632,(.(((((((((.((...(((.((((..(((.((((..(((((((((.(((...))))))))))))(((((((((((((.((.((....))))))))))))(((((((.((((.(((((((((((....((((((((((.((((.((((..((((((......))))))........((((.((..(((((.(((((...((((...))))))))).....((.((((((.....))))))))((.((((..........))))))(((((.(((((.(((((((....))).))))....))).)).)))))....)))))..)).))))))))..)))).))))))))))..))))))))))).)).((.......))................)).)))))))........)))))(((((((((((....(.((..((((((((.((((..((((.((((((((....((((..(((..((((.(((.(.((....)).)..))).))))..)))))))..(((...((.(((((((((((.((.((.(((((((((((((.(((........))).)))))..)))))))))))).)))((((((.((((((.(((((....((.((((((.((...............)).)))))).))........))))).).))))))))))))))).)))).)).)))...(((((.........)))))....(((((....)))))...............)).)))))))))).....)))).)...))))))).)))....)))))).)))))...)))).)))....)))).))).(((((((.((.(((.((((...((((....))))...))))))))).((((((....))))))...)))))))))))))....))))))..((((((.((((..(.........)..))))..))))))(.((((((((((....)).)))))))).).,-424.9,-0.4249,0.66
RNF175,ENST00000347063.9,1358,folded,1,1000,5prime_first_min_1000_nt,RNAfold 2.7.2,37,,1000,True,0.4896907216494845,0.532,.((((..((((((((....((((((...(((.((((.((((((..((((......))))......((((((...))))))(((((((((((((((......))..((((((((......))).)))))(((((((((........)))))))))....))))...))))))))).)))))).))))..))).)).))))))).)).)))......((((.(((.((((((.(((((((((.((((((.(((((((....(((((((...((((((((((((...(((............(((((.((.((((((....)))))).)).((((.(((...(((((((...(((((.((((((((((...(((((((..(((((..((((((...(((((......((((((((((.((((.(((.(((.(.(((((.((...((((........)))).........((((((............((.(((((((((.....((....)).....))))))))).))..)))))).)).)))))))))))).)))).))))).))))).........))))).)))))).))))).))).))))..(((((..((((((((((((..((((((((((.............(((((.((..((((((((........))))).))))).)))))(((((((((((..((.(((((.(..(((..((........)).)))..).))))).))..))))))))))).............((((..((((.(((....))).))))..)))))))))))...)))..)))).....)))))))).))))))))..)))))))..))))).)))))))...))).))))..)))))............)))...))))))))).....))).)))))))..)))))))...))))))..))))....)))))...))).....))))))..))))...))))...,-353.5,-0.3535,0.646
RPL27A,ENST00000314138.11,4535,folded,1,1000,5prime_first_min_1000_nt,RNAfold 2.7.2,37,,1000,True,0.4670341786108049,0.489,((((((((((((((..((......))..))))))).)))))))(((.((.......(.((((..(((.((....))))))))).)...((((((..((((.......)))).((((((((((.((((.(((.((((..((((.....((((((..((.((((......(((((......)))))..((((((...(((((.......(((...)))........)))))...))))))((((....))))...)))).))..)))))).)))).))))))).))))..)))))).........(((..((((((((((((..(((..((((((((......)).)))))).)))..)))))..((((....))))...))))))))))........))))....((((((((......))))))))(((((..(((((...(((((((((((((((((..((((((...))))))..)))(((((((.(((...)))..)))).)))...(((((.(((.((((..((((((((.....((.((((((.((((((((..(((((((((.((((.(((...(((((...)))))...))).)))).)))..........((((((...((..((((.(((((..(.......)..))))).))))..))..(((((((((....((((((((((((((((.(((.(.((.......)).).))).)))))))..)))).))))))))).)))))..(((((((((((.....((((....))))((((((((((...)))).)))))).)))).)))))))...)))))))))))).))))).)))))).)))))...))))))))....))))))))))))......)))).)))))))))).)))))..)))))................))))))((((.(((((((((((((.((....)))).)))))))..)))))))).)).))).........,-346.7,-0.3467,0.664
RPL39,ENST00000361575.4,390,folded,1,390,5prime_first_min_1000_nt,RNAfold 2.7.2,37,,390,False,0.4307692307692308,0.4307692307692308,..........((((.....((((((.(.(((((((((((((((.(((..........(((((((.(((..(((((((((.........))))))..)))..............((((((...(((.....)))...))))))...((((........))))......((((....))))...))))))))))....))).)))))....))))...)))))).)))))))..((((((((((((((......(((.((......)).)))..(((.((((((....(((.(((.....))).))).(((((((((((....(.........)....))))))))))))))))).))).)))).)))))))))))))).............,-93.5,-0.23974358974358975,0.5692307692307692
RPL39L,ENST00000296277.9,729,folded,1,729,5prime_first_min_1000_nt,RNAfold 2.7.2,37,,729,False,0.5102880658436214,0.5102880658436214,((.((((((......((((((.((((((((..((((((....))))))..))))))))..))..))))..((((((((..((.(((((.((...)).))))).))...)))))))).....(((((((((((...((((.(((((((..((..(.(((((((((((((((((.(((...))).))))))).........))))))....)))))))))))))).)))).))))))...((((((.(((((((.(..((.........))....).))))))).))))))...(((.((((((((((((.((.((((.((((.((((..((...))..))))...)))).))))...)).)).)).)))))))).))).(((((.....)))))..))))).....(((((((((((((.................(((((..((((......))))...))))).(((((((......)))))))....((((....))))((.((((.......))))))..))))....)))))))))...)))))).)).(((((((((((((((.(((.((((...(((.(((....)))))).))))........((((.((((..(.((((..(((.((.....((.(((((.....))))).))......)).))).)))).)..))))))))))).)))).))))))))))).((((....))))......,-259.3,-0.3556927297668039,0.6529492455418381
RPS6KA3,ENST00000379565.9,7987,folded,1,1000,5prime_first_min_1000_nt,RNAfold 2.7.2,37,,1000,True,0.39514210592212345,0.523,.(((((((((((((((..((((((....).)))))..)).)))))))).((((((.(((.......)))..))))))..)))))((((..((((((....))))))))))..((((((((((((((((((((..((((((((..(((((((.((.((.((.((((((((.((((.((((((.(((((.((((.(.((....))..).))))))))))).)))).))))))).))))))).)).))..)))))))..))))))))(((((.((........)).)))))))))).))))).((((.(((.(.(((((((((.((.(((..((((((.....((((........))))......))))))......((((.((........))..))))...(((((.....)))))..........(((((...........))))).(((((((..((......))..)))))))...((((((((((((..(((((((((((.(((((..(((((..(((....)))..)))))...)))))..))))))))))).(((..(((((((((.....)))).)))))...)))....))))))))))))..(((((((((.(((...(((((..(((((((((....(((((((((..(((((((((((..((((........))))..)))..)))))))).)))).)))))......(((((((((....)))))))))(((..((((((((........))))).)))..)))....)))))))))..))))).))).)))))))))..))).)).))).)))))).)...)))))))..............(((((...((.((((........(((((((..........)))))))........))))))..)))))....(.(((((...((((((((((((......))))))))))))....))))).)...))))))))))..........,-381.2,-0.3812,0.658
RSPO1,ENST00000356545.7,2879,folded,1,1000,5prime_first_min_1000_nt,RNAfold 2.7.2,37,,1000,True,0.5710316081972907,0.65,(((((((..((((((..(((((((((..(((..((.((........)).))..)))..)))........))))))..)))))).))).)))).....(((((((.(((((...........))))))))))))((((((((.((.(((..(((((......))))))))))))).))))).((((.((((((((.(((((((.((((....((((((((((((((((((((.((((((((...((((.(((..((((((((((.(((((((.((......))))))))).)))(((((((((((((.(((..((((((.((.(...(((.......((((((((((((......((((((.(((.(((((.....((((.((((...((.((((((((((....((((((((((...((..(((((...((((((.((((............)))).))))))..(((.(((.(((...)))))).))).(((.((((((((((((..((((...)))).....))))))))...)))).))))))))..))....)))))))((((((....)))))))))....)))))))))))))))).))))......(((((((.(.(((((((((.(..((((((.((..((((......))))(((.......)))((((....))))))))))))..).))).))))))).)))))))...)))).).))))))))).......)))))))))))).........)))...))).).)))))..))))))).).))))))))........)))))).)..))).))))..)))..)))))))))...))))))..(((.((..........)))))...(((......))).(((((((((((...((.....))..))))))))))).........)))))))....))).......))))))).)))).(((........)))))))).)))..)))).,-446.6,-0.4466,0.664
SELP,ENST00000263686.11,3157,folded,1,1000,5prime_first_min_1000_nt,RNAfold 2.7.2,37,,1000,True,0.4957237884067152,0.493,........(((((((((....(((((......(((((((.....(((((((((((.............))))))))......(((((((((((((....)))))))))))))....))))))))))((((((((((..(.((((...........)))).)..)).)))).).))).............((......))......((((........)))).....)))))......(((((.........)))))...................(((((.....)))))...((((((((((..(((((((.......((((..(((((((((..............((.((((((((((((((.((.....)).)))))))....((........)).(((((((......(((.........)))........(((((..(((........)))....))))))))))))(((((((.(.((..((.((((((((((((.......)))))......))))).)))).)).).))))))).))))))))).....((((.((((.(((.(((((.....))))).....)))...))))))))....)))))))))....))))...((((.((((((...(((...((((........)))))))..)))))).))))((((((((((......(((((........(((...(((((((((((((......)))))))).)))))...)))........)))))...((((((((((((..(((((((...((((.((..(((((((....)).)))))..)).))))...))).....)))).(((((.....)))))........(((.........))).)))))))))))).........))))))).))))))))))..((((....(((((....((.((((....)))).)))))))...)))).)))))).)))).).)))))))).,-309.4,-0.30939999999999995,0.574
SERPINB13,ENST00000344731.10,3130,folded,1,1000,5prime_first_min_1000_nt,RNAfold 2.7.2,37,,1000,True,0.3792332268370607,0.418,.((((....)))).(((((....)))))(((((((...........)))))))..((((.(((((((.((((((((((((((((....(((((((....(((((((((....((((((((((......))))...)))))).((........)).)))))))))....((((((......))))))........((((....))))...(((((....(((((((((((..((.(((((((..((((.(((((.((...)).)))))..))))....))))))).)))))))).)))))...)))))))))))).((((((....((((..((((((((...((((((((..((((..........((((.((..(((..........)))..))))))...........))))..............(((((((...((....)).)))))))..........)))))))).)))))..........(((.(((((....))))).)))...(((((..(((((..(((((((((.......(((((.(.(((((((.......))))..))).).))))).................)))))))...))..))))).)))))))).))))...))))))((((.((....)))))).....))))).........))))))).))))))))))).))))..........((((((((..(...(((((......)))))...........(((((.((.....))..))))).)..)))).))))(((((((((.((((.((...((((((.((...((((.....((((((((...................(((((((.(((((.((((.((....)).)))...).)))))...)))))))......((((((.((..(((((.......)))))))))))))))))))))...))))...))..))))))....))))))...)))))))))..,-243.6,-0.24359999999999998,0.596
SLC12A7,ENST00000264930.10,5300,folded,1,1000,5prime_first_min_1000_nt,RNAfold 2.7.2,37,,1000,True,0.6111320754716981,0.641,.(((((((.((((((.(....))))))).))).))))(((((((((((((((...(((((..((((((..(((((..(((((.(......))))))..))))).(((....)))((((.((((((((.....((((((.......(((.(((((((((....)))).))))))))..((((.((......)).))))...(((....)))............(((..((((.((...)).)))))))..........(((((((((((((............)))))))))))))....)).))))..)))).((((((....((((((.....))).))).....))))))...((.((((((..((((.(.(((((((.((((.(.(((((.((((((.((((((((..(((((((((.....(((((((.....(((((......))))).(((..(((......))))))(((((((((...(((((.....))))).....))))))))).)))))))))))).)))))))).)))).))).(((((.......)))))(((..((((((((...((((((((((((.((((.((((...((.(((((((((.((((.(................).)))).)))))))))))...)))).))))(((.((((((((((((...((((.(.((...)).).))))((((..((((...(((((((....(((((....)))..))......))))))))))))))).......)))))))))))))))((((((.(((....))).)))))).........(((((((((...)))))))))))))))))))))...))))))))..))).(((((((.((.((....)).)))))))))))).))))).)))).).))))))).))))))))))))).....)))).)))).....))))))..))))).)))))....)))))))))).....,-448.2,-0.4482,0.67
SLC22A25,ENST00000306494.11,8192,folded,1,1000,5prime_first_min_1000_nt,RNAfold 2.7.2,37,,1000,True,0.42333984375,0.445,.((((((((((((((((.(((....((((((((((.......)).))))))))..)))..)))).))))))..(((...))).))))))(((((((..(((((((((((((..(((....(((.....((((.(((((.(((...((((((.........).)))))((.((((((((((((((((((.....((((((....))))))....))))).))).)))))))))))).((....))(((((((.......)))))))))).))))).)))))))))).))))))).((((....))))))))))...)))))))((((.(((((..((.((((.(((.(...(((((.(((((...))))).....(((((..((((((....((..((....(((((.......)))))..))..))....)))))).)))))....(((((((((............)))))))))...(((....)))(((..(((((........)))))..))))))))....).))))))).))))))))))).......(((((...(((((((((((((.......)))))))...((((((((.(((((.((((((((....)))))))).((((((.......)))))).(((((((.(((..........))).)))))))((((((........))))))...))))).................(((.(((...))).))).((((...((((........))))....))))))))))))(((((((.....(((((.((((((..(((......))))))))).)))))....))))))).((((((.........(((((((........)))))))(((((......)))))(((((((((((((((((...........)))))))))).))).))))............(((........))).))))))........))))))...))))).,-304.9,-0.3049,0.636
SLC25A12,ENST00000422440.7,3936,folded,1,1000,5prime_first_min_1000_nt,RNAfold 2.7.2,37,,1000,True,0.4247967479674797,0.438,...(((((.(((.(((((((........((.(((..(((........)))..))).))((((....))))........(((((....)))))..(((((....))))))))))))..)))))))).........(((((.((((((((((..((((.((((((((((((............)))))...)).))))).))))(((((((((.((((((((((.(((........))).)))))..))))).)))))))))...(((((.((((.....)))).))))).......((((.......))))..(((((((((((.(((..((((....(((((((((((((...(((...(((((..((((((......(((((((..............(((((........))))).((((((((....((.(((.((((((......))))))...)))))...........))))))))((((((((....))))))))....(((((((((.......((.(((((.......).)))).)).......))))).)))))))))))))))))..))))))))..))))))......)))).))).....(((((((...))))))).)))).)))..)))))))))))(((((.(((....(((((((...(((((((((((((..((((((...((.((((.((((((........))))))))))))....((((......))))..........)))))))))))).....)))))))(((((((.(((((..((..((((.((((((..........((..((.(((((((...))))))).))..))..........)).)))).))))..))))))))))))))..((((.(.(..(((((..........)))))..).))))).))))))).))))))))...))))).))))).)))))...((..((((.....))))))......,-275.3,-0.2753,0.624
SLC29A2,ENST00000357440.7,2455,folded,1,1000,5prime_first_min_1000_nt,RNAfold 2.7.2,37,,1000,True,0.6061099796334012,0.633,((((...((.((..((((.(((.((((.((((((((.((((((((((((((((((.....((((((((..((((...(((......)))...))))..))...))))))....)))))))).))))))....(((.(((........))).)))(((((((.((...)).))))).)))))).)))...)))))..))))......))).)))).)).)).))))....((((((((((....))(((......)))..((((.(((((.((((..............)))).((((((..(((((((((..........((((..((((((((......((((((((.(..((((((((((.((...........((((((..((((.((.(((((((((((..((((((((....................((((((.(((((((.(((....))).)))))))..((((((...((.(((......)))))...))))))(((.(((((((..(((((.(((((....(((....(((....))).)))..))))).)))))..)).))))))))............))))))......))))))))......))))))))))))).)).))....))))))(((((......(((.(((((((....)))..)))))))....))))).....((((((........))))))(((.(((((((.....((((((((......))))).)))..)))))))))))).))))))))))..).))..)))))).....((.(((((.......(((...(((.(((........))).)))....)))...))))).)).)))))))).))))........)))).))))).))))))))))))))).((((((......)))))).........(((((((..((((.((((..........)))).))))..)))))))......))))))))...,-387.0,-0.387,0.618
SNORD46,ENST00000364043.1,104,folded,1,104,5prime_first_min_1000_nt,RNAfold 2.7.2,37,,104,False,0.4807692307692308,0.4807692307692308,.(((.(((((((......((.(((((..(((((((.(((((((.(..((...)).))).)))))..))).))))))))).))......))))).)).)))....,-28.3,-0.27211538461538465,0.6538461538461539
SPTLC2,ENST00000216484.7,8034,folded,1,1000,5prime_first_min_1000_nt,RNAfold 2.7.2,37,,1000,True,0.4334080159322878,0.489,...((((((.((.((((.(((((.....((((((...(((((((((...)))))).....(((((.(.((((....)))).).)))))))).))).)))..)))))..)))).)))))))).(((((((.........((.(((((((((..((((((((((....)))))....((((....))))....(((((..(((...)))..)))))((.((.......)).))((((....))))............((((....)))).))))).))))))))).))..((((((.(((((.....((((..(((((((.((((....))))))))))).)))).......)))).).))))))........(((((.......(((.(((((((((..(((((..(((((((................)))))))))))).................(((......))).(((.(.((((((.(((((((((.......((((((.(((.....))))))))).....))))..))))).))))))).))).........(((.(((((((((((..(((..((.(((((.(((.((.(((((((((....)))...(((((((....((.((((((((..((((.(..((((((...((......))...))))))..)))))..)))).(((((..((((((................))))))....)))))..(((.(((....))).))))))))).)))))))(((((((...)))))))..((((.((((.((((((((..(((...((((.((.((..((.(((((((............))))))))).)).)).)))).).))..)))))))).......)))).))))............)))))).)).)))..))...)))..))..)))..))))))))).)).)))..)))))))))..))).........))))).))))))).,-304.9,-0.3049,0.616
SRXN1,ENST00000381962.4,2528,folded,1,1000,5prime_first_min_1000_nt,RNAfold 2.7.2,37,,1000,True,0.5174050632911392,0.591,((((((((((.(((.((((((..(((.(((.(((....((((((((((...((((.(((..((.((((.((...)).))))(((((((((((.(((((((.((((((((((..((....(((((((.(((..(((((((.....))))))))))))).))))....))..))))))))))))))(((.((((.....(((.(((((((((.((((.....)))).)))).....((((.((((.....)).)).))))))))).)))...)))).))).((((((....)))))).((((....))))..))).)))))...))))))....((....)).........))..)))))))...))))))))))((((((((((..(((....)))((.((((((((((.............))).(((((.(((.....))).(((((((.(.(((((.(..((((((........((((........))))))))))..)...)))))).)))))))((((((.......))))))(((.(((((((.((.......))...))))))).))))))))((((((.(((.((...(((((((.((((((((....))))))))..)))).)))...)).))).))))))...((((.........))))..((((..(((..((((((((...))))).))).)))....))))....)))).))))).(((((((...(((......((((((((((....))))))))))..........(((((...((((....))))..)))))((((...((((((........))))))..))))...))).))))))).)))).))))))....(((..(((......)))..)))..((((((((((((........))))))..))))))...)))..))).)))..)))))).)))))......))))))))........((((((....)).))))..,-404.4,-0.4044,0.652
STAM2,ENST00000263904.5,5472,folded,1,1000,5prime_first_min_1000_nt,RNAfold 2.7.2,37,,1000,True,0.3532529239766082,0.423,....(((((..(((((((((........)))))).((((.((((....)))).)).)).(((((..(((((((((((..((((.....)))).))))))))(((((((..((....))..)).))))).)))..)))))....(((((........(((((......)))))..(((.(((..(((((..(((((((...((((......))))...(((..(((((((((((...((((....)))).....((((((((.................)))).))))......(((((((..(((((.(((((((.((((......)))).))))))).)))))..)))))))..(((((((.....))))))).))))...)))))))..)))....(((((((((((.(((....)))..))).......)))))))).........)))))))..)))))..))).)))(((....))).)))))....((((((((((((((.((((((..........(((........)))(((((......)))))...))))))..)))))))(((((((((((((((.......((.((....)).))....((((((.(((((.....(((((....))))).........((((............)))).................(((((...(((.(((((((...(((((....(((.(((((((.(((.....)))..))))))))))....)))))....)))))))........(((((.........)))))....(((((((((......)))))))))(((....)))))))))))............((((........)))))))))..))))))...........................))))))))))).)))))))))))..((..(((((..((((.........))))....))))).)))))..)))))..........,-273.7,-0.2737,0.576
TMED8,ENST00000216468.8,7761,folded,1,1000,5prime_first_min_1000_nt,RNAfold 2.7.2,37,,1000,True,0.430099214018812,0.566,.........(((.((.((((((((...(((((((...((((.(.((((((((((((.(((((...((((.(((((..(((....))).)))))))))..))))).)).)))).)))))).)))))(((((((((((((.(.(((....)))).)))).(((..((..((.((......((((((...(((((....(((((((.((((...(((((...(((..((((((((((((((((.((...((((((((...........))))))))(((((((((((((((...(((((((((...((.((((.((((.((((......)))).))))..)))).)))))))).((((((.((((..((.((..(((........)))))))..))))))))))...(((.....))).(((.(((((......(((((.......)))))))))))))..)))...)))))))))))))))((((((.........))))))((.((((((...(((((.((((((...(((((((((((....)))))))..))))...))).((((..(........)..))))....))).))...)))..((((((..(((..((....))..)))..))))))))))))))....))))))).)))).))......((((((.......))))))(((((...((((((.(.((((((..((((...((.((((..........))))))..))).)..)))))).).))))))..)))))..)))))..))).((((..(.((....)).)..))))..)))))...))))..)))))))..))))).))))))((((((.(.(((((....((((.((((((((..(((.((.....)).)))..))..))))))))))..))))).).))))))....(((((......))))).)).))..)).))).))))))))))))))))...)).)))))).)).))),-386.3,-0.38630000000000003,0.668
TMEM100,ENST00000424486.3,1755,folded,1,1000,5prime_first_min_1000_nt,RNAfold 2.7.2,37,,1000,True,0.40854700854700854,0.49,(((.(((((...(((((((((((....((((((.....(((((...(((((..((..(((((.((((...(((((.....)))))((((((((.........))))))))...................(((((((...)))))))(((.((((((.(((.....)))..)))))).)))))).)))))).(((((.((((((((((((((((.(((.(((((((((....)))))(((((((....((((((.(((((((((..((((((.(((((.(((......))).))))).(((....)))....(((((.(((.((((.....(((....)))..(((((.....)))))....(((..(((.((((((((..((.((((.((((((((((((((...((((.(((((((((..((((.(...........).))))...))))))).))..(((......)))(((((.(((..........))).)))))((((.........)))).(((((...))))))))).)))))))))).))))...)))).))....)))))))).)))))).)))).))).)))))))))))...)))))))))..((((((((...))))))))..))))))....))))..)))...((.......))((((((......))))))((((((((((((((((((......)))).........((((......((((((....)))))).....)))))))))).))))))))........((((.........)))))))))))..))))))).)))))..)))).)))))....))..)))))...)))))..))))))...((((((((((.(((....))))))))).))))....((((....)))))))))))))))...)))))......(((...((((..(((((..(.(....))..)))))..))))...)))....))).........,-331.1,-0.3311,0.642
TMEM14A,ENST00000211314.5,988,folded,1,988,5prime_first_min_1000_nt,RNAfold 2.7.2,37,,988,False,0.3876518218623482,0.3876518218623482,.((.(((((.((((((((((((((((((...((.((((..(((((.....)))))....)))))).)).)))))))))((((((((....((((....))))..))))))))...(((((((.(((((((((.............(((((..((((.....)))))))))..))))))))).(((((((((....(((((((.(.........(((((.((((((((((((........(((((((................))))))).)))))))..))))).))))).........))))))))..))))))))).......)))))))..)))))))..((((((((((((((((..(((((.....(((((((.(((((..((((((..(((.(((((..((((.((((.((...)).)))).)))).))))).)))((((((..(((..(.((((((((((.......))).)))..)))).)....)))..))))))................(((((((((.((..(((((((((((((((..........))))).....(((((......((((....))))))))).(((((.....)))))............(((((.(.....)..))))).....(((((((........))))))).............))))))..)))).)).)))))))))..(((((((.(((((...))))).)))))))...((((..(((((.((......))...)))))..))))....(((.(((.....))).)))...(((((((((.........)))))))))(((.((((.(((((((.....((((........)))).))))))).)))).))).)))))))).))).))))))).......))))).))))).))).)))))))).....((((((....))))))................))))))).....,-260.0,-0.2631578947368421,0.6194331983805668
TMEM214,ENST00000238788.14,2978,folded,1,1000,5prime_first_min_1000_nt,RNAfold 2.7.2,37,,1000,True,0.5691739422431162,0.586,..((((((((((....))))......(.((..(((((..(((.(((..(((.((.((.......)).)))))..((((((((.(((((((((((.(((((((((((.(((.((.((((....)))).))))).)))))..((((((((.((.((((((((.(.(((((............((((....))))..))))))))))))...((((.(((((..(((((((..((((..(((((..(.((..(((((((.(((((......((((((((((.((((........)))).))))......(((((.........((.(((......))).))...((((..((((((...((....((((((((((.((((.(((....((......))....))).)))).)))))...)))))....))...((((......((((((......)))))).......))))..)))))).)))))))))..((((............))))....))))))...((((......))))..))).))....)))))))..)).)...)))))((((((((((.((((.(.(((......))).))))).)))))....(((((((((((...(((....)))...)))).))).)))))))))..(((((((((.(((.....(((.(((((((((.((((...(((((...((.((((......(((.(((..((.......))....))).)))..((...((((.((((.((((...)))))))).)))).))..)))))).)))))....)))).))).((((...)))).)))))))))...))).))))).))))))))..)))))..))....))))))))))).)).))))))))..((.((((.....))))..))..))))))....)))).)))))...)).))))))))....))).)))..)))..))..)).)))))))..........,-366.9,-0.3669,0.628
TRIM16L,ENST00000641182.1,1176,folded,1,1000,5prime_first_min_1000_nt,RNAfold 2.7.2,37,,1000,True,0.5306122448979592,0.533,((((.....)))).....(((((((((((.((((......(((.......)))..(((((.....((((...(((((((((.....((((((((((((((..(((((.(.((((..(((.((((.((..(((((..(((((((((((((((.(((((.......(((.(((((((((((..((((((((((....))))).)))))...((((((((((..(((..(((.((((..(((.(.((((.....)))).).)))..)))(((...((((..((((((((((((.(.....((........)).....).))))))))(((.((.....)).)))......(((((((((((.......))))...)))))))......(.((((((......)).)))).).((((...........)))).....))))..))))..)))..((.((((((...............)))))).))(((((....))))).((((.((....))..)))).).)))..)))...)))))))))).))))))).........)))).)))))))).))))))...))))).))))....)))))..))))))))).))))).))))).))))..(((.(((((((.((((((((((.((.((....)))).))...(((..((...(((((..(((......))).)))))..)).))))))))).((((.(((((...)))))))))((((((..((((((....)))))).)))))))).))))))))))))))))))))......))))))))).))))....)))))...((((((((((....(((....(((((((....((((....(((((((((((...((......))..)))).)))))))......))))....))))).))(((......)))...)))..))))))))))..)))).))))))).))))...((((....))))......,-348.0,-0.348,0.64
TSSK3,ENST00000373534.4,1026,folded,1,1000,5prime_first_min_1000_nt,RNAfold 2.7.2,37,,1000,True,0.5497076023391813,0.552,.((.((((.(((((.(((((....(((....)))....))))).))))).)))).))......(((((((......(((((((((...(((((((((.(((....((((((((...))))))))....(((.((((((((..(((.(((((((((.(((..((((((...((.......((((((((((...((....))......)))))))))).(((((((((((((((((((....(((............((((((.((....((((((.........((((((....(((.....))).....)))))).........((((((((((((((((((...(((((((((((((((..............)))))).))))).)))).(((......))).((((........))))....)))))))).))))))))))(((((.(((((((..(((.((((..((((((((...(((((.....)))))...))))))))....)))))))))))))).))))).....))))))..)).))))))(((((...))).))(((...((..(((.((((((...))))))))).)).))).)))...)))))))(((((.(((..(((((.((....)).)))))..).)).)))))..(((((..(.(((((((.......))))))))..)))))(((.((((.((((.((...............)).)))))))).))).)))))).))))))))...)))))))))))))).)))).)))............(((((((((....((((((....))))))...)))))))))......))))).))).)))..))).))).)))))).)).)))))))..((((((...(((...........)))...))))))...........(((((((((...)))..))))))..(((((((.............))))))))))))))....,-403.8,-0.4038,0.636
TXNDC17,ENST00000250101.10,1917,folded,1,1000,5prime_first_min_1000_nt,RNAfold 2.7.2,37,,1000,True,0.41784037558685444,0.43,.....(((((((..(((((....)))))(((((.((((((((((((.(((((..(((....(..(((((((......)))))))..).....)))..)).))).))))))).)))))(((((((...)))).)))((((((...(((...(((((..((.(((((.(((((...)))))))))))).)))))...)))...........(((.((((((((......((((...((((((...((((((.(((((....))))).....(((((((((....(((....(((.......(((.(((.(((.....))).)))..))).......))))))....)))))).))).(((((....)))))......(((((((.((((((((((((.(..(((((((..(((.......)))..)))))))..).))..(((((((......)).)))))...(((((..((((...........))))..))))).....((((((...((((.....))))))))))..((((((.(((((......(((.....))).....))))).)))))).............)))))))))))))))))...))))))...(((((....)))))..(((((.......))))).....))))))...).)))))))))))..)))...))))))(((((((....)))))))...............(((((((...)))...))))(((((((.....................)))))))...((((..(((((...((.(((..(((((((((((..((.....(((..((((((..((((((.(((((.(((((.........))))))))))))))))......))))))...)))....))..)))...))))))))..))).)).))))).)))))))))...)))))))..............(((((((.((((......)))))))))))..,-277.6,-0.2776,0.606
ZMIZ2,ENST00000309315.9,5228,folded,1,1000,5prime_first_min_1000_nt,RNAfold 2.7.2,37,,1000,True,0.618592195868401,0.676,......((((((..(.((((((.(((......((.(((((((.((.((((..((((.((.(((((((((((.((((((((((.(((.(((((((((((((((((((((((((((.((((.....)))))))..))))....((((((((.....))).))))).((((.....))))...))))))))))..)))))))))))))))........((((.....))))......)))).)))).)))))))...(((((..(((((((.......(((((..((((.(((....))).)))).)))))((((((......(((((((..((.((((.....((((((((..(((.........(((.(((......((((....))))..))).)))...((((((((((((.((.(.(((.......))).))).)))))))..)))))))).....))))))))))))))..))))))).((((((.(((...))))))))).....(((((.(.((((((..((.(.((..(((((.((((.((......)).)))))))))..))).))..)).)))).).))))).((((((((((((((((((((.(((((((((((((((((((.((.(((((.((..((..(((((.((((.((((((((((..((((..((....))..))))..))))))))))........((((((((...))).))))).).))).))))).))..)).))))))).))))))..((.(.((......)).))).)))).))))))))))))).....)))))))))).))))))))))))))))))).))))).....((((((((.....)))))))).)))).))))))..)))).....))))))))).)).........((.((((.(((.((..((((((...))))))))))).)))).)).(((((((....)))))))))).)))))))..).))))),-509.3,-0.5093,0.694
ZNF157,ENST00000377073.4,2516,folded,1,1000,5prime_first_min_1000_nt,RNAfold 2.7.2,37,,1000,True,0.435214626391097,0.476,((..(.(((((.(((((..(((((((((((.(.............).).))))).))))).......(((((((.((((((((.((.....(((((((.....((((.(((........)))))))....(((...(((((....)))))))).((((((((((((((((((((((((..........((((.(........).))))))))))))).....))))))..))))))))).....((((....)))).(((((........)))))..))))))))).))))))))..(((((((...(((.((....(((((..((....))..)))))....)).)))......(((((....))))).))))))).......(((.((((((((.(((.(((((((((...(((((....)))))..))))(((((((((....)))..(((((........)))))((((((.((((.......))))))))))...(((((.((......))..)))))......(((((((((.((..((((...(..(((..(((((..........)))))..)))..)..)))))).)))))...))))(((........))).........))))))...)))))))))))))))).)))((((.((((.((((.((......)).)))).))))...))))........))))))).............))))).))))).)..))..............((((.((((((..(((.(((((.........((((((((.((.(.(((..((..((........))..))..))).))).))))))))...((((((...)))))).....(((((.((((((........(((...((((......)))).))).....))))))))))).....))))).))))))))).))))...................(((((.(((.......)))))))).,-303.6,-0.30360000000000004,0.588
ZNF219,ENST00000360947.8,3055,folded,1,1000,5prime_first_min_1000_nt,RNAfold 2.7.2,37,,1000,True,0.7018003273322422,0.735,...............((((.(((.((((((.((((((.....)))))).))))))(((((.(.(((((((((((((((((.......)))))).(((((((..........))))))).(((((((((((.....((((.(((......)))))))......)))))))...)))).))))))))))).).)))))((.(((((((((.((((((((((((((((((((((((.............)))))))))).(((.......)))))))).)).)))))))))).)))))).))((.((....)).))(((..(((((((((..((((.....)))).......(((.(((.(((((........)))))....(((((..((((((.((((((...........))).))).)))))).....)))))((((((..(((((...(((((((((((.((..(((((.((((((.((.....)).))))))((((......)))).........((((.....))))).))))))))))))))))).)))).)..)))))).))))))(((((..((.(((((...((((((((((((((...))).).))))))))))..))))))))))))...(((((((((((...(((((((.....(((((((..((((..((((.(((((((.(((((...))))).(((((..((((((.((.(((((........)))))..))..)))))).)))))...((.(.((((((((.(.((((..(((..((((((....((.((((......))))..))))))))(((.....)))..))).)))).)))).)))))).)).........)))))))))))...))))...)))))))....)))))))................)))))).)))))..........))))))))))))...(((...((((.....))))..)))..)))..)))),-502.8,-0.5028,0.656
ZNF417,ENST00000312026.6,4685,folded,1,1000,5prime_first_min_1000_nt,RNAfold 2.7.2,37,,1000,True,0.44055496264674493,0.512,......((((.(((.(((((.((.(((((.((((((((((...(((...)))...)))))))))).))).)))).)))))((((...))))((((((...(((((..(((.((.(((((....)))))..)).)))....)))))...)).)))).((((((((((((.(...((.(((.....(((((((((((..(..(((((((((((..(((((((.((((((((((((((((((.((((....((.((((.((((.((..(((.((((((((((.((((((..(((((((.........(((((((.(((((.....)))))..)))))))(((.((.(....(((((....)))))....).))))))))))))...))).((((.(((((......))))).))))......((((.(((.....))).)))))))))))))))))))))))))).)))).))..)))).))))).....((((((((((..((((((.......((....)).......)))))).(((((..(((.(((..(((.(((................)))))).))))))..))))).((((.(......).))))...((.(((((......))))).)).))))))))))((((......))))......)))))).)))))))..)))....(((((((.........)))).)))...))))..))))..))...)))))..)..)))))))))))......)))..)).).))).....))))))))).(((((....)))))...((((......))))(((.....))))))..))))...........((((((......(((((((((.((.....(((((..(.(((.......))).)..))))))).)))....((((((.((((....(((.(((............)))..)))....)))).)))))).........)))))))))))),-330.3,-0.33030000000000004,0.632
